"","FDL_1","FDL_2"
"AAACGAATCGACCTAA-1_1",-0.337616965438098,0.0514218202893809
"AAAGTGAAGGAACTAT-1_1",-0.432338311313077,0.0769741106300459
"AAATGGAAGACGAGCT-1_1",-0.409563395712202,0.0680152370673039
"AACAAAGGTAGCTGAG-1_1",-0.414113076799817,0.0827540786922164
"AACAAGACATAGTCGT-1_1",-0.429952004423044,0.0755711618702223
"AACAAGATCTCGTGAA-1_1",-0.376066016831592,0.0606993460451419
"AACACACAGTTGGCTT-1_1",-0.1858707816539,0.0043234564623492
"AACAGGGAGGTCACTT-1_1",-0.422617761838538,0.0527368639984005
"AACAGGGCACAAAGCG-1_1",-0.403150149959215,0.0932085590271488
"AACAGGGTCGGATTAC-1_1",-0.431022426415941,0.0685858075454446
"AACCAACAGAGCCTGA-1_1",-0.112258792382023,-0.04798804688506
"AACCATGCAAAGTATG-1_1",-0.430824596165461,0.0923871736066475
"AACGGGAAGAAATTGC-1_1",-0.415917256453344,0.0425633184814308
"AAGACTCAGGAGTCTG-1_1",-0.426086378993335,0.0647483767501059
"AAGCCATTCGTGGGAA-1_1",-0.397828027914774,0.0965406935241258
"AAGCGAGGTCACAGTT-1_1",0.0412391809931047,0.0563850601628913
"AAGCGAGTCTGTAACG-1_1",-0.432988414138986,0.0763215617127698
"AAGTCGTAGCGCCTCA-1_1",-0.293974824257086,0.0403119002450557
"AAGTCGTCACGCGTCA-1_1",0.0717938704021881,0.113283539391117
"AAGTTCGGTACCCGCA-1_1",-0.416068676752488,0.0741408717570542
"AATGAAGGTAGTTCCA-1_1",-0.346210571010321,0.0418913083136364
"AATGGCTAGGAGGTTC-1_1",-0.428967377650883,0.102211919898325
"AATTCCTGTCACCACG-1_1",-0.41291361117451,0.0784317841222348
"ACAAGCTCAAGCACAG-1_1",-0.396827474950342,0.0584773748443402
"ACACTGACATGTAACC-1_1",-0.377145702029538,0.0783565438429002
"ACAGGGATCAGCGGAA-1_1",-0.391370946083807,0.0574858609850975
"ACCCTTGTCCCGAACG-1_1",-0.209808510228657,0.0209672179128118
"ACCTGTCGTCACTCTC-1_1",-0.430709688952326,0.0816204163326341
"ACGTACAAGCCGTTGC-1_1",-0.390629878225643,0.08392485175118
"ACTACGACATGTCGTA-1_1",-0.428702581602567,0.104102192738833
"ACTGATGTCCGAGAAG-1_1",-0.414885188275727,0.0992314568037171
"ACTGTGAAGCTCACTA-1_1",-0.406833290189175,0.0432157774388547
"ACTTATCCAGCCTTCT-1_1",-0.404154771492336,0.043764530374119
"ACTTCGCCACACAGCC-1_1",-0.393103971938506,0.0885460587925056
"ACTTTCAAGAGGTATT-1_1",-0.431430553931877,0.0615489587224087
"ACTTTCAAGCAAGGAA-1_1",-0.433680764897859,0.0886424193960139
"AGAACAAAGCCGCTTG-1_1",-0.424400997449234,0.0916474759727078
"AGAACCTAGCAAGGAA-1_1",-0.401030227388087,0.0423426718722352
"AGAGAGCTCCATTGTT-1_1",-0.115697850863892,-0.0229500163336137
"AGATGAATCTTAGTTC-1_1",-0.436571916713669,0.0689568333245968
"AGCCACGTCCATAAGC-1_1",-0.405368436565072,0.0609355550740682
"AGCCAGCTCTTCCACG-1_1",-0.419777376555799,0.0643798036648927
"AGCGATTGTCCTCCTA-1_1",-0.394825597372655,0.0447264446772706
"AGCGTATCACGGGCTT-1_1",-0.426115719396867,0.0617859389483905
"AGCTTCCAGTGCTAGG-1_1",-0.429847763562225,0.0563176316426697
"AGGACGAAGGCTCCCA-1_1",-0.420306507327629,0.095674024254132
"AGGACGATCTTAATCC-1_1",-0.430856682116534,0.0890825681958816
"AGGATAATCTGGACCG-1_1",-0.437693671216047,0.0735331935090205
"AGGCATTGTTGTGCCG-1_1",-0.437010320329447,0.0752863624786924
"AGGCCACTCATGCCCT-1_1",-0.4268731644959,0.109045470085394
"AGGGCCTTCATTATCC-1_1",-0.0963070007917878,0.00338412641831922
"AGGTAGGAGTTAACAG-1_1",-0.415061156823247,0.0587621099932007
"AGGTCATTCAAAGGAT-1_1",-0.415163658561444,0.0839374132262261
"AGGTCTAAGGGCTAAC-1_1",-0.418327272619251,0.041759817754502
"AGGTGTTTCGTTCTAT-1_1",-0.415536514248027,0.0979041609476426
"AGGTTGTCAGCAGTGA-1_1",-0.402512849162519,0.0897003124935189
"AGTACCAGTATTGGCT-1_1",-0.426935892245212,0.100764677195512
"AGTCTCCTCTTAGCAG-1_1",0.0590499981009063,0.0421688649977559
"AGTGCCGTCTCTTGCG-1_1",-0.299502020831527,0.0302352995925975
"ATACCGATCTTCGACC-1_1",-0.419518325425186,0.0775410383499859
"ATAGACCTCAACCCGG-1_1",-0.435984420055246,0.0679079307782242
"ATAGACCTCTCGGGAC-1_1",-0.411326932429493,0.072383772157152
"ATAGAGATCGTGTGAT-1_1",-0.421536872778084,0.0582156338750576
"ATCACGAGTGCTTATG-1_1",0.0195932683470075,-0.0226175844103695
"ATCCGTCGTTGCGAAG-1_1",-0.367396254266122,0.0621740235672541
"ATCGGCGAGCGGGTAT-1_1",-0.397517829618881,0.0488204187268697
"ATCGGCGCAACGGTAG-1_1",-0.400108328614822,0.0720441202475162
"ATCGGCGGTCCACATA-1_1",-0.429959785674745,0.101825828593252
"ATGAAAGCATGCCGCA-1_1",-0.416503972872326,0.0420365411981837
"ATGAGGGTCTCTCTTC-1_1",-0.415764848249443,0.0674472339074118
"ATGCGATCACGGTGAA-1_1",-0.424903656275791,0.0776895356870715
"ATGGATCCAAATAGCA-1_1",-0.43286687112464,0.0797412926950087
"ATGGTTGTCCCGATCT-1_1",-0.42880190688025,0.108537576380816
"ATTACCTCAGCGGTTC-1_1",-0.43356499563679,0.0747158065137744
"ATTCAGGGTATTGCCA-1_1",-0.304538472586719,0.0200761453667364
"ATTCATCCAACCGACC-1_1",-0.396143462311167,0.0803853200173262
"ATTCATCGTGTAGCAG-1_1",-0.244577059540619,-0.00495110129141327
"ATTCCATAGAAATTGC-1_1",-0.111063165376505,0.0210170280640092
"ATTCGTTAGATGCTGG-1_1",-0.417961613931903,0.0913794502953681
"ATTCTACGTATCCTCC-1_1",-0.431167919059608,0.0646435299103653
"ATTTCTGCACCAAAGG-1_1",-0.418554208819014,0.0805554127979958
"CAACAGTCACTGAGTT-1_1",-0.429321119816833,0.0670353774590043
"CAACCTCAGACTTCGT-1_1",-0.384930175290322,0.0767776917213626
"CAACCTCAGTTCATGC-1_1",-0.407550406977318,0.0736371138325929
"CAACGGCAGTGAGTGC-1_1",-0.403667485344138,0.0784633241472183
"CAAGACTGTTTCCAAG-1_1",-0.396610703824609,0.0599028462393508
"CAAGCTATCATTCGTT-1_1",-0.40415709406179,0.0657361378443084
"CAAGGGAGTGTCATCA-1_1",-0.398707030904596,0.0700938406603666
"CACAGATCAGAGCCCT-1_1",-0.407661243860849,0.0542217615063184
"CACCAAATCCAGCCTT-1_1",-0.41176066857279,0.0964284748720629
"CACGGGTTCCATTTGT-1_1",-0.416789529596464,0.0999024534728052
"CACTTCGTCGTAGGGA-1_1",-0.392838689966475,0.0639284638301241
"CAGATTGTCTGCATAG-1_1",-0.408822859021507,0.100211003838586
"CAGGCCACAGCTACCG-1_1",-0.414603212528489,0.0607069957529531
"CAGGGCTCACCTATCC-1_1",-0.432994550073305,0.0957722846385126
"CAGGGCTGTGGAAGTC-1_1",-0.429322723308673,0.0963994413490409
"CATACAGGTTAAGGGC-1_1",-0.426538978974122,0.107927031113538
"CATACAGTCGAATGCT-1_1",0.144830953904775,0.170050075577485
"CATACCCTCTTGGATG-1_1",-0.377137156075995,0.0690032326201757
"CATACTTTCATTCCTA-1_1",-0.105539092814046,-0.095952531762726
"CATCAAGTCGCCGAGT-1_1",-0.429416144735424,0.0781729682168544
"CATCCACTCACCGCTT-1_1",-0.399128567159506,0.0963690709116742
"CATCCCAAGAATCTAG-1_1",-0.426179794053153,0.08371948737511
"CATCCCAGTGGCCCAT-1_1",-0.43570944254712,0.0573491587207167
"CATCCGTAGGGAGTGG-1_1",-0.432279717812168,0.051191655592687
"CATCCGTGTTGGCCTG-1_1",-0.384202689805811,0.0585189751243311
"CATGCCTGTAGATGTA-1_1",-0.438228471048944,0.0551638365160088
"CATGCGGGTAATCAAG-1_1",-0.408281404515048,0.0779997751460682
"CATTCATCACCTCAGG-1_1",-0.399708816094433,0.0459427081371129
"CATTCCGGTAGCGCTC-1_1",-0.430782433359417,0.0632951735386095
"CATTCCGGTCTGGTTA-1_1",-0.431224907987253,0.0849713236488864
"CATTGAGCAGATCCAT-1_1",-0.426135992626245,0.0577762208802337
"CATTGCCCACGGTGCT-1_1",-0.419239885323513,0.0749302578150236
"CATTGTTGTACGCTAT-1_1",-0.437757891930244,0.0595293113571233
"CCACACTGTGGATTTC-1_1",-0.395822903188575,0.0488872631197508
"CCACGAGTCTCAACCC-1_1",-0.428651159731914,0.0622027287938766
"CCACTTGGTGCGGATA-1_1",-0.428639893725568,0.0676962352202551
"CCCAACTGTTGCTCGG-1_1",-0.418631350958145,0.0990039813879703
"CCTACGTAGCGACCCT-1_1",-0.421023149804271,0.0860118691356011
"CCTCAGTGTGTCCACG-1_1",-0.363138693541595,0.0564582248648112
"CGAAGTTAGCGAACTG-1_1",-0.425721660048901,0.070662507345059
"CGAGGCTGTTAATCGC-1_1",-0.420089368267105,0.0724255383246994
"CGATGGCTCTTTGCAT-1_1",-0.432182491038661,0.0895851955006095
"CGCCAGATCACCCTGT-1_1",-0.413406672311802,0.0675779101127822
"CGCCATTTCTGCGTCT-1_1",-0.4095218893396,0.058480916966711
"CGGACACGTGAGGCAT-1_1",-0.386350966677345,0.0586917979658019
"CGGAGAAGTGGAACAC-1_1",-0.397660073333563,0.0563336321989018
"CGTAGTATCCAACCAA-1_1",-0.428014262358292,0.106848304356107
"CGTTAGACATACATCG-1_1",-0.414114945125483,0.0666146142031745
"CTAACTTCACAACGAG-1_1",-0.148791751454856,0.00554100201970885
"CTACCCAAGTATTGCC-1_1",-0.420013798211728,0.0672632357545556
"CTACGGGAGTTGCCCG-1_1",-0.399270123023014,0.0736506384588086
"CTACGGGTCTGGCCTT-1_1",-0.408696864052259,0.045849281826751
"CTCAATTGTCGTCATA-1_1",-0.426294629165192,0.102848047694131
"CTCATCGCATTGCCTC-1_1",-0.4284482876787,0.0718686361581298
"CTCCCAACACTGGCGT-1_1",-0.431457459422857,0.066951752981493
"CTCCGATTCTAGGCCG-1_1",-0.420830917091027,0.101842707840492
"CTCGAGGGTCTACGAT-1_1",-0.426129822331402,0.0485047337247698
"CTCTCGAAGACGATAT-1_1",-0.435214449938188,0.0534306228580894
"CTGAATGGTCCGATCG-1_1",-0.405602011370665,0.0544877937544195
"CTGAGCGCAGAGTAAT-1_1",-0.420175224920591,0.0579496719730364
"CTGAGCGGTATGTCCA-1_1",-0.432706586571966,0.0727262483800291
"CTGCAGGGTCGATTCA-1_1",-0.41526801094296,0.0513618886589305
"CTGCCTAAGCACCAGA-1_1",-0.382606437950998,0.0731323390285138
"CTGGACGGTCTGTGCG-1_1",-0.390495696111874,0.0564875973859161
"CTGTAGAGTAAGACCG-1_1",-0.432207888403043,0.0986242584025756
"CTTAGGAGTCGATTAC-1_1",-0.431053595796765,0.0942337275816881
"CTTAGGATCGATCCAA-1_1",-0.419863752264289,0.0937809890358224
"CTTCCTTCACTTCTCG-1_1",-0.39951627624565,0.0584467657472685
"CTTCGGTGTGACATCT-1_1",-0.416040330821318,0.0759557099423887
"GAATCGTGTTCCAGGC-1_1",-0.356774926085623,0.0435184674812878
"GACCTTCGTACCTTCC-1_1",-0.423990622942813,0.110688116702216
"GACGCTGTCAGCAATC-1_1",-0.429602442625761,0.103173712178949
"GAGCTGCCATCAGCTA-1_1",-0.433858316727539,0.0866372272325066
"GAGTTACAGACAGCGT-1_1",-0.370862570427184,0.0743319273075693
"GAGTTACCAACGGCTC-1_1",-0.397465153694308,0.0734156864654427
"GAGTTTGCACATATCG-1_1",-0.405137804579981,0.0483213429317955
"GATAGAACAGTGGTGA-1_1",-0.430617239476714,0.102731768608896
"GATCACAGTAACAAGT-1_1",-0.434581737122227,0.0744891051921778
"GATCACATCCTTATCA-1_1",-0.202005984841583,-0.00600801858346687
"GATCCCTAGGTAGCCA-1_1",-0.156840199577106,-0.0085631012727032
"GATGCTAGTGCCTAAT-1_1",-0.363088087693308,0.0509938409237403
"GATGGAGCAACAGTGG-1_1",-0.373018729685194,0.0768477108685481
"GCAACATAGCTGTTAC-1_1",-0.389696823363905,0.0657177211727489
"GCAGCTGTCCTAGCTC-1_1",-0.397598794513935,0.0473582693963548
"GCATGATAGATGCTTC-1_1",-0.412632693134077,0.0752383440921965
"GCATGATCAATGCAAA-1_1",-0.434649174581955,0.0629956264766896
"GCATGATGTCGCTGCA-1_1",-0.429800873211373,0.0645137121533865
"GCATGATTCACGTCCT-1_1",-0.408172666392481,0.0814871159246501
"GCCGTGACAGTGAGCA-1_1",-0.421529995055577,0.0711363360824578
"GCGAGAAGTATGCGTT-1_1",-0.415020334547238,0.0610868340292467
"GCTACCTTCTATTGTC-1_1",-0.395569488208338,0.0466220899052963
"GCTACCTTCTTTCAGT-1_1",-0.430110977341005,0.100473576278311
"GCTCAAATCTCTGGTC-1_1",-0.396131423621249,0.0588745232633653
"GCTTCACGTTGGGTAG-1_1",-0.403286931904906,0.0550518380421022
"GCTTTCGGTCCAGTTA-1_1",-0.39763223190344,0.059127922632806
"GGAATGGTCCCTCAAC-1_1",-0.424497910063227,0.109669308090152
"GGAGAACCACAGCTGC-1_1",-0.437946997548374,0.0740242643203342
"GGAGATGCAAACGTGG-1_1",-0.404660687072124,0.051549643400657
"GGAGATGCATTGCTGA-1_1",-0.392019559480421,0.0691333358518802
"GGAGCAAAGGATTACA-1_1",-0.431698780052017,0.0797676110423782
"GGAGGTAAGGGCCCTT-1_1",-0.42082839790046,0.0984111363295741
"GGAGGTATCAACCTCC-1_1",-0.432264165938582,0.0937215694524778
"GGATCTAAGTGATTCC-1_1",0.0722112676758922,-0.0688998221296416
"GGCGTCAGTACAAAGT-1_1",-0.423609376879891,0.0868353244098365
"GGGAGTACAACCACAT-1_1",-0.434122470140326,0.0681492166033432
"GGGCCATAGCGTTCAT-1_1",-0.417837360042618,0.0476005584777462
"GGGCGTTGTCCATAGT-1_1",-0.359879638174667,0.0670401083552713
"GGGTCACAGAAGTATC-1_1",-0.424655573592156,0.0592204511571336
"GGGTGTCAGCTTCTAG-1_1",-0.422526695440564,0.0492586050627239
"GGGTTTATCGGAGATG-1_1",-0.428932564898542,0.104881960323148
"GGTAATCCAAGAGTGC-1_1",-0.190023448880638,-0.0214993800838967
"GGTAGAGTCCATTTGT-1_1",-0.431589106630436,0.0849677194603394
"GGTCTGGAGGTTGCCC-1_1",-0.422128651498933,0.0898333466080055
"GGTGAAGGTGGTCTGC-1_1",-0.426332018167031,0.0679728668492588
"GGTGGCTAGGGAGGTG-1_1",-0.341832048337943,0.0559110643675518
"GTAATCGAGTGATTCC-1_1",-0.438591040394032,0.0701930598370172
"GTAATCGTCGCTAATG-1_1",-0.400663094427789,0.058692150179859
"GTAATGCTCTGGGCGT-1_1",-0.419558329032958,0.0795762627049206
"GTACAGTAGTAGGGTC-1_1",-0.413743182758069,0.0805888617087661
"GTACAGTAGTTGCTCA-1_1",-0.425698870012003,0.0849471041209871
"GTCAAACGTCCACACG-1_1",-0.393860349027092,0.0826456724070066
"GTCAAGTCAGTGACCC-1_1",-0.3904053086872,0.0537587614821533
"GTCACGGAGGGAGGGT-1_1",-0.427498072143771,0.106138895846841
"GTCACTCAGCCGTCGT-1_1",-0.411701358555379,0.0579415586340147
"GTCACTCCATCCCGTT-1_1",-0.428393019121693,0.10232369113108
"GTCATCCTCGTAGCTA-1_1",-0.375087171878298,0.0698559758178449
"GTCATTTGTAACCCGC-1_1",-0.424948692187836,0.0642930959278776
"GTCCTCAAGGAATCGC-1_1",-0.429628783813856,0.104587832239379
"GTCCTCACAAAGTATG-1_1",-0.4233062163899,0.055605095000921
"GTCCTCATCTCTTAAC-1_1",-0.271837952651156,0.0372597904151238
"GTCGAATCATCGGAGA-1_1",-0.386051586217912,0.0537307803735173
"GTCGCGAAGTGGTGAC-1_1",-0.421042702188116,0.0700673864514677
"GTCGTTCTCAGCAATC-1_1",-0.433185138982328,0.0748373335955068
"GTCTCACGTTGCGGAA-1_1",-0.42351673690465,0.0463770331683709
"GTGACGCCATCCAACA-1_1",-0.423877114146678,0.0731547576108789
"GTGAGCCCAGCGTTTA-1_1",-0.43737412913664,0.06353498205405
"GTGAGGAAGTTACTCG-1_1",-0.400132673911499,0.0613545808395348
"GTGAGGAGTGGACCTC-1_1",-0.418495284340885,0.0939615700778771
"GTGAGTTAGTGCAGCA-1_1",-0.426784698029304,0.101457010103869
"GTGTGATCAAGATTGA-1_1",-0.372500765071347,0.0478942664205574
"GTGTTAGGTTCTTCAT-1_1",-0.435626663294041,0.0736598736518592
"GTTACCCAGGTACTGG-1_1",-0.421400805299936,0.100162476685451
"GTTACGAAGGTTCAGG-1_1",-0.418455093361328,0.0827203535672013
"GTTAGACGTAACTTCG-1_1",-0.402321307789086,0.0605235812525617
"GTTAGTGCAATAGTAG-1_1",-0.404978716644159,0.0986769728187614
"GTTCCGTGTCTTTCAT-1_1",-0.41999942714032,0.0859873144558865
"GTTGCTCCATCTTTCA-1_1",-0.414522974125343,0.0735314668632163
"GTTGCTCTCTGGTGGC-1_1",-0.418424559156089,0.0505237164409875
"TAACACGCACGCTATA-1_1",-0.426163082792206,0.050614666402863
"TAACACGCATTGGGAG-1_1",-0.41585511953121,0.0460196461818302
"TAACCAGAGTAACGTA-1_1",-0.0694412739888483,-0.102303296326404
"TAAGCCACACTGAGGA-1_1",0.104605350346737,-0.22172749500994
"TAAGCGTAGAACTTCC-1_1",-0.42132183261338,0.0785658565168437
"TACCCACGTCTTTCTA-1_1",-0.4349449960104,0.0756878493880839
"TACCCGTTCAGCATTG-1_1",-0.369574394823681,0.0598012289256058
"TACTTACTCGGTTAGT-1_1",-0.429278185628356,0.0565069454112176
"TACTTGTGTAGAGTTA-1_1",-0.423806710559951,0.0699820610297297
"TAGACCACAAGACGGT-1_1",-0.416079737308573,0.0873626412939283
"TAGGGTTAGTGCCTCG-1_1",-0.421179508325079,0.0616541485159803
"TAGGTTGTCCACGTGG-1_1",-0.424023238926933,0.0537356606533633
"TATATCCAGACCATTC-1_1",-0.410527689418694,0.0447003133975746
"TATCCTAAGTACTGTC-1_1",-0.421484564053917,0.107459657554446
"TATCTTGGTCTGGTTA-1_1",-0.429969042562641,0.0842786811519586
"TCAATCTGTGCGTTTA-1_1",-0.397780319825008,0.057872358127918
"TCACGCTAGTAAGAGG-1_1",0.104453157051345,-0.0772489270809365
"TCAGCCTCAGAGATTA-1_1",-0.426836149979468,0.0902421091001204
"TCAGCCTGTATACCTG-1_1",-0.295461928727488,0.0398358169468114
"TCAGTGACAACTGGTT-1_1",-0.413043198740657,0.0604962615812996
"TCATATCCAGGAGACT-1_1",-0.415493951618646,0.0485097088226401
"TCATCATGTGATCGTT-1_1",-0.408280732811591,0.0722937696426544
"TCATGAGAGTCCTACA-1_1",-0.425555718890042,0.0945675423661098
"TCCACGTGTAGATCGG-1_1",-0.404667107158063,0.094942312676612
"TCCAGAAAGAGTTGCG-1_1",-0.394930225993803,0.0515338965521247
"TCCATCGCACAAGGTG-1_1",-0.413528601388405,0.0659465751337433
"TCCCAGTAGCCTGGAA-1_1",-0.145760619438998,-0.0362281017200586
"TCCTTCTGTCCGCAGT-1_1",-0.410945903347146,0.047278354475755
"TCGAAGTGTAAGCTCT-1_1",-0.409310793468312,0.0436488586462683
"TCGACGGAGACGGTCA-1_1",-0.425273483201675,0.102412284319763
"TCGCTCAGTCATCAGT-1_1",-0.117451960240719,0.00724568855523603
"TCGGATACACCCTATC-1_1",-0.42898483650209,0.0733889042007875
"TCGGATACACGCCACA-1_1",-0.401322162596142,0.0845108135971434
"TCGTAGAAGACATGCG-1_1",-0.220829431094187,-0.0109274051184552
"TCGTCCAAGAAACACT-1_1",-0.423115555785602,0.0961004777827989
"TCGTCCACAGGAACCA-1_1",-0.410819593935807,0.0752180142361432
"TCTAACTAGCAGCACA-1_1",-0.434807573074854,0.0627260369308158
"TCTAACTAGTGTAGTA-1_1",-0.428046244198749,0.0600385578656409
"TCTATCAGTCATGCAT-1_1",-0.407775163491471,0.100244979669557
"TCTCAGCTCTTTCCAA-1_1",-0.414087922604082,0.0623136345590355
"TCTCCGACAGATACTC-1_1",-0.163204172447039,0.0114475647609828
"TCTCCGATCTAACACG-1_1",-0.435309942026371,0.0646774659804969
"TCTGGCTGTAGGTGCA-1_1",-0.432667758271561,0.0718588369714323
"TCTTAGTTCCATCTAT-1_1",-0.0334640940126266,-0.0291748614335366
"TGACCCTTCGGACTGC-1_1",-0.416510113402408,0.0971324534969271
"TGACTCCCATATCGGT-1_1",-0.413027857795074,0.0943641480336277
"TGAGGTTCATGTCGTA-1_1",-0.394432245641952,0.0604699496275099
"TGATGCACAGCGATTT-1_1",-0.347833997483772,0.02667117814548
"TGATTTCTCATATGGC-1_1",-0.406358437754269,0.0540291082475045
"TGCACGGAGTATAACG-1_1",-0.37218940428151,0.0714963414927857
"TGCACGGGTCCATCTC-1_1",-0.414291269007244,0.103915093251864
"TGCATGACAGGAAGTC-1_1",-0.0514818547717999,-0.129355176965599
"TGCTCCAAGGCCTGCT-1_1",-0.433492805419974,0.0524357200732411
"TGCTGAATCTGTTGGA-1_1",-0.421725937219051,0.0481451317427426
"TGCTTCGAGGTGCATG-1_1",-0.387531566080879,0.0508511573260944
"TGGCGTGCAACGTAAA-1_1",-0.435367203418424,0.080195020049896
"TGGTACATCCTGCCAT-1_1",-0.377523621882449,0.0782714214581437
"TGGTTAGAGTTTGCTG-1_1",-0.414784498703961,0.0934693625219638
"TGGTTAGTCTAACACG-1_1",-0.428320281736399,0.0785589549265587
"TGTAAGCGTCACCGCA-1_1",-0.411913308897741,0.0893489588953805
"TGTCCTGAGGCACTAG-1_1",-0.41659462930539,0.0790837648325704
"TGTGATGCATTCTGTT-1_1",-0.361125002712689,0.0652049747995822
"TGTGCGGAGAAGGATG-1_1",-0.309278492814192,0.0419195926657288
"TGTTACTAGCACTCAT-1_1",-0.423605224247903,0.0720117880336793
"TTACGTTTCGCAGAGA-1_1",-0.428423519128139,0.104966069394901
"TTAGGGTTCAATCCGA-1_1",-0.388395003145526,0.0875165799125178
"TTCACCGGTCCGGACT-1_1",-0.428133728822926,0.070756001788067
"TTCATTGGTGCAATGG-1_1",-0.282873079078845,0.0469747708103353
"TTCCACGAGAAATTCG-1_1",-0.431718286751779,0.103981120905805
"TTCCACGGTTGCCGAC-1_1",-0.436721767886431,0.0769993851416226
"TTCCACGTCTAGTGAC-1_1",-0.0433059831957046,-0.0898360181377991
"TTCGATTTCACGGTCG-1_1",-0.408191917740534,0.0876154245235636
"TTCGCTGCACTCACTC-1_1",-0.431269173182404,0.0657040733778834
"TTCGCTGGTTCGGGTC-1_1",-0.420802129009173,0.0911828049444872
"TTCTAACAGTAATACG-1_1",-0.417775544041498,0.0928765579088688
"TTCTAGTAGAAAGCGA-1_1",-0.413272893389399,0.0420308461939023
"TTCTTGACATGGATCT-1_1",-0.427414923661247,0.104733559681604
"TTGAGTGGTCAACATC-1_1",-0.223992189296585,0.0584895923021761
"TTGAGTGGTCCCTCAT-1_1",-0.432823876216909,0.0680179123858954
"TTGATGGCAAAGTATG-1_1",0.10597348309028,-0.0236722607950086
"TTGCATTCACTTTAGG-1_1",-0.418446975595046,0.0855918644753021
"TTGGGCGCAGGTACGA-1_1",-0.360898325904123,0.0560969848142362
"TTGGGTAAGCTTCGTA-1_1",-0.411760499650129,0.101671960708091
"TTGGTTTGTTTACTGG-1_1",-0.404629974285879,0.0614909061878169
"TTGGTTTTCTGAACGT-1_1",-0.432394116651814,0.0814442117467524
"TTGTTTGGTTGTCATG-1_1",-0.412000356210191,0.0977135240585889
"TTTACCACAACAAGTA-1_1",-0.423252051912172,0.0538986604170328
"TTTACGTAGCCATATC-1_1",-0.436483420218828,0.0592501630188455
"TTTACGTAGGGATCAC-1_1",-0.423468236365514,0.0877772924669242
"TTTCGATAGTAAGCAT-1_1",-0.120003587127703,-0.0119710274871437
"TTTGACTGTGGTAACG-1_1",-0.429735327465003,0.0823868787331964
"AAACCCAGTAGCGATG-1_1",0.155260071917556,-0.104836789079134
"AAACGAAAGCCACAAG-1_1",0.150970718882285,-0.181153847561857
"AAACGAATCTTAGGAC-1_1",0.155985917556937,0.1611375300579
"AAAGGGCTCCTTGGAA-1_1",0.067863297601586,-0.0592841094030264
"AAAGTCCTCGTAGGGA-1_1",0.145384311452954,-0.0745384772910888
"AAATGGAAGCGTGAAC-1_1",0.150778023373792,-0.107171041426307
"AAATGGAGTGAGATTA-1_1",0.158920955067859,0.162430191249525
"AACAACCCAGAAGCGT-1_1",0.161817857426836,-0.120259365301677
"AACAACCTCCGGCAGT-1_1",0.155550045329678,0.147121882408073
"AACAAGATCCACTGGG-1_1",0.133700393842034,-0.0384782621721812
"AACACACCAGTCAACT-1_1",0.169344976838548,-0.109612874271638
"AACACACGTATGGAAT-1_1",0.174618757286233,-0.147642158088698
"AACAGGGGTGCTGATT-1_1",0.167020763032452,-0.121704629452058
"AACAGGGTCGACGCTG-1_1",0.16092676570434,0.222843345804056
"AACCACAAGTAAGAGG-1_1",0.163127676643097,0.177073914349259
"AACCATGAGATTGAGT-1_1",0.0125232495181947,-0.0758380618429217
"AACCCAAGTTTAGTCG-1_1",0.182516309858208,0.277723837929284
"AACCTGAAGAAAGCGA-1_1",0.0939904304674461,-0.0287427947853485
"AACCTGAGTCGCATCG-1_1",0.173768836614511,-0.142474698164076
"AACCTTTAGCGTTCAT-1_1",0.145104084616355,0.123094332141004
"AACGGGACAGGATGAC-1_1",0.169208925804554,0.219756556145873
"AACTTCTCAATTGAAG-1_1",0.132934608200103,0.0879369974975841
"AAGACAATCCGTCAAA-1_1",0.142365449445603,0.147159011755482
"AAGCATCAGCGTTACT-1_1",0.060675563043467,-0.074998177959121
"AAGCATCTCATGAGAA-1_1",0.147659895674158,-0.096068643884124
"AAGCCATGTTCTGAGT-1_1",0.163699884560985,-0.1692291429194
"AAGCGTTGTACAAACA-1_1",0.14019521694242,0.116144767166035
"AAGGAATTCATTTGGG-1_1",0.129182977862575,-0.162267807902181
"AAGGTAACAGGACATG-1_1",0.121079970860661,0.140029955969595
"AAGTACCGTGGATGAC-1_1",0.161438342148322,-0.14244211191503
"AAGTACCTCCGGTAGC-1_1",0.0985875014902405,0.147661011310539
"AAGTCGTCACTGTCCT-1_1",0.148315676204834,0.194631492616486
"AAGTGAATCTTAAGGC-1_1",0.169273374130545,0.245465276455296
"AATAGAGGTCTAGTGT-1_1",0.105985138705133,0.0149649256566505
"AATAGAGGTCTTGCGG-1_1",0.106697762434844,0.00650332670103188
"AATCGACAGTAAACTG-1_1",0.0698986400585943,-0.0366731299201749
"AATCGTGGTATAGGAT-1_1",0.161305112603932,-0.121723222033476
"AATGACCCAACTTCTT-1_1",0.179841894176107,-0.167060868181204
"AATGACCGTTGTTGTG-1_1",0.149959558323789,0.155650216965006
"AATGGAATCTCTAGGA-1_1",0.150887068163113,-0.107891371824024
"AATGGCTAGGGAACAA-1_1",0.134157718106698,-0.0693596112059333
"AATGGCTGTATGATCC-1_1",0.0395365509643141,0.015198277817801
"ACAAAGATCTAAGCCA-1_1",0.175069767663174,-0.164351041504402
"ACAAAGATCTCCGTGT-1_1",0.158691956953425,-0.109133173809201
"ACAAGCTAGACAACTA-1_1",0.17273633658801,-0.144773451514001
"ACAAGCTAGGCTTAGG-1_1",0.163999258747899,-0.114736908168932
"ACAAGCTGTTGTCAGT-1_1",0.190041063291804,0.224199764425536
"ACACCAAAGGTAAGAG-1_1",0.105345631659108,0.1187914526699
"ACACCAAAGTAACGAT-1_1",0.145408567706615,-0.0970649738723639
"ACACCAAGTCATCAGT-1_1",0.149028833163691,-0.134326037046309
"ACACCAAGTCGATTTG-1_1",0.179404737985581,-0.14437590145325
"ACACCAAGTTCGGCCA-1_1",0.136928288348869,-0.183366248568019
"ACACGCGGTCGGATTT-1_1",0.126656387802545,-0.133295381987605
"ACACGCGGTTTGACAC-1_1",0.11307381069001,-0.103603746837259
"ACACTGATCACTACGA-1_1",0.176046086584735,-0.135214965979573
"ACAGCCGCAGCTTCCT-1_1",0.158272918305847,0.230897893168049
"ACAGCCGGTTTACGTG-1_1",0.141535958105799,-0.160816841142887
"ACAGCCGTCAAATGCC-1_1",0.176682872837364,0.232163722592161
"ACATCCCCAATTGAAG-1_1",0.108211426367765,-0.16849312413496
"ACATTTCGTTATTCCT-1_1",0.194533711183677,-0.164573597841324
"ACCAAACAGAGTCACG-1_1",0.167207290032791,-0.147293971929927
"ACCAAACAGTTGGACG-1_1",0.156281043646882,-0.121707422434018
"ACCAAACCAGCTATAC-1_1",0.154652889696476,-0.158978396948712
"ACCAAACGTGGCTCTG-1_1",-0.0491845770041733,-0.127952659238114
"ACCAAACGTTGACTGT-1_1",0.15728468781547,-0.123884668362737
"ACCAAACTCGCCAGTG-1_1",0.135343691126333,-0.0381851477025258
"ACCAACAAGCCTAACT-1_1",0.171732213227178,0.20557803430643
"ACCAACAAGTGCAGCA-1_1",0.178434409712945,-0.143680919481814
"ACCACAACAGCCGTTG-1_1",-0.0443132043207581,-0.134204988456631
"ACCACAACATGAGAAT-1_1",0.174744561538597,-0.138556405437988
"ACCACAAGTAAGTTGA-1_1",0.0278244373879533,0.0497166143470494
"ACCATTTAGATGGCAC-1_1",0.159391138332057,-0.13220458725631
"ACCATTTAGCACACCC-1_1",0.156288558592608,-0.159355579800087
"ACCCTCAAGATAACAC-1_1",0.161269810595357,0.254387029608926
"ACCCTTGGTTCCGCTT-1_1",0.152294041543291,0.232686199415765
"ACCGTTCCACGCTGAC-1_1",0.174418321332583,-0.135449764415611
"ACCGTTCTCCCTCTTT-1_1",0.145088071697591,-0.0954420340148997
"ACCTGAAGTTGGCCTG-1_1",0.0909771520820888,-0.146583239912816
"ACCTGAATCAAGCCGC-1_1",0.137751925100395,0.106433404603001
"ACCTGTCAGTACCCTA-1_1",0.139878075048849,0.231261057404829
"ACGATGTCAGCTGCCA-1_1",0.132850021837296,-0.103057692991204
"ACGATGTGTTATGGTC-1_1",0.114157848772565,-0.00068113973246225
"ACGATGTTCGAGAGCA-1_1",0.148860092923694,-0.0129743097822181
"ACGCACGAGCCATGCC-1_1",0.144421317025409,-0.116876095094125
"ACGCACGCAAGTGACG-1_1",0.137856606653731,-0.0827974116363524
"ACGGAAGTCATCAGTG-1_1",0.180774050937629,-0.165042723223071
"ACGGGTCAGGAAGTCC-1_1",0.177346147159856,-0.150259588415271
"ACGGTCGCACCTAAAC-1_1",0.137019689888214,-0.0508999457025661
"ACGGTCGTCAACGCTA-1_1",0.145564365411811,0.141986367998522
"ACGGTTAAGTGGACTG-1_1",0.0517593243592097,-0.0606593904238815
"ACGGTTAGTGGGTATG-1_1",0.153810536673257,-0.0572519913707379
"ACGGTTATCAACCTTT-1_1",0.163428218810323,-0.136799948903454
"ACGTACACAGCCTACG-1_1",0.198768918737107,0.293096614630848
"ACGTAGTCATAAGCAA-1_1",0.165875540714681,-0.111136242992594
"ACGTAGTCATGAATCC-1_1",0.139709881490664,-0.13783837986197
"ACGTTCCGTACACTCA-1_1",0.103659515099946,-0.148557323912297
"ACGTTCCGTGAGACCA-1_1",0.154392439000102,-0.0965488003670559
"ACTACGAAGCCGAACA-1_1",0.187508988993786,-0.180884181889277
"ACTATCTGTCCTACGG-1_1",0.177709488149515,0.240597818540881
"ACTATCTTCAGCGCAC-1_1",0.140426214328307,0.120510678344772
"ACTATCTTCCTCAGAA-1_1",0.0641503418446066,-0.0964654620279075
"ACTCCCAAGACGACGT-1_1",0.0847384392744152,0.0855037438497397
"ACTCCCAGTACCTGTA-1_1",0.14663389690955,-0.0646306499720634
"ACTCCCATCAGCTAGT-1_1",0.145808591449776,-0.0845438150422759
"ACTCTCGCATCGCTGG-1_1",0.160056137481353,-0.134695807423645
"ACTGATGAGAGTGTTA-1_1",0.137250544845197,0.106762190137693
"ACTGATGAGCCGATCC-1_1",0.0340333791360681,-0.0869436681337743
"ACTGATGAGCGCTTCG-1_1",0.181602085026848,-0.15085679432521
"ACTGATGGTACTCGCG-1_1",0.131457281166089,-0.0865617321556272
"ACTGTCCCACTTCATT-1_1",0.142062379269504,0.092483038362018
"ACTGTCCGTTGTGTAC-1_1",0.163842687293769,-0.167804657246311
"ACTGTGAAGCAACCAG-1_1",0.190643656619003,0.266186191947936
"ACTGTGAGTCTGGTTA-1_1",0.146440022384185,-0.0974238084568324
"ACTTAGGAGAATCGCG-1_1",0.0807123930093607,0.0370103271233677
"ACTTAGGGTAGACAAT-1_1",0.0996392217267458,0.162892975487499
"ACTTATCGTCCAGTTA-1_1",0.108780593768812,-0.0364513576984778
"ACTTATCTCGTCAGAT-1_1",0.0953320672423418,-0.0680684472939914
"ACTTCCGGTCCGGATC-1_1",0.0864841134834992,-0.0928811808371248
"ACTTCCGTCTGCGTCT-1_1",0.158378320904984,0.260854807035611
"ACTTCGCCACGGCGTT-1_1",0.149233652082731,-0.197468449688277
"ACTTTGTAGGCCCACT-1_1",0.164719320698398,-0.152692367462241
"ACTTTGTCAGTTGTTG-1_1",0.119797481839009,-0.0232874883672694
"ACTTTGTGTCGCACAC-1_1",0.177925580905725,-0.154707189658111
"AGAAGCGTCCTCAGAA-1_1",0.183242183545667,-0.150424699459711
"AGAAGCGTCTGTTCAT-1_1",0.186456880554661,0.240928733248356
"AGACAAATCCACTGAA-1_1",0.147365081384354,0.13012822730054
"AGACAAATCGTGGAAG-1_1",0.151259110589387,-0.137038763766426
"AGACACTCACCCTAAA-1_1",0.150719343264677,-0.0980291582969799
"AGACACTGTTTAGAGA-1_1",0.144448939882383,0.177942186503047
"AGACCATCATGCAGGA-1_1",0.164288356944975,0.202239196815407
"AGACCATTCTACAGGT-1_1",0.129439996757268,-0.0122411284354152
"AGACCCGCAACGTATC-1_1",0.155516954099186,-0.120903544900512
"AGACCCGCAAGAGTAT-1_1",0.122283356206162,-0.0200402057410142
"AGACTCACATGTTTGG-1_1",0.142091797357031,-0.0777113494790847
"AGACTCAGTCAACGCC-1_1",0.119802597810287,-0.0502775666338564
"AGACTCATCTGCATGA-1_1",0.133083241131123,0.00726877735419905
"AGAGAGCAGAGCTGAC-1_1",0.175990434634038,0.207668611218124
"AGAGAGCGTGTTACAC-1_1",0.14546850012815,-0.152738111691195
"AGAGCAGAGTCTTGGT-1_1",0.0408002428090041,0.106817596679741
"AGAGCAGCAGCTCGGT-1_1",0.21077861125634,0.238684099941882
"AGATAGAAGCCTCAAT-1_1",0.179428724795603,0.200002927244642
"AGATCCAGTACGGTTT-1_1",0.14893415549848,-0.107055456819178
"AGATCGTAGTTGCATC-1_1",0.127917782135344,0.00747096428577685
"AGATCGTTCTGTGTGA-1_1",0.131557682266851,0.0257488649544226
"AGATGAAAGCTGCCAC-1_1",0.15067864193299,-0.158113476732886
"AGATGAACAAGACTGG-1_1",0.190852923499942,-0.162754124109783
"AGCATCAAGCACCGTC-1_1",0.155522085049461,-0.117050764782345
"AGCATCAAGGAGTATT-1_1",0.0494161623422811,0.0330158060615741
"AGCATCATCAAACGTC-1_1",0.162345452901232,-0.105104570608594
"AGCCAATAGTAAAGCT-1_1",0.118233725761064,-0.00872258121648786
"AGCCAATAGTCACGCC-1_1",0.116423080681432,-0.0736296275205209
"AGCCAATGTAGTACGG-1_1",0.139228482789378,0.128759318019595
"AGCCAATGTTGTGGAG-1_1",0.183506462237499,-0.176744171080952
"AGCCACGCATCCAATG-1_1",0.158025132567235,-0.055544023155493
"AGCGATTAGGTTCATC-1_1",0.150187169670825,-0.101385292284047
"AGCGCCAGTCATAACC-1_1",0.0646032297090346,-0.0575590811231129
"AGCGCCATCAAGTCTG-1_1",0.155599902418941,-0.114014504045014
"AGCGCTGTCAGTGTTG-1_1",0.129643440980779,0.0260618036617735
"AGCGTATAGAAAGTCT-1_1",0.144154707287604,-0.112679511159715
"AGCTACATCACCATCC-1_1",0.130257861416759,-0.0436507752330804
"AGCTTCCGTTAGAAGT-1_1",0.165270371557195,-0.165838776668427
"AGCTTCCTCTCTCGCA-1_1",0.18131906783752,-0.152606560707209
"AGGAAATCATGACGAG-1_1",0.131529678686988,-0.0363171816907
"AGGAAATTCTGAGGTT-1_1",0.129796971970116,0.0194033558765934
"AGGAAATTCTTCGTAT-1_1",0.158641958779901,-0.116749622773403
"AGGAATACATCCGATA-1_1",0.0830281826364351,0.0356516043785137
"AGGAATATCTCAACGA-1_1",0.0481042421204096,-0.0594503416840649
"AGGACGATCCATAGGT-1_1",0.172726834267214,-0.174205676411798
"AGGAGGTGTTAAAGTG-1_1",0.164030118882425,-0.129928403671433
"AGGAGGTGTTCTCGTC-1_1",0.160774730423743,-0.112807258298111
"AGGATAAGTGACATCT-1_1",0.173715462623002,-0.161854859461285
"AGGCATTTCCCAGCGA-1_1",0.159840754603823,-0.128105873696017
"AGGCCACAGGCATGGT-1_1",0.109940709878644,-0.0518528605660575
"AGGCTGCTCTATACTC-1_1",0.184831587831171,0.205248808403675
"AGGGCCTAGCGGTAAC-1_1",0.178808798942547,-0.182546944093766
"AGGGCTCTCTGGACTA-1_1",0.0282624205524156,-0.0712697897045029
"AGGGTGAGTGCTTATG-1_1",0.169024525235881,-0.13739812295951
"AGGTAGGGTCACCGAC-1_1",0.12649170164162,0.0462666733340173
"AGGTCTAAGGACTGGT-1_1",0.129184288095888,-0.0979132781097279
"AGGTCTAGTCGACGCT-1_1",0.11904018084594,-0.0800281961816026
"AGGTGTTGTGGCTCTG-1_1",0.181960061197589,-0.146271209034464
"AGGTTACCAAGTCGTT-1_1",0.188524428076992,0.239343127783662
"AGGTTACCAGTTCTAG-1_1",0.188595463093635,0.210033232942051
"AGGTTGTTCCCGAAAT-1_1",0.174422802811978,-0.133233243837986
"AGGTTGTTCGTGGGTC-1_1",0.167590005599656,-0.143991512534336
"AGTAACCAGACTGTTC-1_1",0.128267498628403,0.0489642353367202
"AGTACCACAGTTTCAG-1_1",0.147712557227224,-0.10824792286435
"AGTACCAGTCATAGTC-1_1",0.178877656506671,-0.178334218421717
"AGTACTGAGCTTACGT-1_1",0.151348042919569,-0.0691844444324641
"AGTACTGGTAGCTGTT-1_1",0.14585622607966,0.122290841207632
"AGTAGCTTCGAGGCAA-1_1",0.165390480056688,0.24451297977576
"AGTAGTCCACAAGTGG-1_1",0.18349029431639,-0.160120226750861
"AGTCAACCAGCTGGTC-1_1",-0.237847835689407,0.021965518136722
"AGTCAACGTCGCACAC-1_1",0.157766788292476,-0.12193881376757
"AGTCAACTCACGACTA-1_1",0.18823723318693,-0.186968359753309
"AGTCAACTCACTCTTA-1_1",0.19972363752862,0.240925925679582
"AGTCAACTCCGTAGTA-1_1",0.142522968304459,-0.116784585074576
"AGTCATGGTATGAGCG-1_1",0.211866739239407,0.247956401274791
"AGTCTCCCAGACTGCC-1_1",0.160263798926006,0.0927436353505006
"AGTGACTAGTGGATTA-1_1",0.137356563756668,-0.0714066104278228
"AGTGATCAGCTAGCCC-1_1",0.162593413025984,-0.119833094332008
"AGTGATCCAGTCGCTG-1_1",0.153139998598706,0.151713979465523
"AGTGCCGAGCTTTGTG-1_1",0.136431120555081,-0.0989748058609979
"AGTGCCGGTGTCATGT-1_1",0.0937050631424429,0.0164983507557827
"AGTGTTGTCCGCTTAC-1_1",0.167914001049636,-0.154087965710845
"AGTTAGCCAATGAACA-1_1",0.186490271472445,0.212836779845337
"AGTTAGCGTGGCTAGA-1_1",0.0752675911208427,0.100770440155954
"AGTTCGACATCGAAGG-1_1",0.166695912801482,-0.123090849166664
"ATACCGAAGTAGACAT-1_1",0.178008059267025,-0.164908544459948
"ATACCTTAGATCCTAC-1_1",0.137562050129535,-0.0601280113312475
"ATACCTTGTACGGGAT-1_1",0.153434149230116,-0.122822461673468
"ATACTTCCAGTATGAA-1_1",0.13349654830735,-0.0645268511638313
"ATCATTCCAGACCTAT-1_1",0.0985485797988748,-0.140267621003081
"ATCATTCCATCTAGAC-1_1",0.186194782777636,-0.182280890696503
"ATCATTCGTTGGACTT-1_1",0.179104142138487,-0.17918498708742
"ATCCACCCATCATGAC-1_1",0.000919371514594973,-0.0924811129385519
"ATCCATTGTGGCGTAA-1_1",0.191992874279613,-0.178181872205797
"ATCCCTGCAAGACAAT-1_1",0.0875831235126742,0.0604001962555956
"ATCCGTCCAAACGGCA-1_1",0.160077819381081,-0.12434502511287
"ATCGATGCAAATGAAC-1_1",0.023478293806128,0.0142722521418867
"ATCGCCTGTACTCGTA-1_1",0.150601332350417,-0.154209940358795
"ATCGCCTGTTCCGCGA-1_1",0.160020541680421,-0.123263491695712
"ATCGGATAGTTCGGTT-1_1",0.14073641720485,-0.167629395402586
"ATCGTAGCACCTCGTT-1_1",0.155509393449753,-0.116100676558547
"ATCGTAGGTGATTAGA-1_1",0.153156854477497,0.145359175655625
"ATCGTGAGTGGCTTAT-1_1",0.149559159109899,-0.103420001351801
"ATCTCTAGTTAAGGGC-1_1",0.175858505209682,-0.163317468663171
"ATCTTCAGTCATGCAT-1_1",0.160854133620455,-0.121814237675296
"ATCTTCATCACTCTTA-1_1",0.151734054235873,0.152581484232923
"ATGAGGGTCCTACCGT-1_1",0.123381627620852,-0.0342914802737832
"ATGCATGTCTGGAAGG-1_1",0.143746419882756,-0.174965696797784
"ATGCCTCTCTATCGTT-1_1",0.172761828950288,-0.140937912949692
"ATGCGATCAGTGAGCA-1_1",0.169706225108579,-0.126160747861904
"ATGTCCCGTAGACGTG-1_1",0.16159161469372,0.229565040700638
"ATGTCCCTCACGAGGA-1_1",-0.00439638043642903,-0.0410960010211766
"ATGTCTTGTTACCTGA-1_1",0.12863750092826,-0.0538228967577255
"ATTACTCGTTCTAACG-1_1",0.0927912326579427,-0.0873956105482774
"ATTATCCCAGGATGAC-1_1",0.192711773070098,-0.171856117425552
"ATTATCCTCGAGCTGC-1_1",0.143624767768278,-0.0873383169367021
"ATTCACTAGGATGAGA-1_1",0.19736968113163,0.264209520709472
"ATTCACTCATCATCTT-1_1",0.166586492714858,0.286225039258599
"ATTCACTTCTCCGCAT-1_1",0.166103252987927,0.181229616838097
"ATTCAGGGTAACTAAG-1_1",0.090025911900403,-0.0629057297004354
"ATTCATCAGCGAGTCA-1_1",0.0976516384998264,0.0035535769176135
"ATTCATCCATGGCGCT-1_1",0.165848993260743,-0.118102179761917
"ATTCATCTCGACGCTG-1_1",0.0508253624246289,0.0999304214255366
"ATTCCATCATACAGAA-1_1",-0.218946869974007,0.0167330507341761
"ATTCCATGTCCACAGC-1_1",0.0748131108256806,-0.128520375507532
"ATTCCCGCAGCGACAA-1_1",0.183397095927957,-0.144465498054912
"ATTCCTACAGCCGTCA-1_1",0.146700316865649,-0.0906189675651956
"ATTCGTTAGGCCCGTT-1_1",0.169006154727909,-0.190132229610449
"ATTCTACTCAGGACGA-1_1",0.175586303414168,0.23670900823232
"ATTCTTGTCGTGTCAA-1_1",0.149689753065123,-0.147950320505641
"ATTGGGTGTACTCGAT-1_1",0.132378190037359,-0.0176746360596962
"ATTGGGTGTTAAGACA-1_1",0.173548771699942,0.199025123294143
"ATTGTTCTCCAAGCTA-1_1",-0.141553366092328,0.0106348297367896
"CAAAGAAAGGAAGAAC-1_1",0.116731301677143,-0.158307054624463
"CAACAACGTTCAGCTA-1_1",0.123623757056269,-0.0273665846123073
"CAACAGTCATGTGCCG-1_1",0.148102727717052,-0.184628284861658
"CAACCTCCAGTTAAAG-1_1",0.146328998762953,-0.109982984107002
"CAACGATTCAAAGCCT-1_1",0.150521206591574,-0.115416623507755
"CAACGGCGTCAGTCGC-1_1",0.155160830947363,0.0515958493300164
"CAAGACTCACATGACT-1_1",0.150751946656533,-0.0972401741922851
"CAAGAGGCAAACTGCT-1_1",0.157203292962654,-0.1310118787083
"CAAGAGGCACTAACCA-1_1",0.0347462906001891,-0.0372352536302588
"CAAGCTAAGATTGCGG-1_1",0.184497121208369,-0.160225559750482
"CAAGCTATCCGTGTCT-1_1",0.135917813654772,0.084697387893846
"CAATCGAGTTACGCCG-1_1",0.139557715112155,-0.144418518802389
"CAATGACAGTCTGGAG-1_1",0.173652617499663,-0.173239217958694
"CAATGACTCATCCTGC-1_1",0.124174793281893,0.106176718224457
"CAATTTCAGCTCGACC-1_1",0.11647919286059,-0.130306974853938
"CAATTTCCACTACCGG-1_1",0.156392712272237,-0.147992148503368
"CAATTTCGTGCGAGTA-1_1",0.223949162861227,0.255237258590362
"CAATTTCTCGGATTAC-1_1",0.0342309536387482,-0.0634077368788686
"CACAACAGTAAGGTCG-1_1",0.163156906405571,-0.162254973924416
"CACAACAGTTGCGAAG-1_1",0.120335002181979,-0.00362581852411368
"CACATGAAGATTGACA-1_1",0.193096125708452,-0.173846939815296
"CACATGATCCTCTAGC-1_1",0.167636315483158,-0.177956994710611
"CACATGATCGAACCTA-1_1",0.136203911651487,-0.0368443251631524
"CACGAATTCATTGCTT-1_1",0.075622659315702,0.129775810375273
"CACGAATTCTCCCAAC-1_1",0.147764500415593,0.00215044001443014
"CACGGGTCAAATGCTC-1_1",0.0899724153468655,-0.090379617786841
"CACGGGTTCCTGGGAC-1_1",0.0845353096999504,-0.0359930660123833
"CACGTGGCAACACGTT-1_1",-0.0720417114819518,0.00169049200040483
"CACGTGGGTCACTGAT-1_1",0.140131495805428,-0.178781763994058
"CACGTGGTCTAGCATG-1_1",0.15020490160218,-0.105115282336986
"CACTGAACAAACGTGG-1_1",0.133399415199593,-0.174353115393998
"CACTTCGCAGGTAGTG-1_1",0.175115742023424,0.200834618547585
"CAGATACCATGGAGAC-1_1",0.152650141950121,-0.0953351188009664
"CAGATTGAGAGTGTTA-1_1",0.0982512836961549,0.16300449715194
"CAGCAATTCCGCTAGG-1_1",0.173728238846106,-0.175789730418102
"CAGCAGCAGCCAAGCA-1_1",0.165731772115559,-0.194149115195023
"CAGCAGCTCCATAGAC-1_1",0.160288371359315,-0.111616344441429
"CAGCCAGCATGTAACC-1_1",0.155953385165477,-0.124191096044084
"CAGCCAGGTGATCATC-1_1",0.149154989915404,-0.0952508235202295
"CAGGCCAGTGGCATCC-1_1",0.214482313304453,0.248589292268075
"CAGGCCATCGGTCTGG-1_1",0.135258262646971,0.0712695968634375
"CAGGTATCAAGGCTTT-1_1",0.0785537126899173,0.0589632661657242
"CAGGTATTCTCCTGCA-1_1",0.165760724665481,-0.156308489055604
"CAGTGCGAGCCACAAG-1_1",0.12955928256711,0.0904563798323351
"CAGTGCGCATCGATCA-1_1",0.147480064519865,-0.103720990504786
"CAGTTAGAGAGGGCGA-1_1",0.128816036442751,0.0262214128654567
"CAGTTAGTCTTACGGA-1_1",0.0673165880080589,-0.140060960304108
"CATAAGCCAATGGCAG-1_1",-0.0780859491990815,-0.101251196960842
"CATAAGCGTTACTCAG-1_1",0.169195611572409,0.258515261102786
"CATAAGCGTTCTCTAT-1_1",0.0955584930927552,-0.0788697033629963
"CATACCCCAAGTGGCA-1_1",0.15051351154663,0.197281431731975
"CATACCCGTGAATGTA-1_1",0.0829502033339565,0.0497351355893669
"CATACTTGTATTTCCT-1_1",0.00346238551945491,-0.0862780143504198
"CATAGACTCTTCCCAG-1_1",0.154068734996528,-0.0954832011169347
"CATCAAGCAGAGTGAC-1_1",0.111285711622695,0.00864331942426372
"CATCCGTGTCTACGTA-1_1",0.184115170402626,0.239987342322825
"CATCGCTAGTCTGTAC-1_1",0.15195059130188,-0.0990675485775675
"CATCGCTAGTGTTCCA-1_1",0.0788149387057581,-0.0685433430213227
"CATCGGGCACCCTCTA-1_1",0.139978644996607,-0.0915860438116472
"CATCGTCAGGATGGCT-1_1",0.150881241462528,-0.150774203437261
"CATCGTCCACGACGTC-1_1",0.157589608359129,0.187617591513848
"CATGCAACACGACGTC-1_1",0.173926369445878,-0.126439054109938
"CATGCCTAGTCCCGAC-1_1",0.140159296228463,-0.0929515927641483
"CATGCCTGTGTTGAGG-1_1",0.125537133372435,0.0431112183733222
"CATGCGGCATGTCTAG-1_1",0.0499621873130372,0.00721117566336804
"CATGCTCGTTTCACTT-1_1",0.165275557102609,-0.133602380757084
"CATGGATAGTTACTCG-1_1",0.145716337717396,-0.163376429462701
"CATGGATGTTGCGGAA-1_1",0.0543553983018572,-0.159134468924218
"CATTCATCAATGCAGG-1_1",0.120386600847178,-0.0700181181520244
"CATTCATTCTAGTGAC-1_1",0.170940162349138,-0.174444814022744
"CATTCCGTCCATTGCC-1_1",0.182791109636892,-0.157243141957649
"CATTCTAAGCAATTAG-1_1",0.157479828688507,-0.110456088200375
"CATTGAGAGCGTTCCG-1_1",0.172715811206956,0.1982749387131
"CATTGAGCACTCCCTA-1_1",0.190250194506455,0.279943028361158
"CATTGAGCAGAGTTCT-1_1",0.133051347173626,-0.0534626302581359
"CATTGCCAGCCTGACC-1_1",0.139605024503935,0.10781685720827
"CATTGTTCATATGCGT-1_1",0.14608729669933,0.139481904785868
"CATTGTTTCTCTGCTG-1_1",0.185860395426064,-0.16991893137431
"CCAAGCGAGACTCATC-1_1",0.186103276439342,-0.168058025890389
"CCAAGCGAGGATGTTA-1_1",0.120001270217457,0.0264459611201035
"CCAAGCGCAAGCCCAC-1_1",0.14540483119561,-0.0836646772716022
"CCAAGCGGTGCAGTGA-1_1",0.13516358197569,-0.0535917724872126
"CCAATGAAGAGGCGGA-1_1",0.132922273397242,0.019742452633307
"CCAATGACAATCGAAA-1_1",0.166443517175592,0.172000451956087
"CCAATGATCCGGTAAT-1_1",0.0978007350037655,-0.0424727227671794
"CCACACTCATCTCAAG-1_1",0.182224216183329,-0.186580799865091
"CCACCATGTAACAGTA-1_1",0.146750521836189,-0.103220104445335
"CCACGTTAGCCGTAAG-1_1",0.131572445542433,0.00908760452817015
"CCACTTGGTTAAAGTG-1_1",0.171657612253407,-0.135586006581816
"CCACTTGTCATTATCC-1_1",0.158221963367689,-0.199953542898075
"CCATAAGAGGGAACAA-1_1",0.166853741687518,-0.138568384349957
"CCATAAGAGTGGTTCT-1_1",0.160617404994299,-0.147207864094136
"CCCATTGCAACTGGTT-1_1",0.173984039339172,-0.143038896247559
"CCCGGAAAGTGGAATT-1_1",0.185523153933923,-0.178034686822528
"CCCTCAATCATCGGGC-1_1",0.163908886491459,0.204872577465316
"CCCTCTCGTAGCTTAC-1_1",0.0646607534010113,-0.0856243937969088
"CCCTGATGTCTCAGAT-1_1",0.142879272229202,-0.0895651535625521
"CCGAACGTCCACACAA-1_1",0.0721525396255257,-0.00601411906835939
"CCGAACGTCCTAGCCT-1_1",0.170284388109566,0.217653366208794
"CCGATCTCAGGTGTGA-1_1",0.122504402392725,-0.0851877298183388
"CCGATCTTCCTGTAAG-1_1",0.162186061322085,-0.125971676394735
"CCGATGGCATCCGTTC-1_1",0.0965167537664461,-0.0572782412414924
"CCGCAAGAGGATGTTA-1_1",0.181311007049692,-0.147696101910875
"CCGCAAGGTATCTCGA-1_1",0.153700599961403,-0.116539113400507
"CCGCAAGGTATGAAGT-1_1",0.04291695158532,-0.164458398984893
"CCGGGTAAGCACTCGC-1_1",0.09062409326656,0.146927077833499
"CCGGGTACACAGTACT-1_1",0.18210902824115,-0.154358836261399
"CCGGTGAGTGGCAACA-1_1",0.136081446370203,-0.130555898655311
"CCGTAGGAGAAACCAT-1_1",0.152719617484531,-0.144669308067012
"CCGTAGGGTGTCGCTG-1_1",0.153835328755138,-0.100606198708544
"CCGTGAGAGCATTGTC-1_1",0.161963822723745,-0.14316661853891
"CCGTGAGGTTCTCACC-1_1",0.0733149646333678,0.0310461428300304
"CCTAAGAAGCAAGCCA-1_1",0.160470444398196,-0.130507017891462
"CCTAAGAAGCTGAAAT-1_1",0.118721441999436,0.0935472198949795
"CCTAAGAGTCTTGCGG-1_1",0.16228890751847,-0.133221579955762
"CCTATCGCACGTCGTG-1_1",0.125175076093402,0.0811402025107106
"CCTCAACAGCATCAGG-1_1",0.118127425081438,-0.0903217868306723
"CCTCACACACCCTGAG-1_1",0.124327273329761,-0.0102827094485428
"CCTCACATCGTGGCGT-1_1",0.0846340428015213,0.0353414309807651
"CCTCAGTGTAGGAAAG-1_1",0.158457027935641,-0.172810569606087
"CCTCCAAAGTCTTCCC-1_1",0.0589613868790241,-0.176959248414692
"CCTCCAATCGAGAACG-1_1",0.0223020683151836,-0.080746007328301
"CCTCCAATCGCATTAG-1_1",0.106286274178039,0.0607231766103969
"CCTGTTGGTGAGTAAT-1_1",0.182484701168126,-0.184339412126991
"CCTTCAGTCTCGGCTT-1_1",0.110194245178596,-0.116038908883596
"CCTTGTGGTTTGGAAA-1_1",0.147283835066956,0.124246677302897
"CCTTTGGCAGCACCCA-1_1",0.158851823526944,-0.130268916838815
"CCTTTGGGTTAGGAGC-1_1",0.152390559991206,-0.109021697671572
"CGAAGGAAGTATGGAT-1_1",0.178370546933125,0.246324193895121
"CGAAGTTAGGGAGTTC-1_1",0.141966237165144,-0.169200299288153
"CGAAGTTTCAGCAATC-1_1",0.167230667114175,0.20566031311478
"CGAATTGAGTCCCAAT-1_1",0.169582485582388,0.237799352034473
"CGAATTGTCCGTTTCG-1_1",0.110109040682858,-0.0724868261199113
"CGACAGCAGTTCCTGA-1_1",0.186937965683612,-0.139498231473453
"CGACAGCCACTCGATA-1_1",0.163517200053189,0.259040468032761
"CGAGAAGAGACTTCGT-1_1",0.151153861738646,-0.0798666377769274
"CGAGTGCGTGTGACCC-1_1",0.181360438392317,-0.154932844986438
"CGAGTTATCGTGGCTG-1_1",0.154414458949971,-0.134063829320961
"CGATGCGAGTAGGGTC-1_1",0.148920739165816,0.137147164723441
"CGCAGGTAGGTCGTAG-1_1",0.113962745356327,-0.0287414873985435
"CGCATAAAGTTTAGGA-1_1",0.187846166149408,-0.176826350486812
"CGCATAACACGTAGAG-1_1",0.172733050936484,-0.136061413949452
"CGCATAAGTGCTCTCT-1_1",0.134211350086446,-0.136629836307591
"CGCCAGAGTAGTAAGT-1_1",0.115831246808173,-0.168247760195901
"CGCCAGAGTTTCACAG-1_1",0.141345402301901,-0.196292642153708
"CGCCAGATCTCTTAAC-1_1",0.15344746397347,0.246464559988597
"CGCCATTTCAAGTCTG-1_1",0.0738469651911313,0.0509077003264566
"CGCGTGAAGTTGTAAG-1_1",0.161234508881286,-0.184785118739837
"CGGAACCCAAATTGGA-1_1",0.0507357166450554,-0.103224304825902
"CGGAACCCAGGGATAC-1_1",0.129113200484745,0.0493116600219112
"CGGAACCCATAAGATG-1_1",0.166172646388257,-0.129786477459418
"CGGAACCGTGACGCCT-1_1",0.160417126091917,0.225838710449331
"CGGACACAGCTTGTTG-1_1",0.174173151723549,-0.137374861820703
"CGGAGAACAACAAGAT-1_1",0.165305760375656,-0.118054780707492
"CGGCAGTCACCACTGG-1_1",0.172181507086253,0.180952281824153
"CGGGCATAGCGTTACT-1_1",-0.0570181513360448,-0.124001373118199
"CGGGTCACATGAATCC-1_1",0.117087612522272,0.167778223742609
"CGGTCAGCAGGGCTTC-1_1",0.18049248825245,-0.149383437316179
"CGTAGTATCGTCTCAC-1_1",0.0939395450380534,-0.0863219208807346
"CGTCAAAAGGGACACT-1_1",0.00397399926563948,-0.0865913898994628
"CGTCAAACAAGAGTGC-1_1",0.0629374721607584,-0.0793601919508109
"CGTCCATAGGACAGTC-1_1",0.158693076614363,0.199123634885597
"CGTGATAAGACCTCAT-1_1",0.164446162321998,0.19939013255769
"CGTGATAAGTTCACTG-1_1",0.151751578156888,-0.155842276481569
"CGTGATACACCTCTAC-1_1",0.0787032301092732,-0.0732102785000663
"CGTGATAGTTAACCTG-1_1",0.187449333174909,-0.154759728949925
"CGTGATATCCAAACCA-1_1",0.162534209422016,-0.137869901535056
"CGTGATATCGCGATCG-1_1",0.179974129800592,-0.139966060841522
"CGTTAGAAGGTTACAA-1_1",0.156532818629655,-0.184770535482966
"CGTTAGAGTCGTTTCC-1_1",-0.0332647866572295,-0.0549895130815233
"CGTTAGAGTTTACTTC-1_1",0.189836466125227,-0.179094858101575
"CGTTGGGAGCATAGGC-1_1",0.0580851835059109,-0.0616635024195375
"CGTTGGGTCCGTGGGT-1_1",0.0603154423843304,0.0668216701986832
"CTAACCCAGAGAGCAA-1_1",0.125008084528383,0.0176274486087645
"CTAACTTAGCCTAACT-1_1",0.155822488460369,0.219850062252177
"CTAAGTGCAGTCTCTC-1_1",0.141542739846962,0.16469308605563
"CTACAGATCTGCGGAC-1_1",0.18179991430498,-0.148033622265318
"CTACCCATCGACCATA-1_1",0.105887954821737,0.0101643092149632
"CTACCTGCAAGTGTCT-1_1",0.151886115838952,-0.202202854729241
"CTACTATTCAGTGTGT-1_1",0.127867260990142,-0.016269248679789
"CTAGACATCCTTATCA-1_1",0.127849161037828,0.0425968875139135
"CTAGGTAAGCGTCGAA-1_1",0.175072504221756,0.21331536252437
"CTAGGTAAGTGTACAA-1_1",0.138118908805799,-0.0739320438956201
"CTAGGTACATGAGGGT-1_1",0.156199531625626,-0.198214302375422
"CTATAGGCAGCCTTCT-1_1",0.180568038604755,-0.157728114208767
"CTATAGGGTATTGACC-1_1",0.136615913867674,-0.041802724176841
"CTATCCGTCAGCTCTC-1_1",0.0875833026744448,0.126558942769632
"CTATCTATCAAGCCGC-1_1",0.184312589334387,0.249528150798558
"CTCAACCGTACACGCC-1_1",0.140365032598918,-0.0881865373465051
"CTCAAGACAAGGATGC-1_1",0.132009031331172,-0.0281683698023494
"CTCAATTCAGCACCCA-1_1",0.183119733662706,0.21706695360721
"CTCAATTTCCAGCAAT-1_1",0.115539849150171,-0.0254087484073734
"CTCAATTTCTGCCCTA-1_1",0.167641420689131,0.193266124201616
"CTCAGAACATGCCATA-1_1",0.146469044060086,-0.140230435539265
"CTCAGAAGTAAGCAAT-1_1",0.166927064481123,0.13947422957332
"CTCAGAATCTCTGCTG-1_1",0.194218003533118,0.2417192663736
"CTCAGGGGTTGAGTCT-1_1",0.133647211633686,0.088209336809525
"CTCAGTCGTGGTCTAT-1_1",0.116850822525277,-1.73263929789138e-05
"CTCATGCAGGGACCAT-1_1",0.154307329999723,-0.144825357108885
"CTCATGCGTCGGTAAG-1_1",0.1545821875959,-0.12268975259341
"CTCATTAAGCGACCCT-1_1",0.175793573874042,0.223864318689713
"CTCATTACACGTTCGG-1_1",0.103841566892282,0.0357849961738293
"CTCATTAGTAGGTACG-1_1",0.0657084646309229,-0.144841327324146
"CTCCACAGTTTCGATG-1_1",0.175147803422013,-0.161819009748841
"CTCCATGAGGTCGTAG-1_1",0.181138390892425,0.214216309566502
"CTCCATGTCATTATCC-1_1",0.15279930240328,-0.104169873889427
"CTCCCAAGTCCCTGAG-1_1",0.155647079248079,-0.115188577639494
"CTCCCTCCAAGACCGA-1_1",0.162654035570636,0.217028362870758
"CTCCGATCACCAGTTA-1_1",0.189572368823895,-0.158952175288037
"CTCCTCCAGATTCGAA-1_1",0.145669060420512,-0.13871155223561
"CTCCTTTGTGAGTGAC-1_1",0.160037755849336,0.214014002946757
"CTCGAGGGTTTACGTG-1_1",0.156349260544687,0.215107259969786
"CTCTCAGTCATCAGTG-1_1",0.0692630761727764,0.0757820327240182
"CTCTGGTAGAATAGTC-1_1",0.179243865609618,0.218489705768886
"CTCTGGTCATCGGTTA-1_1",0.190695744339614,0.213962909740677
"CTGAATGAGCGCTTCG-1_1",0.169640831397823,-0.141823146438319
"CTGAATGTCACCTTGC-1_1",0.116114549130985,-0.065311547551396
"CTGAATGTCAGTCAGT-1_1",0.110053390006358,-0.0974550629378515
"CTGAGCGAGAGCATAT-1_1",0.185759278051993,-0.178994848437164
"CTGAGCGCATAGATCC-1_1",0.169251760948056,-0.158761230590551
"CTGAGGCAGCTAAACA-1_1",0.186663469509917,-0.151891240416938
"CTGATCCAGTTAACGA-1_1",0.145957069152395,-0.160892381750686
"CTGCATCGTACGAGTG-1_1",0.181647748117361,-0.156100680433342
"CTGCCATGTTGACTGT-1_1",0.183614364548705,-0.148265265950847
"CTGCGAGAGCACTCCG-1_1",0.128846929916361,0.0333007127833335
"CTGCGAGAGCGTCAAG-1_1",0.144126893959307,0.11425361813559
"CTGCGAGGTCGCTCGA-1_1",0.0723885113486405,0.0443125866897605
"CTGCTCAAGACGACGT-1_1",0.123250922655259,-0.0150185891493857
"CTGGACGCACTTACAG-1_1",0.153956795207083,0.190149544095202
"CTGGTCTAGCAGTCTT-1_1",0.137050965428278,0.17822804652879
"CTGGTCTCACTCCTGT-1_1",0.141641685219733,0.144374667955091
"CTGTCGTAGTGCACTT-1_1",0.170977410858878,-0.179028511788816
"CTGTGAAAGCAGTAAT-1_1",0.090744392965928,-0.0893711444751258
"CTGTGAATCGATGCAT-1_1",0.185592592017086,-0.184355775389816
"CTGTGGGAGCTGCCTG-1_1",0.13883577257362,0.101924640782458
"CTGTGGGCACTTGGGC-1_1",0.179478007918425,0.216712337980415
"CTTAGGAAGAATAGTC-1_1",0.171829644079373,0.193792708436795
"CTTAGGAGTGGACAGT-1_1",0.139111079141971,-0.00965296736090952
"CTTCAATAGTATGACA-1_1",0.135887103204746,-0.132539734127933
"CTTCCGAAGTCTAACC-1_1",0.0742211558105308,-0.0798654959636576
"CTTGATTAGTCATACC-1_1",0.145091206145826,-0.0945589510166612
"CTTGATTTCGAGATAA-1_1",0.146254287902088,0.0578723730260988
"CTTTCGGCACTTCCTG-1_1",0.14334485852783,-0.0995641549586586
"GAAACCTTCACTTTGT-1_1",0.158635466186259,-0.164583871996735
"GAACACTGTACTGCGC-1_1",0.179594572282604,0.243559316266109
"GAACTGTCAGCTAACT-1_1",0.171297644465916,0.28661935743929
"GAACTGTGTATTCCTT-1_1",-0.0612192014554389,-0.064212114485225
"GAAGCCCCAACGTTAC-1_1",0.151672173333425,-0.161218363401589
"GAAGCCCCATTGGGAG-1_1",0.13229691484551,-0.0100574234851431
"GAAGCGAAGCTGTACT-1_1",0.02696392781507,-0.130471621506618
"GAAGGACAGTTAGAAC-1_1",0.101819059537199,0.100174514931506
"GAAGGACCAAGCTACT-1_1",0.16275844510584,0.17643333739976
"GAAGGGTGTTAGTTCG-1_1",0.174779615838924,-0.141836361672122
"GAAGGGTGTTTGGGTT-1_1",0.115636122542032,0.106551619562604
"GAAGTAAAGGTGCCTC-1_1",0.11982973358677,0.0436040589342345
"GAAGTAATCGAGTGAG-1_1",0.146971809034731,-0.0081237645242997
"GAATCACGTACGTAGG-1_1",0.164700437875217,0.203749067649263
"GAATCACGTGCATTTG-1_1",0.140417864801312,0.00938477604781967
"GACACGCTCGCGTGCA-1_1",0.127414777423134,0.000263028966875511
"GACATCAGTAGGTTTC-1_1",0.12110929369196,-0.0119532560495806
"GACCAATCACCAACAT-1_1",0.156833954093331,-0.11802289828735
"GACCCTTGTACGTAGG-1_1",0.198413829241177,0.243208746657654
"GACCCTTGTATCAGCT-1_1",0.171575113069065,-0.153579528942978
"GACCTTCAGTAAGACT-1_1",0.177172426684005,-0.14402917272157
"GACGCTGCATTGAAGA-1_1",0.172188174843787,-0.163359495409499
"GACGCTGGTGTTCATG-1_1",0.136240023702819,-0.13630545056569
"GACGTTAAGAGTGGCT-1_1",0.13631176638921,-0.0946753138649292
"GACTCAAAGCGCAATG-1_1",0.133006661839659,-0.0734792820508438
"GACTCTCCAGTCAGAG-1_1",0.13086946440675,-0.0109827286418647
"GACTCTCGTCATTCCC-1_1",0.12471958706795,-0.000755651379362015
"GACTGATAGGGCTAAC-1_1",0.122383646914451,-0.0118028941667058
"GACTGATTCCGACATA-1_1",0.203723947588993,0.243761870102472
"GACTTCCCAGATAAAC-1_1",0.146905134858964,-0.0960339876309699
"GAGACTTGTGATTCAC-1_1",0.129093854572825,-0.0316843303655593
"GAGAGGTCAGCATTGT-1_1",0.122078958558968,-0.046509510089034
"GAGAGGTTCTCGGCTT-1_1",0.141848020954481,-0.177471346421312
"GAGATGGAGGTAGATT-1_1",0.149399292797901,-0.106203776404952
"GAGATGGCACGCCAGT-1_1",0.175677593673737,0.202888374775455
"GAGATGGGTGGCGTAA-1_1",0.141972095539356,-0.00127738726052194
"GAGCCTGTCCAACCAA-1_1",0.146390413031461,-0.126053601854206
"GAGCTGCAGGCGTTAG-1_1",0.195470921228834,0.218639242263047
"GAGCTGCAGTGAGCCA-1_1",0.218406965408491,0.252901484956837
"GAGCTGCCATCCGGCA-1_1",0.218618606912194,0.243565450326967
"GAGGCAAAGGCACCAA-1_1",0.115513929984233,-0.0370179901291582
"GAGGCAACATCGGTTA-1_1",0.176560751709679,-0.167139499777718
"GAGGCAAGTAACCCTA-1_1",0.135145566925769,-0.118999599400949
"GAGGCCTAGGTCTACT-1_1",0.12415711985941,-0.0379840020328636
"GAGGCCTCAGCCTACG-1_1",0.128905220624173,-0.0744389929467249
"GAGGCCTTCTCTAAGG-1_1",0.193830677030116,-0.16979359165024
"GAGGGATAGCATGCAG-1_1",0.177222893213429,-0.149553011081672
"GAGGGATTCGGTCGAC-1_1",0.118827151703483,-0.116412114248651
"GAGGGTAAGCATCTTG-1_1",0.159326581266639,-0.179667847915492
"GAGGGTAAGTCCCGAC-1_1",0.0715182830728806,-0.159734516235991
"GAGGGTAGTTTCGTAG-1_1",0.178159515414839,-0.139126539616665
"GAGGGTATCATTCCTA-1_1",0.174715225595869,0.221492005178903
"GAGTCATCAGCTACCG-1_1",0.134531255948544,-0.0665142879832185
"GAGTCATGTGACAACG-1_1",0.167993310002204,-0.118677420416278
"GAGTCTACACGCGTGT-1_1",0.0495449518803329,0.0626115542550743
"GAGTGAGCACGTATAC-1_1",0.127205430097944,0.039639207967147
"GAGTGAGTCCTATGGA-1_1",0.17665259730354,0.192110573050996
"GAGTTACCATCGAGCC-1_1",0.0756038409518503,-0.0396991705402159
"GAGTTGTAGACGAGCT-1_1",0.121823194382398,0.0836448391252489
"GAGTTTGGTTTACTGG-1_1",0.125556739003892,-0.105257953317198
"GATAGAACAACTGGTT-1_1",0.16477368501535,0.195672666765253
"GATCAGTCACGGTGTC-1_1",0.158731293801825,0.161268395982834
"GATCAGTCAGCACCCA-1_1",0.0214656263594718,-0.0413981186878925
"GATCCCTGTGTCGATT-1_1",0.174230015611118,0.256238784355116
"GATCGTACATGCCGCA-1_1",0.131881921145277,0.0342289084567985
"GATGACTAGCTGGAGT-1_1",0.139184995315672,0.0543613004619409
"GATGAGGAGGAAAGTG-1_1",0.139348936396281,0.0700006606954776
"GATGAGGAGTTGGAGC-1_1",0.178151942472071,0.265034063283059
"GATGATCCACGGTGAA-1_1",0.16180855071963,-0.147665004024127
"GATGATCGTCGCAGTC-1_1",0.0249768113146794,-0.0690092080949576
"GATGATCTCAAAGAAC-1_1",0.127745717567964,-0.0815325483681465
"GATGATCTCACAGTGT-1_1",0.113815920466608,-0.06582274774185
"GATGATCTCCGAAGGA-1_1",-0.0128909565583003,-0.123201730050481
"GATGCTAGTAGTTAGA-1_1",0.133300251350145,-0.0113926843052509
"GATGGAGAGGTCGTAG-1_1",0.183133593322212,-0.16838932006151
"GATGGAGCAGAGTCAG-1_1",0.181702377516074,-0.155518663934257
"GATTCGAAGAGCAAGA-1_1",0.0784770003693971,-0.170113782927739
"GATTCGAAGGTCATCT-1_1",0.114380755146467,0.101277508832043
"GATTCGAGTCAATGGG-1_1",0.109667258984968,0.111398942220213
"GATTCTTTCCACTAGA-1_1",0.168958100630955,0.190368617122297
"GATTCTTTCCACTGGG-1_1",0.12215094058053,0.0426976891042127
"GATTGGTGTGTTAACC-1_1",0.185993099173565,-0.165139368132731
"GATTTCTTCCCTCTCC-1_1",0.151922903659829,-0.145264152913359
"GCAACATGTGGAAGTC-1_1",0.162645209626301,0.200028497629389
"GCAACCGAGAGGCGGA-1_1",0.153295676060426,0.20588996946396
"GCAACCGTCATCTGTT-1_1",0.187881848231873,0.251671556729617
"GCACGTGAGGAACGCT-1_1",0.169852388707091,0.21905941443438
"GCAGCCACAATCCTAG-1_1",0.0932919733236192,-0.0231289283876042
"GCAGCCACAGCTATAC-1_1",0.15724091975581,-0.149388609794308
"GCAGCCAGTTAGAAAC-1_1",0.174556681800588,-0.13945033613918
"GCAGGCTCACATGGTT-1_1",0.178740616129685,-0.145804664678788
"GCAGGCTTCATGCCAA-1_1",0.0735785812137626,-0.0748831435457518
"GCATCGGGTGGGAGAG-1_1",0.0728542112429751,-0.00667297027316114
"GCATCTCCAAGCAGGT-1_1",0.131389828679033,-0.0461739279397655
"GCATGATGTAGCTAAA-1_1",0.14635273180024,-0.0852016150736283
"GCATGATGTGGCAGAT-1_1",0.0500314525594417,-0.0531613792579579
"GCATTAGAGTCGAGGT-1_1",0.149649090723755,-0.0975810573704006
"GCATTAGGTGTCATTG-1_1",0.183778613329631,-0.157500988791846
"GCCAGTGGTGACTAAA-1_1",0.176676161269247,0.233979074758099
"GCCAGTGTCCTAGCCT-1_1",0.15437451504844,-0.130902790443093
"GCCAGTGTCGGCCTTT-1_1",0.146507723138246,-0.099348976059676
"GCCATGGAGCGACAGT-1_1",0.15033720735813,-0.17956451181808
"GCCATGGCATCCTTCG-1_1",-0.22304180262795,0.0180117676651722
"GCCATTCAGTAGGTTA-1_1",0.157055520560595,0.248433694158874
"GCCATTCTCCATGCAA-1_1",0.193978662001029,-0.173412340030408
"GCCCAGAAGGACGGAG-1_1",0.145434096643715,0.0133738165697252
"GCCCAGAGTGAGACGT-1_1",0.145437920165483,-0.104559336139265
"GCCGATGAGGGTCACA-1_1",0.161132710736014,-0.132229723830815
"GCCGATGGTAGCGAGT-1_1",0.126295035331057,0.061549953516497
"GCCGATGGTGCTTATG-1_1",0.131760428676459,0.222466511162048
"GCCTGTTTCCTGTAAG-1_1",0.0560935097730525,0.0491071576981343
"GCGAGAACAATTCTTC-1_1",0.125359506813573,-0.0112133937117746
"GCGATCGCAATGGCAG-1_1",0.168321081168427,-0.122873831152157
"GCGATCGGTGGCTTAT-1_1",0.182535942003939,0.300160464443421
"GCGGAAAGTGGCACTC-1_1",0.154914214234245,-0.0405477174582823
"GCGGAAAGTTAGGGTG-1_1",0.157243771952811,-0.127637790537572
"GCGGATCCACCCATAA-1_1",0.136623268914197,0.0264590384630464
"GCGTTTCTCTGGGCGT-1_1",0.128294349169531,0.00999082713244141
"GCTCAAAGTTTCAGAC-1_1",0.172488938635362,-0.160333790589651
"GCTCAAATCTATGCCC-1_1",0.121685313619876,-0.135044464520547
"GCTGAATGTTTATGCG-1_1",0.150953631228744,-0.112167061213316
"GCTGAATTCAGCGCGT-1_1",0.0725952334479234,0.126532315877175
"GCTGCAGCAATACAGA-1_1",0.144312672902528,-0.158938247070096
"GCTGGGTGTAGCCCTG-1_1",0.151639509175063,0.223684514905503
"GCTGGGTTCAGGACAG-1_1",0.151094116666796,0.141342697473472
"GCTTCACAGTGGACGT-1_1",0.156069445682939,-0.112964333554336
"GCTTCACCAGAGAAAG-1_1",0.121002491994751,0.018728648924026
"GCTTCACGTATCCCAA-1_1",0.169519280684602,0.282388640360041
"GCTTGGGAGTTCCGGC-1_1",0.129652374336772,-0.0302075009961653
"GGAATCTAGGATAATC-1_1",0.179081107681377,0.241965236630852
"GGAATCTCAACACTAC-1_1",0.133805443872674,-0.120109355374964
"GGAATCTCATCCCGTT-1_1",0.185158953000783,-0.164287408714056
"GGAATGGTCCCGAGGT-1_1",0.142944241878381,0.0988207701750612
"GGACGTCTCCTGCTAC-1_1",0.133898252205365,-0.129918165324585
"GGACGTCTCTGGGCGT-1_1",0.0459796204540341,-0.0523358236058375
"GGAGCAAAGGGACTGT-1_1",0.148796131752785,-0.104004500633368
"GGAGCAAAGTGGTGGT-1_1",0.167341178170028,0.224198707683654
"GGAGCAACATGACTAC-1_1",0.167876375709236,-0.129809407449618
"GGAGGATCAGGAACCA-1_1",0.17248492550504,0.198692595903586
"GGATGTTAGAAATTGC-1_1",0.157723191121596,-0.116718851261784
"GGATGTTTCGTAATGC-1_1",0.15948354536497,0.18215212626783
"GGCACGTTCGAGCTGC-1_1",0.145216241515501,0.178433538942577
"GGCAGTCGTAATTAGG-1_1",0.182262585676516,0.269121398832226
"GGCGTCACAGCTGAGA-1_1",0.120640726798553,-0.0630190183017018
"GGCTGTGGTGTTCCTC-1_1",0.163158448645717,0.213704123997164
"GGCTGTGTCTGAACGT-1_1",0.186265762104412,0.24985435968028
"GGCTTTCCAATGCTCA-1_1",0.19094183969829,-0.159781382151465
"GGGAAGTAGACCAAAT-1_1",0.181871285887607,-0.160299512737708
"GGGAAGTTCACTGGTA-1_1",0.1483605126095,0.138959881967829
"GGGACAAAGGGCCTCT-1_1",0.152451795760601,-0.12908776590378
"GGGACAAGTCAAAGAT-1_1",0.102410748239082,-0.0828915652627453
"GGGACCTAGTGGAAAG-1_1",0.16341464685621,-0.145531598874241
"GGGAGATCAATCGTCA-1_1",0.170284234851018,-0.131565319793181
"GGGATGAAGATAGTGT-1_1",0.0860397705880237,-0.0698152844462224
"GGGATGAAGCTAAACA-1_1",0.128568006763261,-0.0491088315326108
"GGGATGAAGTAGCCAG-1_1",0.16328793721866,0.264360366917483
"GGGATGATCCGGTAGC-1_1",0.187323142293034,-0.172525785772607
"GGGCCATTCAGCATTG-1_1",0.0900727207420364,0.0564074612717995
"GGGCGTTGTTATGTCG-1_1",-0.062067978218417,-0.0193846033526705
"GGGCGTTTCTATTGTC-1_1",0.183304526021481,-0.154571330597686
"GGGCTACTCGGACCAC-1_1",0.177072529859166,-0.13518680662577
"GGGCTCACACAAGCAG-1_1",0.158509533762116,-0.136309147094279
"GGGCTCACAGCTCCTT-1_1",0.157928516222339,-0.141647544825509
"GGGTAGAAGTACTCGT-1_1",0.141859273467129,0.142543875658572
"GGGTATTAGAGATGCC-1_1",0.137335229350832,-0.0722536604990373
"GGGTATTAGCTATCCA-1_1",0.156318353163016,-0.105398171246479
"GGGTCTGGTAAGATCA-1_1",0.165863570170312,0.188472540503106
"GGGTCTGGTCCGTTTC-1_1",0.170349905876708,-0.135478962929621
"GGGTCTGTCCCTCATG-1_1",0.101789946824993,-0.0918531273605695
"GGGTGAAAGTGGCAGT-1_1",0.173229891245947,-0.158392297346089
"GGGTGAATCCAACACA-1_1",0.161557420919469,0.236529600483093
"GGGTGTCTCCCATAAG-1_1",0.146353781208548,-0.101919940623616
"GGGTTATAGCTGTTCA-1_1",0.0965020558483229,-0.0466357946569796
"GGGTTATCAGACAAGC-1_1",0.171806101812632,-0.127150044027009
"GGGTTATGTGCTCTCT-1_1",0.0504875947610414,-0.0875290958687862
"GGGTTATTCTGTCTCG-1_1",0.152846442188547,-0.103732287917453
"GGGTTTACACAAATAG-1_1",0.182601999609224,0.205535700018372
"GGTAACTGTTAAGGGC-1_1",0.133484349414309,-0.0181922558536895
"GGTAACTTCTCCTGTG-1_1",0.159404558686907,-0.125198944295024
"GGTAATCAGTCGAAAT-1_1",0.138840476282119,0.165442689364264
"GGTAATCGTCGGCTAC-1_1",0.181044961019347,0.273944329525964
"GGTCACGTCAAACTGC-1_1",0.181488022737953,-0.173281247636247
"GGTGAAGTCTCAGAAC-1_1",0.123732051822586,-0.0919190989348633
"GGTGATTCAGTCGCAC-1_1",0.14104395561767,-0.0940793265521918
"GGTGATTGTTCCACAA-1_1",0.174007760881694,-0.144133285150876
"GGTGTCGCATGCGGTC-1_1",0.0580590103090224,0.112264855012058
"GGTTAACGTCTAGTGT-1_1",0.189522316023906,-0.180398081445777
"GGTTAACGTGGCAACA-1_1",0.192091332980608,-0.165661383219507
"GGTTAACGTTCTCACC-1_1",0.150656076546946,-0.130899653808261
"GGTTAACTCCGCAAAT-1_1",0.180116050660503,-0.141159702682563
"GGTTAACTCCGGTAGC-1_1",0.178801459349213,0.266741755407824
"GTAACACCACTGCGTG-1_1",0.193778218267335,0.221493332874689
"GTAACACGTTTCGACA-1_1",0.102171358375614,-0.0553363566997172
"GTAACCAGTGAGAACC-1_1",0.182921457013362,-0.152018252061582
"GTAAGTCGTGAACCGA-1_1",0.0400872278326592,-0.163641302976876
"GTAAGTCTCGATGGAG-1_1",0.130736005119418,-0.0286631801337521
"GTAATGCAGGAGCAAA-1_1",0.161093110023825,0.257316913914191
"GTACAACGTCTGTTAG-1_1",0.177416812727573,-0.156166275932939
"GTACAGTCAACACGAG-1_1",0.0744250791144798,-0.0179581379609297
"GTACAGTCAACCGCTG-1_1",0.177974443982723,0.25137992560523
"GTACAGTCAGATTTCG-1_1",0.113502595321909,-0.0968861133038973
"GTAGAAAAGTGAGTGC-1_1",0.137634260587143,-0.00754775163166042
"GTAGAAATCATAAGGA-1_1",0.110981891705263,0.0910001880572743
"GTAGAGGTCCAACTGA-1_1",0.1384240490928,-0.0192484936198928
"GTAGCTAAGTAAGGGA-1_1",0.171668829754705,-0.149907873560804
"GTAGCTACAACGGTAG-1_1",0.138366523217555,-0.194541482323061
"GTAGCTAGTAGACAGC-1_1",0.126080068273285,-0.0842243462177807
"GTAGCTATCCGTGTAA-1_1",0.14727530140349,-0.0933795320801912
"GTAGGAGTCGGTTGTA-1_1",0.165009937475911,-0.154042656630854
"GTAGGAGTCGTAGGAG-1_1",0.128304468584337,-0.0294628783866203
"GTAGTACGTCTCAGAT-1_1",0.172921895834985,-0.150800668842242
"GTATTTCAGGAAAGTG-1_1",0.171358674960134,0.234150713396411
"GTATTTCCACTGTTCC-1_1",0.157860126077674,-0.191657353767008
"GTCAAGTCAGCGTACC-1_1",0.15202123696428,-0.0612064956148102
"GTCACGGGTGTTATCG-1_1",0.153120705720259,-0.176965351762923
"GTCAGCGAGAGCAGAA-1_1",0.0860676391034319,-0.137943079528686
"GTCAGCGAGTGCCCGT-1_1",0.162838018930905,-0.171503267228824
"GTCAGCGGTCAGGTAG-1_1",0.152501695133689,-0.105284344508339
"GTCATGACAGCTGTAT-1_1",0.15125142070662,-0.0927271721706045
"GTCATTTCACCACTGG-1_1",0.160807902947317,-0.160678650362876
"GTCATTTGTGGCTTGC-1_1",0.181781540286116,-0.175667899699055
"GTCATTTTCAGCGTCG-1_1",0.192607449183219,-0.164860917956239
"GTCCACTTCGCTCTCA-1_1",0.146687394289076,0.00556078526747542
"GTCGTTCCACACACGC-1_1",0.133076242667406,0.0828198038431805
"GTCGTTCTCATCGGGC-1_1",0.191480856773564,0.217513088096588
"GTCTACCCACACACGC-1_1",0.16477357122031,0.187399071707382
"GTCTACCTCGAAGCAG-1_1",0.146614855046116,-0.145533432830148
"GTCTAGAAGATTGGGC-1_1",0.0871747658125937,-0.012126320037816
"GTCTCACAGTAGTCTC-1_1",0.180912994803875,-0.163962172749273
"GTCTCACCACGGCGTT-1_1",0.161605638526236,-0.116557836807076
"GTCTCACGTCGAAGCA-1_1",0.128304068065851,-0.0769605437231899
"GTCTTTAAGAAGCTGC-1_1",0.139614468387895,0.161605171659284
"GTCTTTATCATGACAC-1_1",0.154585947790056,-0.12054820752551
"GTGAGGACATGACTTG-1_1",0.0995344365374281,0.143686276226865
"GTGAGGATCTCACCCA-1_1",0.147884768782479,0.00574503068639017
"GTGAGTTAGCAATAGT-1_1",0.180607359324595,-0.182505001988631
"GTGCAGCTCCATAGGT-1_1",0.173747880063578,-0.151753284040115
"GTGCGTGGTGGATACG-1_1",0.159707064588355,0.215819592628348
"GTGCTTCGTTCCGCAG-1_1",0.0767836947735269,-0.167366334051031
"GTGCTTCTCCGTACGG-1_1",0.168650749208302,-0.177667976121294
"GTGGAAGAGATTGACA-1_1",0.187885905819959,-0.180071571553409
"GTGGAGACAGCGGTTC-1_1",0.193228661715049,-0.160382501245324
"GTGGAGAGTTAACAGA-1_1",0.114227371106914,0.0960324087605731
"GTGGCGTCAAGGCCTC-1_1",0.149144126738815,-0.158657735113918
"GTGGCGTCATAGACTC-1_1",0.184989610171943,-0.153850139792769
"GTGTCCTCATCTAGAC-1_1",0.158241879783099,0.189431625884901
"GTGTGATAGACGCCAA-1_1",0.1686621278398,-0.128409138693068
"GTGTTAGAGCGTGCCT-1_1",-0.0813511271011242,0.0562523218021876
"GTGTTCCTCTTCACGC-1_1",0.161360807868665,-0.133676354762197
"GTTACCCCACTGGATT-1_1",0.173585252659207,0.208485303061623
"GTTAGTGCAATTCTTC-1_1",0.162827931198072,-0.188113489995043
"GTTAGTGGTCAATGGG-1_1",0.13635665912529,0.102701987309896
"GTTAGTGTCATAGCAC-1_1",0.141866120581855,-0.0823171312895867
"GTTAGTGTCGCTAAAC-1_1",0.15548854911509,0.247172430463653
"GTTATGGAGCATTTCG-1_1",0.194208901193764,-0.159218433624964
"GTTCATTCACGCGTGT-1_1",0.0581069523014412,0.0767256853027858
"GTTCATTGTTAGGACG-1_1",0.151507029459868,-0.140591047727029
"GTTCCGTAGTCAACAA-1_1",0.120048095537587,-0.092934726440275
"GTTCTATTCTTCTCAA-1_1",0.187011565381941,-0.160490058094751
"GTTGAACCAGCCATTA-1_1",0.134228809731017,-0.0359683043818399
"GTTGAACTCTTCTAAC-1_1",0.123717793449469,-0.134177070646299
"GTTGCGGAGAGTTGTA-1_1",0.156649154218613,-0.135255311073492
"GTTGCGGCAGTGCCTG-1_1",0.0322812519621763,-0.155629423492
"GTTGTAGTCGTCTAAG-1_1",0.0314639488296911,-0.0220489508738212
"GTTGTGACAGACTCTA-1_1",0.167151382237946,-0.145616476753345
"GTTTACTAGATAACAC-1_1",0.132400961869135,-0.0832117512829757
"TAACACGCAGCGATTT-1_1",0.168809219519235,-0.194479176257703
"TAACACGCATACCACA-1_1",0.129516466485944,-0.0431316906507967
"TAACCAGTCGTCGCTT-1_1",0.138577507297598,-0.108417643423726
"TAACTTCGTACGACTT-1_1",0.0442692847019379,-0.0769911551058183
"TAACTTCGTCTACATG-1_1",0.181480621703888,-0.170574697576638
"TAACTTCGTGCTCTTC-1_1",0.16410813846205,-0.165247493877117
"TAACTTCTCACGACTA-1_1",0.17346887062103,0.236895748476036
"TAAGCACAGGGCCAAT-1_1",0.170504700791013,-0.129443103814048
"TAAGCCAAGCACGGAT-1_1",0.141200718087914,-0.135983329333234
"TAAGTCGAGCCACTCG-1_1",0.0486117202941106,-0.168632194524787
"TAAGTCGAGGATACGC-1_1",0.114267515118972,-0.0655764299375493
"TAATCTCGTGGGCTTC-1_1",0.147123368742808,-0.125986321115293
"TAATCTCTCGCGTAGC-1_1",0.183752595417823,-0.172489891002745
"TACAGGTTCGGTTGTA-1_1",0.113993634276208,-0.185030491280601
"TACATTCCAGCTGAGA-1_1",0.0828521519014752,-0.121477411014542
"TACCCGTCAGTTAGAA-1_1",0.0882819220572387,-0.0368547694290823
"TACCGAAAGGACTATA-1_1",0.137018168883692,0.0471485237973537
"TACCGGGGTGAATATG-1_1",0.174797332393278,-0.169209466348345
"TACGCTCCAGCCGTTG-1_1",0.112276157832871,0.0844936929444639
"TACGCTCGTGATACCT-1_1",0.17561501222221,-0.134067133292241
"TACGGGCGTACTAACC-1_1",0.208796290365871,0.244413374890222
"TACGGGCTCCGGACGT-1_1",0.158020514974858,0.170780277027798
"TACGGTACATATTCGG-1_1",0.142830861696417,-0.0774750355425621
"TACGGTACATTCATCT-1_1",0.139851579869065,-0.108571078540203
"TACGGTATCCAACCAA-1_1",0.120373528420814,0.0034514722796763
"TACGTCCTCTGGCCGA-1_1",0.157819579103491,-0.123284080122825
"TACTGCCTCGGCTGGT-1_1",0.180131299284378,-0.179017685782558
"TACTTACAGACGCTCC-1_1",0.167566284345704,-0.117190672247294
"TACTTACAGCTCTATG-1_1",0.163705024173249,-0.140587576838402
"TACTTACCAACTGTGT-1_1",0.192800145070948,-0.176541016799852
"TACTTCAAGATGATTG-1_1",0.0546227654414518,-0.016924687232903
"TACTTCAGTCGGTGAA-1_1",0.16211656911218,0.217065570294849
"TAGACCAAGGATCACG-1_1",0.186878513009407,-0.177278268080844
"TAGACTGCACGTGTGC-1_1",0.123727372203997,-0.125728076289204
"TAGCACACAAGTGACG-1_1",0.16091844834038,-0.109919501791172
"TAGCACATCTAGTCAG-1_1",0.166014370518184,-0.142022506624998
"TAGGTACCACTAGTAC-1_1",0.187808138287127,-0.149581842057167
"TAGGTACTCTGGGCGT-1_1",0.105029946719905,-0.0709199404568449
"TATACCTGTCCTACAA-1_1",0.147514750694219,0.165148433274158
"TATACCTGTTAACAGA-1_1",0.142098338008009,0.112873906113766
"TATATCCGTTGTAGCT-1_1",0.15120987049061,0.22743273633242
"TATCAGGGTTTCAGAC-1_1",0.0728821062778233,-0.123722533635881
"TATCGCCCACCTCAGG-1_1",0.13916797153947,-0.0695687809530778
"TATCTGTCATCTCGTC-1_1",0.152712565795555,-0.142257069207021
"TATCTGTTCAAAGACA-1_1",0.167684914287126,-0.13185388970961
"TATCTTGAGCAAGTGC-1_1",0.163831461888072,0.22702188820047
"TATCTTGGTACGTTCA-1_1",0.153339921216628,-0.148754266663075
"TATCTTGGTCAAATCC-1_1",0.160282132854788,0.251757509223958
"TATGTTCAGGTTACCT-1_1",0.19130029317055,-0.167099580303199
"TATGTTCCAGCTGCCA-1_1",0.173553130279592,-0.179521130012375
"TATTGGGAGGTTAAAC-1_1",0.162682730452059,-0.129934173659599
"TATTGGGGTACCGCGT-1_1",0.0748230196057547,-0.16375231918321
"TATTGGGGTATAGCTC-1_1",0.191334838515014,0.282832338644355
"TATTTCGTCGACGACC-1_1",0.164244727904764,-0.196294585626848
"TCAAGTGGTACCGCGT-1_1",0.153976448882372,0.185827428843261
"TCAATTCAGAGAGTGA-1_1",0.184673872952638,-0.170683380817009
"TCAATTCAGCAATAAC-1_1",0.14742728994495,-0.146911227153301
"TCACATTAGAATGTTG-1_1",0.177459210018039,0.245986958907715
"TCACATTAGACCATGG-1_1",0.133367362742448,-0.0469989956796764
"TCACATTTCCACTGGG-1_1",0.163192428333532,-0.1791574362437
"TCACTATGTCAAATCC-1_1",0.152964947890958,0.162810719777859
"TCAGCAAAGAGTTGCG-1_1",0.130357695325457,0.0277050455845127
"TCAGCAATCAGCGGAA-1_1",0.115762203276604,-0.0815711066576156
"TCAGGGCAGATGGGCT-1_1",0.21052080470882,0.23167837665417
"TCAGGGCTCGAGGCAA-1_1",0.169091103599511,-0.138817570305842
"TCAGTCCGTCTAGTGT-1_1",0.167020568427376,-0.131858164676264
"TCAGTGATCTCATGGA-1_1",0.159553444508735,-0.128888806894279
"TCAGTTTTCTTACGGA-1_1",0.0409497319830307,-0.0247810112274414
"TCATACTCATTAAAGG-1_1",0.161208540602518,-0.122683126736285
"TCATACTTCACCTGGG-1_1",0.15776095265615,-0.0846733025705646
"TCATATCAGATGAATC-1_1",0.122633917762129,-0.0547632329249383
"TCATATCTCTGGACCG-1_1",0.167838356294487,-0.169439318928262
"TCATCCGCAAGGTCTT-1_1",0.177724996565023,-0.148055235137157
"TCATGAGCAACCGTGC-1_1",0.183183139867033,0.271962353233693
"TCATGAGGTTGAGAGC-1_1",0.1544954916704,0.152017852459704
"TCATGCCAGGAAAGTG-1_1",0.154743638503903,-0.155670662741858
"TCATGGATCTCCAATT-1_1",0.110585941671933,-0.100773932913919
"TCATGTTCACCGCTGA-1_1",0.192401416821299,0.233889273729478
"TCATGTTGTAACGGTG-1_1",0.178629862710873,-0.153416616368478
"TCATGTTTCTCTAGGA-1_1",-0.0507095527942704,0.0374029503348748
"TCATTCACACTTGAGT-1_1",0.149736184714623,-0.0924328309848918
"TCATTCAGTAGGCAAC-1_1",0.144880684579325,-0.0866117602534359
"TCATTGTCAAGTGGTG-1_1",-0.00691805649793789,-0.178586618395151
"TCATTTGCAGGAACCA-1_1",0.154608134917025,0.164918348122378
"TCATTTGGTTGACGGA-1_1",0.181012758060162,-0.141612498360651
"TCCACCAGTGCCCACA-1_1",0.141170716847889,-0.104050086193611
"TCCACGTAGGTTGGTG-1_1",0.0977197753900262,0.0709867083103732
"TCCACGTCAAAGGGCT-1_1",0.104028474005178,-0.0515690856627305
"TCCATCGCACGGCCAT-1_1",0.178657434618805,-0.140296492740165
"TCCATCGCACTCTGCT-1_1",0.187235015831754,0.213572270250696
"TCCATCGGTGACGTCC-1_1",0.154353927046406,-0.166859323331593
"TCCATCGTCGCCTTGT-1_1",0.154668364030471,-0.118160004508116
"TCCCACAGTGATACAA-1_1",0.166679704770341,-0.117370024202102
"TCCCACATCCGCACTT-1_1",0.0104863648634811,-0.0459978637952946
"TCCCAGTGTGAGATCG-1_1",0.132406529051474,0.116501430806069
"TCCCATGGTTCCATTT-1_1",0.194972764640406,0.281494206570843
"TCCGAAAAGAGGTTTA-1_1",0.137901076793051,-0.182697749125756
"TCCGAAAAGGTGGTTG-1_1",0.128327320457523,0.0802103984091042
"TCCGAAACAACTTGGT-1_1",0.190174315839025,-0.16932692842996
"TCCGAAATCGATTGAC-1_1",0.156024866392404,-0.117635678810229
"TCCGATCGTCCGAAAG-1_1",0.164009229426411,-0.196700620902351
"TCCGGGAGTCGCATTA-1_1",0.0986069614288122,-0.0154256059770274
"TCCGTGTCAAGTACCT-1_1",0.162503019164048,-0.131444511404856
"TCCGTGTCACCCTATC-1_1",0.0701438267065276,-0.0865494136343423
"TCCTCCCTCGACACCG-1_1",0.209121175060833,0.237426345770458
"TCCTCGAAGCTCGAAG-1_1",0.186042033221891,-0.169498790872584
"TCCTCGAGTTACACTG-1_1",0.157569182970797,-0.0882860358064052
"TCCTCTTAGTAACCTC-1_1",0.13416286859671,0.00169729596395107
"TCCTGCACATGACGTT-1_1",0.0707857111353335,0.114453791455206
"TCCTTCTAGAGTCGAC-1_1",0.13870940640066,0.169607583646453
"TCCTTCTGTGTATCCA-1_1",0.185892846117518,-0.164204736628376
"TCCTTTCTCGACATAC-1_1",0.0126899522996828,-0.0361805803578891
"TCGAACAAGGTTGGTG-1_1",0.191748927466027,-0.175123700726663
"TCGAACAAGTGCCTCG-1_1",0.185149661686117,-0.163150989360044
"TCGACCTGTCATCCGG-1_1",0.144980654013981,-0.169177524226222
"TCGACCTGTGAATAAC-1_1",0.15987064115929,0.163154473504262
"TCGACGGAGCGACATG-1_1",0.116392234231524,0.0429014115420458
"TCGACGGCAGAACTAA-1_1",0.170683479232455,0.231109154413543
"TCGCAGGTCGCTTGAA-1_1",0.152488179604193,-0.0354463822895221
"TCGCTTGAGGCTGGAT-1_1",0.141287455850192,0.0977457129581624
"TCGGGACAGACTCAAA-1_1",0.186509033960728,-0.171033483051889
"TCGGGACCAAACTAAG-1_1",0.177353837896884,0.185849193072119
"TCGGGTGGTCAAACGG-1_1",0.118074235091415,-0.0151107010342363
"TCGGTCTCATTGCTGA-1_1",0.1861207729189,-0.158854395364578
"TCGGTCTTCTCAGAAC-1_1",0.144902487423337,-0.10608185637532
"TCGTAGAAGAGCCCAA-1_1",0.152705761879178,-0.185443538207335
"TCGTGCTAGCTAGCCC-1_1",0.0963342157147377,-0.0374838310236179
"TCGTGGGAGTGCAGCA-1_1",-0.0782747186862641,0.0286581905967792
"TCGTGGGCAAAGACTA-1_1",0.168564699264676,-0.132794666072801
"TCGTGGGCATGAATAG-1_1",0.133989535993225,-0.149743907915136
"TCGTGGGTCGCCTTTG-1_1",0.0449676929256546,-0.0788305680175114
"TCTAACTAGAAGATCT-1_1",0.159366111882956,0.201512391280406
"TCTAACTGTCTACGTA-1_1",0.166523923516747,-0.120374493708819
"TCTACATCAACGGCTC-1_1",0.171994053312601,0.225683669759294
"TCTATACAGTAGTCCT-1_1",-0.0644645318296047,-0.104980650782499
"TCTATACCAACACAAA-1_1",-0.0163049456641877,0.0490839576760915
"TCTATACTCCCAGGCA-1_1",0.187980632289608,-0.185912958537732
"TCTATCAAGTCATGAA-1_1",0.145427005751053,-0.0343175940310362
"TCTATCAGTGTTCGTA-1_1",0.185490105600545,-0.160651977011954
"TCTATCATCAGTGTCA-1_1",0.110830417220527,-0.00257813528898807
"TCTCACGTCACCTACC-1_1",0.139908343287634,0.148735380887712
"TCTCTGGAGCAACTCT-1_1",0.155448963443929,-0.0856034101171359
"TCTGCCAGTGCCGGTT-1_1",0.00908884847356454,-0.0321731061426633
"TCTGCCAGTTCGGACC-1_1",0.153380772893219,-0.129409087880047
"TCTGTCGGTTAGGAGC-1_1",0.119726713400044,0.123702578577702
"TCTTAGTAGTCGGGAT-1_1",0.0773074988799096,-0.0165490562243861
"TCTTAGTTCGATAACC-1_1",0.0401116775711241,-0.0511663506872124
"TCTTGCGAGTGACCTT-1_1",0.12640749236877,0.00658967848514291
"TCTTGCGCAGATCCTA-1_1",0.182725869901104,-0.151401833967687
"TCTTTGAAGACCGCCT-1_1",0.166447540568543,-0.143364399286942
"TCTTTGAGTGGCTGCT-1_1",0.122196845400462,-0.113271941432583
"TCTTTGATCGCACGAC-1_1",0.152973778287879,-0.0987809119629354
"TGAACGTGTGTGAGCA-1_1",0.174833087776336,-0.149992533355272
"TGAATCGCAGTCTCTC-1_1",0.159000320766165,0.186218373265678
"TGACAGTGTTATAGAG-1_1",0.0789842940883622,-0.0996882682704238
"TGACAGTTCGCTGCGA-1_1",0.132354749429532,-0.1396680381601
"TGACAGTTCTATGCCC-1_1",0.170761488139783,-0.183136302423474
"TGACCCTCATCCGTTC-1_1",0.190047505753759,-0.185336272713869
"TGACTCCAGTCCCTAA-1_1",0.156706063693433,-0.133929739714445
"TGACTCCCATAGTCAC-1_1",0.0604458019970648,-0.0570905491598644
"TGAGACTCACGTAACT-1_1",0.0783750692292152,-0.0788121878766068
"TGAGACTTCCCGAAAT-1_1",0.131113311574556,0.0436566539193817
"TGAGCATGTACTGAGG-1_1",0.105563168586555,0.0938630435551274
"TGAGCGCTCACGAACT-1_1",0.144649227912094,0.0236133319105378
"TGAGGAGGTATGAAAC-1_1",0.15689886557824,-0.114492835941934
"TGATCAGCACAATGTC-1_1",0.0713936346814019,-0.108007988358838
"TGATTTCAGGTGAGCT-1_1",0.132716384663616,-0.0170163442731868
"TGATTTCGTCGTACTA-1_1",0.127782731788429,0.0447495061198053
"TGATTTCGTTAACAGA-1_1",0.137091478394577,-0.123054397949992
"TGCACGGGTGTACAGG-1_1",0.147805339898695,0.0109965232317939
"TGCAGGCAGTGGCGAT-1_1",0.125723489827396,-0.0299497877064775
"TGCAGGCTCAACCTCC-1_1",0.150731591433197,-0.0937316256729709
"TGCAGGCTCAGCAATC-1_1",0.133214069882279,-0.0356836899240058
"TGCAGTAGTATGATCC-1_1",0.146072994323084,0.124575756424641
"TGCATCCTCGCCTTGT-1_1",0.177597128055055,-0.16603482715228
"TGCATGAAGCAGCGAT-1_1",0.0728124498826756,-0.126033036198615
"TGCATGAGTGCATCTA-1_1",0.168656657295373,0.223731409069379
"TGCATGATCCGAACGC-1_1",0.102319857791188,-0.0150429441755629
"TGCCGAGTCGCTACGG-1_1",0.124732648505422,0.00807693867089804
"TGCGACGCAGGGCTTC-1_1",0.148646733300743,-0.101712084864902
"TGCGACGTCAAGAGTA-1_1",0.171858582628581,-0.15628854089607
"TGCGGCAAGAGTCGAC-1_1",0.145611147288054,0.129504647702484
"TGCGGGTCAGCGTACC-1_1",0.152652466933004,-0.106103471844193
"TGCTCGTGTAGTCCTA-1_1",-0.0257085313332612,-0.0355013607974994
"TGCTGAAAGGTTATAG-1_1",0.12654760126276,-0.0259504423327724
"TGCTGAAAGTGCCCGT-1_1",0.169775256862538,-0.195968930665172
"TGCTTGCAGCGCACAA-1_1",0.159285832812809,-0.169561265747662
"TGGAACTAGATTGATG-1_1",0.130856937970297,-0.0792450020531007
"TGGAACTGTGGATTTC-1_1",0.160150669163338,-0.189974887026007
"TGGAACTTCTCGCGTT-1_1",0.145979929291676,-0.163681453489662
"TGGAGAGAGCACTCTA-1_1",0.194321114359787,-0.175990163340734
"TGGATCAGTAGACGGT-1_1",0.152930171100764,-0.0868290227418182
"TGGATGTCACAAGTTC-1_1",0.18239706310177,0.213465210433266
"TGGCGTGCAAGGGTCA-1_1",0.11105272693273,-0.130300964905321
"TGGCGTGGTGTCATTG-1_1",0.154775263086366,-0.110290225371537
"TGGCGTGGTTAGAAGT-1_1",0.147175927197472,-0.101160023914439
"TGGCGTGTCTTCACGC-1_1",0.0611240318658252,-0.156690594436852
"TGGGAGAGTCACTACA-1_1",0.085452163716805,0.102684121260753
"TGGGCGTAGTAGCCAG-1_1",0.173259776976203,0.21149512292313
"TGGGCGTGTCTACAAC-1_1",0.174981930413051,-0.143881405813087
"TGGGCGTGTGACGTCC-1_1",0.168642701450688,-0.131470440360418
"TGGGCTGAGCTATCTG-1_1",0.150061385394153,-0.0952724091062465
"TGGGTTAGTAGCTGAG-1_1",0.175751035291307,0.249072661158029
"TGGTAGTCAGCCTACG-1_1",0.132653714951281,-0.0124631076321691
"TGGTAGTGTGTCCAAT-1_1",0.0889325734145857,-0.10551608488068
"TGGTTAGAGGCCTGAA-1_1",0.0111642430042343,-0.0658007705846446
"TGGTTAGTCTCTCGCA-1_1",0.129142285275486,-0.0160021142173332
"TGTAACGCACCAGCGT-1_1",0.176143298148839,0.20166542284247
"TGTAAGCTCAGACCCG-1_1",0.138725902477194,-0.069962248026651
"TGTAGACAGCCTGACC-1_1",0.176497312092567,0.250156651616726
"TGTAGACAGCTGTCCG-1_1",0.173689775363342,-0.141795296009758
"TGTCAGATCCTGCCAT-1_1",0.155445320244549,0.126437010497731
"TGTCCCACAAAGTATG-1_1",0.1687119527218,-0.114368385816368
"TGTCCCACAACTGTGT-1_1",0.180001139487991,-0.174070808842496
"TGTCCCACAGACCTAT-1_1",0.137335172045214,0.0702491206969645
"TGTCCTGCAAGTGTCT-1_1",0.174132724992863,-0.139595070838919
"TGTCCTGCAATCAGCT-1_1",0.179095740299122,0.217060447019771
"TGTCCTGCATGACTCA-1_1",0.161258874238745,-0.143707316345958
"TGTGAGTAGAGTCAGC-1_1",0.141261142580636,-0.0852872376689398
"TGTGATGGTCCCACGA-1_1",0.171951804552711,-0.157654234670388
"TGTGATGGTTATTCCT-1_1",0.12885632376494,-0.0205297345567597
"TGTGCGGAGCGCAATG-1_1",0.172739865843199,-0.124504852872633
"TGTGCGGCAAGAGCTG-1_1",0.136599356040646,0.071042744213568
"TGTGCGGGTCTGTCCT-1_1",0.152195213599563,-0.0966674487896106
"TGTTACTGTGGCGCTT-1_1",0.152038161225185,0.186987038960311
"TGTTCATCACTAACCA-1_1",0.178632502365988,-0.162758930053462
"TGTTCATGTACGGTTT-1_1",0.186645032309988,-0.163958746695309
"TGTTCATGTCCTCATC-1_1",0.0830894884021845,0.0404172237382518
"TGTTCCGGTTTGGGAG-1_1",0.139490760324345,0.176569590285016
"TGTTCTACAACGAGGT-1_1",0.008745347330024,-0.114860790025585
"TGTTCTATCGTGTGGC-1_1",0.176558529572067,-0.169229930890822
"TGTTGAGGTAGGCAGT-1_1",0.158436152526777,0.173666130718083
"TGTTGAGTCCCGTTCA-1_1",0.119049357713778,-0.0175317830506005
"TGTTGGAAGTAACGTA-1_1",0.128041204785506,-0.131151671652098
"TGTTGGATCGCAAGAG-1_1",0.161100071873405,0.17690679849901
"TTACAGGCATGGTACT-1_1",0.128629184663646,-0.0611518766455381
"TTACCGCGTCACGACC-1_1",0.186621884848956,-0.165732693828315
"TTACGCCTCCCTCTCC-1_1",0.120989887714874,0.129916204887036
"TTAGGGTCACTGCGAC-1_1",0.177862697858745,0.222540550203986
"TTAGGGTGTACTGGGA-1_1",0.0620590861984493,-0.114717550939678
"TTAGGGTTCATGTCTT-1_1",0.168396998174213,-0.149201323582906
"TTAGTCTGTGGAAGTC-1_1",0.15829845636793,-0.0929252229439372
"TTATTGCAGGAGGTTC-1_1",0.132092531703706,0.103379478790138
"TTCAATCAGGGATCAC-1_1",0.191939095844757,0.284196749247543
"TTCACGCCAAAGGCAC-1_1",0.185419042313933,0.209475876338668
"TTCACGCCAGCCCAGT-1_1",0.153349615975132,-0.113260017629045
"TTCACGCCATGGCGCT-1_1",0.119140020889637,0.0140056529446287
"TTCACGCGTAAGGAGA-1_1",0.166826222386043,0.232192447336415
"TTCAGGACATGTTCAG-1_1",0.186508578230325,0.208664686818995
"TTCAGGATCATTGGTG-1_1",0.140466185422761,-0.152899354665325
"TTCATGTCAGCTGTAT-1_1",0.166223867163582,0.28398766221094
"TTCATGTTCTTCCTAA-1_1",0.143237721061849,0.180102606807547
"TTCATTGCACCGTCTT-1_1",0.161902921793474,0.152709287225522
"TTCCAATTCCACGGGT-1_1",0.149063319727638,-0.0881651870864103
"TTCCAATTCCTTCGAC-1_1",0.137335477886876,0.116497091013472
"TTCCACGGTAGGATAT-1_1",0.182104615796903,-0.153479335277229
"TTCCGGTAGCATGAAT-1_1",0.143802587610142,-0.103480293307926
"TTCCGTGGTTGCATTG-1_1",0.157966788075301,-0.102677943345036
"TTCCGTGGTTTCGGCG-1_1",0.143534458918149,-0.144599968484019
"TTCCTCTGTCTTACAG-1_1",0.179631241372682,0.241752040971172
"TTCCTTCAGACCACGA-1_1",0.166562856569631,-0.144678926894298
"TTCCTTCAGGAGGGTG-1_1",0.162416818224252,-0.116636615543028
"TTCGGTCAGGGCCTCT-1_1",0.191363934275116,0.216647316279095
"TTCTAGTCAAATAGCA-1_1",0.0640787142382451,0.00668313186984939
"TTCTAGTCAGCCTTCT-1_1",0.0379835862236747,0.122675479289619
"TTCTAGTTCTTCCCAG-1_1",0.081309333521648,-0.060727872780611
"TTCTCTCGTTAAGGGC-1_1",0.13701120301193,-0.0479721535913715
"TTCTGTACAATTTCCT-1_1",0.137336404286643,0.123175468509091
"TTGAACGAGCCGTTAT-1_1",0.186730674222772,-0.166631416037626
"TTGAACGAGTGGTTCT-1_1",0.144686310452985,0.0977088073099053
"TTGAACGCAAGCGAGT-1_1",0.189603042446632,0.260506467818492
"TTGAACGCACATGGTT-1_1",0.165825385753093,-0.151975611311236
"TTGACCCGTTTACGTG-1_1",0.176686625140275,-0.144397766664889
"TTGATGGAGGCCCGTT-1_1",0.119431301820268,-0.0355297674100617
"TTGATGGGTCCTCATC-1_1",0.170504127240857,0.231227193946592
"TTGCATTTCCGAGTGC-1_1",0.135982752800598,-0.161951473465214
"TTGCTGCCACCGTGCA-1_1",0.0810283977070448,-0.0013084951847956
"TTGGGATGTTCAAGGG-1_1",0.112388553718861,-0.055615139301098
"TTGGGTACAACGTAAA-1_1",0.176344586548804,-0.155897131570234
"TTGGGTATCCACGTAA-1_1",0.0999675446036049,-0.0130107620383011
"TTGGTTTGTCCATCTC-1_1",0.156468318155558,-0.191993684203312
"TTGGTTTTCTCGACGG-1_1",0.154440855187204,0.18452515905507
"TTGTTCAAGCGAGGAG-1_1",0.145435392682717,-0.131743024989536
"TTGTTCATCTGCTGAA-1_1",0.144837827080802,-0.0770963034413199
"TTGTTGTCACGGCCAT-1_1",0.202140934833663,0.241025712671302
"TTGTTTGCACATAACC-1_1",0.183723138003728,-0.170298318271896
"TTGTTTGGTCAGGCAA-1_1",0.107808867672523,-0.0620280661283912
"TTTACCATCCACTTCG-1_1",0.139890651500422,0.110768519897146
"TTTACCATCTGACAGT-1_1",0.106581020377298,-0.0764311963933436
"TTTACGTCATCTCAAG-1_1",0.126683273234751,0.0766264539591833
"TTTAGTCCAAAGGAGA-1_1",0.0669506709996834,0.0157509842352099
"TTTAGTCCATCCTATT-1_1",0.179865318138672,-0.151222941730743
"TTTATGCGTTGCTCGG-1_1",0.17012941409785,0.2444172327049
"TTTATGCTCATTCTTG-1_1",0.159196841714606,-0.163572711302401
"TTTCACATCGGTAGGA-1_1",0.137899371565637,-0.0861523422500301
"TTTCACATCTACCAGA-1_1",0.136444825777343,-0.07687842684258
"TTTCAGTTCGACGATT-1_1",0.129861022402778,0.075802455562403
"TTTCATGAGCAGTAAT-1_1",0.157925247275012,0.156933854181343
"TTTCCTCAGCTGGAGT-1_1",0.136514248635608,0.0989997588665061
"TTTCCTCTCTCTAGGA-1_1",0.164392462762201,-0.131105341785658
"TTTCGATAGGACAAGA-1_1",0.179664129341282,-0.161889909715747
"TTTCGATAGGGCAACT-1_1",0.164082890381198,0.193386795235706
"TTTCGATTCCAAGGGA-1_1",0.110394026571777,0.160251861242324
"TTTGACTCAATCGCCG-1_1",0.16068641820161,0.239912580577571
"TTTGATCGTTTCCAAG-1_1",0.162363677553342,-0.121025586824588
"TTTGGAGGTAACAAGT-1_1",0.162301655869123,-0.200107381532258
"TTTGGAGTCTCTTCAA-1_1",0.0348217836030862,-0.0855754042197166
"AAACGAAGTGTTCCTC-1_1",0.140788032504669,0.152313295299553
"AAACGAAGTTTCCCAC-1_1",0.0766838381373792,0.0587831459414763
"AAAGAACCAGATCATC-1_1",0.13038000762657,0.123047337760735
"AAAGGGCGTTCCTAAG-1_1",0.0764504034925047,-0.0663915960375614
"AAAGGTAAGAGTGAAG-1_1",0.073079574996283,0.0484121675295927
"AAAGGTAAGCGACCCT-1_1",0.0473633511303744,-0.0429287226431103
"AAAGGTATCGCCTTTG-1_1",0.160315203067099,0.204952485485155
"AAAGTCCAGCGAGTAC-1_1",0.157117135624547,0.169952781815391
"AAAGTCCTCGACCTAA-1_1",0.0920688341904177,0.0829221361488229
"AAATGGAAGACTCAAA-1_1",0.204936762241616,0.23211218603014
"AAATGGAGTACTGTTG-1_1",0.103835670835412,0.0951417360500317
"AACAACCCACAAATAG-1_1",0.133045866435445,0.130481267305951
"AACAACCCACCTCTGT-1_1",-0.00863852659771169,0.0100666828611152
"AACAAGACAATTGTGC-1_1",0.0957838048636481,0.0648658394213718
"AACAAGATCGATTGAC-1_1",0.024563329795564,-0.021208163010708
"AACACACCAAGCTGCC-1_1",0.0508290710230045,0.00489749958826213
"AACACACCAGACAAGC-1_1",0.05888664789579,0.0338003230119454
"AACACACCATGGAATA-1_1",0.061938455830674,0.056214107278945
"AACAGGGTCACAAGAA-1_1",0.0378971177306827,-0.0343646539595384
"AACAGGGTCCGTATGA-1_1",0.0734857892950036,0.0439233473066911
"AACCAACTCCATAGGT-1_1",0.0485398819611947,-0.0400160406950672
"AACCAACTCTAGTGTG-1_1",0.108483068110113,0.0875271703460277
"AACCACAAGGTCTACT-1_1",0.116949835561,0.179905202733622
"AACCACACATCTCAAG-1_1",0.0746414330241884,0.0368500224253937
"AACCACACATGGAAGC-1_1",0.00410518667479236,-0.0121805675013656
"AACCATGAGAATCGCG-1_1",0.11207502608834,0.0962074435650911
"AACCCAACAGATACCT-1_1",0.0467666549304101,-0.0433193596206298
"AACCCAATCAATGCAC-1_1",0.00542339062676034,-0.00387926906015873
"AACCCAATCGAGATGG-1_1",0.0363560436233451,-0.0250296011737125
"AACCTGAAGAAACCAT-1_1",0.10780585925645,0.0902227844181335
"AACCTGAAGGAGAATG-1_1",0.0243797288783723,-0.0340368159001813
"AACCTTTTCTTTCAGT-1_1",0.0570292771956661,0.0357153676272044
"AACGAAATCCATACTT-1_1",0.12475595912368,0.084772011186225
"AACGTCAGTCCTTGTC-1_1",0.0400736752183686,-0.0420677571321903
"AAGAACATCATTCGTT-1_1",0.131843914567253,0.152114562212491
"AAGAACATCTAACACG-1_1",0.0601429980117692,-0.0263572972644131
"AAGACAAAGAGGTATT-1_1",0.113187342263214,0.0920354982535252
"AAGACAAGTAGAGACC-1_1",0.100749867268374,0.0749960717037445
"AAGACAAGTCCGGTCA-1_1",0.0613506199334358,0.0350436710572602
"AAGATAGTCCCAAGTA-1_1",0.0598542435339555,-0.0477045447335654
"AAGCATCTCAGACATC-1_1",0.0889427959827995,0.0877336961558141
"AAGCGAGAGGATACGC-1_1",0.0358785126941822,0.0380876914770589
"AAGCGAGCATGGTGGA-1_1",0.0616903734186484,0.0494025988222022
"AAGCGAGGTCTTAGTG-1_1",0.029053221480524,-0.0356159069462686
"AAGCGAGGTGTCCGTG-1_1",0.0553331789633691,-0.0491350549876732
"AAGGAATCATGACTAC-1_1",0.0358568243357387,-0.0246447694470066
"AAGGAATGTCCAAGAG-1_1",0.0685790283823326,0.0202893610099421
"AAGGTAAAGCACCGTC-1_1",0.0897600025877336,0.0531211051035383
"AAGTACCCAACTACGT-1_1",0.0538158583169851,-0.0507059000990941
"AAGTCGTAGGCTGGAT-1_1",0.0439402779114012,-0.0107509053510633
"AAGTGAAAGTCTGGTT-1_1",-0.0212690645863136,-0.0364589271358982
"AAGTGAACAATTGCCA-1_1",0.0581576543605403,-0.054539664816836
"AAGTGAAGTTTGTGGT-1_1",0.0307861447412252,-0.00500348072374589
"AAGTTCGAGGATCACG-1_1",0.0634408041633965,0.0243362413217024
"AAGTTCGAGGTGATCG-1_1",-0.0282702910995354,0.00148921552321852
"AATCACGCAACAGTGG-1_1",0.0942146518226305,0.0750370914272015
"AATCACGGTGTCCGTG-1_1",0.0957873144116944,0.0717570064003896
"AATCACGTCGGAAACG-1_1",0.0284099743091384,-0.0161278743302302
"AATGACCCAACGCATT-1_1",0.0176637418064274,-0.0299653175486167
"AATGCCAAGTTCCATG-1_1",0.137912395777969,0.142975896781858
"AATGCCACAAGTCGTT-1_1",0.0457742351447624,-0.0355009020264868
"AATGCCATCATCGTAG-1_1",0.158237745734968,0.184132105471697
"AATGCCATCGGACAAG-1_1",0.0422901638409489,0.0376638165375222
"AATGGCTAGACTCAAA-1_1",0.0340137490106776,-0.0190107266234058
"AATGGCTGTTTACCAG-1_1",0.0903914868179585,0.0280596381036912
"ACAAAGACATAAGCGG-1_1",0.0870403619469857,0.0498582483580905
"ACAAAGAGTCATAGTC-1_1",0.0105277900728153,0.0154700416712562
"ACAACCAGTTCGTACA-1_1",0.0921394952916598,0.0713189262220612
"ACAAGCTTCACCTACC-1_1",0.0276126361496102,0.00423280893380797
"ACACCAACAGGCTCTG-1_1",0.13637017677534,0.13680349302192
"ACACCAATCTTGCAAG-1_1",0.0996294844788399,0.089691016506971
"ACACGCGAGATCGGTG-1_1",0.0436124062082785,-0.0464913995181497
"ACACGCGAGTCCGTCG-1_1",0.0791256688510868,0.0439713960786973
"ACACGCGAGTTCCATG-1_1",0.0382416138737209,-0.0128480864165867
"ACACGCGGTGGCTAGA-1_1",0.0467825297381633,0.0302897141912132
"ACACTGACACTTGTCC-1_1",0.0496622620451936,-0.040734070682852
"ACAGGGAAGAACGCGT-1_1",0.0561980360294987,0.026446664963833
"ACAGGGACAAGTGACG-1_1",0.151965930089534,0.148109827870104
"ACAGGGAGTACGCTAT-1_1",0.085951219326438,-0.116730614980179
"ACAGGGAGTGCGCTCA-1_1",-0.00853749638202303,-0.0064179292666568
"ACATCCCGTACCCAGC-1_1",0.0899874410908603,0.0670054352430967
"ACATCGACACTCATAG-1_1",0.152587131339943,0.257175329147943
"ACATCGACAGCAAGAC-1_1",0.0571268767554719,0.0326260045736355
"ACATCGATCTAGAGCT-1_1",0.160438378459094,0.234428278976339
"ACATGCACAGAGTGTG-1_1",0.0346096376504338,-0.0219464498568296
"ACATGCATCTAGCATG-1_1",0.0850759760754596,0.0531833623889791
"ACATGCATCTTCCACG-1_1",0.156924442063735,0.157402606718309
"ACATTTCGTGAGGCAT-1_1",0.0480232106753855,0.0193393456374095
"ACATTTCTCCTGGTCT-1_1",0.119651267263764,0.0940617061901582
"ACCAAACGTACGATCT-1_1",0.110819224090839,0.119842120599353
"ACCAACATCGCGCTGA-1_1",0.0955360203714231,0.0776244107676096
"ACCATTTAGGGCAACT-1_1",0.107319012353083,0.0827206423575673
"ACCATTTCACTCCCTA-1_1",0.0518209011089295,0.0121721304991051
"ACCCAAACACTGAGGA-1_1",0.151329320708289,0.157744304724383
"ACCCAAAGTCACTCTC-1_1",0.0984135303653345,-0.0893464614257403
"ACCCAAATCGTCCTTG-1_1",0.034945007960701,-0.0294178703754384
"ACCCTCAAGTATTAGG-1_1",0.0852138354862173,0.0568172876570952
"ACCCTTGCAATTGAAG-1_1",0.0443521262634442,-0.0326333430173793
"ACCCTTGCAGGTGTTT-1_1",0.0636344229667675,0.0558866486710275
"ACCGTTCGTCAGTCGC-1_1",0.0785518188428095,0.0160866367607163
"ACCTGAACAAGCTGTT-1_1",0.0569652694095438,-0.0424747519444504
"ACCTGAAGTCAAAGCG-1_1",0.0542023095893687,-0.0524601642004406
"ACCTGTCAGAACCGCA-1_1",0.0863986005281711,0.083262562877006
"ACCTGTCAGGTGCGAT-1_1",0.0892114587700281,0.071938006213053
"ACCTGTCCAAGAGCTG-1_1",0.0827930468710886,0.0398417573776058
"ACGATCACACCCAACG-1_1",0.0663872840464198,0.0339796118426697
"ACGATCAGTCAGTTTG-1_1",0.0329382199209508,-0.00127586196816226
"ACGATCAGTTGTTGCA-1_1",0.172383197219786,0.278401885954348
"ACGATGTTCTTACTGT-1_1",0.132197393583576,0.137929764736819
"ACGCACGGTCCTCAGG-1_1",0.0713072947902277,0.0397815710074122
"ACGGTCGGTTCAGTAC-1_1",0.192181564238591,0.220646019989586
"ACGTAACCAGGCATTT-1_1",0.0530370230426246,0.0232790567059699
"ACGTAACTCTCGTGGG-1_1",0.0673379909460139,0.0303471170469968
"ACGTACAAGGTTCTAC-1_1",0.202310417404949,0.238067696586167
"ACGTAGTCAGAGACTG-1_1",0.0494390645102319,0.0506727589407501
"ACGTCCTTCTTTCGAT-1_1",0.0273833535262875,-0.00646044166876671
"ACTACGAAGCAGGCTA-1_1",0.0618118340034801,0.0416613278645652
"ACTATCTAGAGCCGAT-1_1",0.0461784719886191,0.00613178209183879
"ACTATCTGTCACGCTG-1_1",0.0517806455306693,0.0337843260649673
"ACTATGGGTGGTCCGT-1_1",0.0918228568573476,0.0397251761490826
"ACTATGGGTTTAGTCG-1_1",0.159606031912657,0.217279462352497
"ACTCCCAAGAACAGGA-1_1",0.0467535299332683,-0.0306861707920729
"ACTCCCACACCTGCTT-1_1",0.0433476692840075,-0.0409431431410754
"ACTCTCGCATGACTTG-1_1",0.0763086236222847,-0.065909872207876
"ACTCTCGGTGAGAACC-1_1",0.0207042654039099,0.00783267953639818
"ACTGCAACATAGACTC-1_1",0.0860793104343454,0.043496747728051
"ACTGCAAGTGGCCACT-1_1",0.0477094280975015,0.0108257621366068
"ACTGTCCAGACGGAAA-1_1",0.149877302491617,0.144470916142512
"ACTGTCCAGTCATTGC-1_1",0.0508879617774155,0.0277688395930183
"ACTGTCCTCCGAGCTG-1_1",0.155224008399176,-0.122392627390774
"ACTTATCTCGAAACAA-1_1",0.0722915457215078,-0.0594384853313939
"ACTTCGCCATGGCACC-1_1",0.0666112119787256,0.0263288882789125
"ACTTTCACATGTGGCC-1_1",0.0663580387612761,0.0632269724674798
"ACTTTGTAGACAAGCC-1_1",0.0777889469568161,0.118755231042509
"ACTTTGTTCTAGACAC-1_1",0.0502857619976724,0.0232162449615009
"AGAAATGAGATAGCTA-1_1",0.0427783956864146,-0.0302680665008769
"AGAACCTAGTCGCGAA-1_1",0.129399164903148,0.135275626395494
"AGAACCTCAGGTTTAC-1_1",0.0616089933672664,-0.0577878138578229
"AGAAGTAGTTCGGCCA-1_1",0.0493575878236031,-0.0112296285927819
"AGACAAATCAACCTTT-1_1",0.075956675605424,0.0767480624797565
"AGACAAATCGGTGCAC-1_1",0.113095111489121,0.107373263027196
"AGACACTCAGAATGTA-1_1",0.0459247422908174,0.0144474764201071
"AGACAGGCAACCCGCA-1_1",0.0421844771597721,0.040890601617692
"AGACCATTCATGAAAG-1_1",0.0403138269776423,0.0380493084276648
"AGAGAATTCAACGCTA-1_1",0.0355983174378755,-0.0283009025491229
"AGAGAGCCAAAGTATG-1_1",0.143052328322982,0.176396245979282
"AGAGCAGAGGCATTTC-1_1",0.0880636862197324,0.0676123011287969
"AGAGCAGTCCTACCAC-1_1",0.0959230284348555,0.083114032967259
"AGAGCAGTCTCCCTAG-1_1",0.15519335025895,0.18943215848326
"AGAGCCCCAAGATGGC-1_1",0.0488036971049256,0.0267476707845614
"AGAGCCCGTAATGCGG-1_1",0.0462122625637755,0.0311264108032161
"AGAGCCCGTGACGTCC-1_1",0.0770987625599403,0.0613847643343739
"AGATAGACATACCATG-1_1",0.0357343351283959,0.0117210673465046
"AGATCCACAGTATACC-1_1",0.0500085685207832,0.0147325206671607
"AGATCGTAGTCGAAAT-1_1",0.109571981501206,0.0769378790503673
"AGATGAAAGCTTCATG-1_1",0.153541941769815,0.229538798284915
"AGATGAAGTAGTAAGT-1_1",0.124596803981745,0.103907705748391
"AGATGAAGTTCTTCAT-1_1",0.0790585822884682,-0.0697456748340569
"AGATGCTCAACGTTAC-1_1",0.0487678584913296,0.0203893529844066
"AGCATCAAGGTGCTAG-1_1",0.100716360320621,0.0699651812480865
"AGCCACGGTTCTCCAC-1_1",0.0406604295946115,-0.0395509519933957
"AGCCAGCGTCGAAGCA-1_1",0.0928093622397755,0.0667851245823071
"AGCGATTCACAGTGTT-1_1",0.0574165341588907,0.01561120817573
"AGCGCCAAGAGGACTC-1_1",0.0356760963915548,0.0161152523502404
"AGCGCCACACAATGCT-1_1",0.153842254072734,0.216299768566119
"AGCGCCACATAGCACT-1_1",0.0608271865639751,0.0051808797518524
"AGCGCTGGTAGGCAGT-1_1",0.0659554963110569,0.0199463281382935
"AGCGCTGGTTAGGGAC-1_1",0.0521597849105569,0.0367385278414007
"AGCGTATCAACCTAAC-1_1",0.00279322522391141,-0.139083385878183
"AGCGTATCAATGTTGC-1_1",0.00043776454267833,-0.0480422855693024
"AGCGTATCACTATCCC-1_1",0.0796983980310538,-0.0692209880883378
"AGCTACATCGCGGACT-1_1",0.116601205449751,0.0895904360312172
"AGCTTCCTCCCTTGTG-1_1",0.0267340216239111,-0.0035544673247601
"AGCTTCCTCCGCACGA-1_1",0.0477051226156596,-0.0205387801480439
"AGGAAATCAATTTCGG-1_1",0.158177571529917,0.236000278276734
"AGGAATACAGTCGCTG-1_1",0.0251106770648453,-0.0444470151001128
"AGGACGACAGCTACAT-1_1",0.0823838123003649,0.0524854352931638
"AGGACTTAGTATAGGT-1_1",0.0826452307866378,0.0552018613978994
"AGGACTTCACCTAAAC-1_1",0.0563109012886727,0.0324491475588575
"AGGAGGTTCCATTTGT-1_1",0.0806332436720359,0.0666957805400631
"AGGATAAAGCGGTATG-1_1",0.133288887914121,0.124186426106976
"AGGATAACAGCAGATG-1_1",0.15413308571957,0.167275664229754
"AGGATCTAGAGCTGAC-1_1",0.0695017499503815,0.0452828597238795
"AGGATCTGTGGCTTGC-1_1",0.0329002122321651,-0.0264681167081979
"AGGATCTTCTCTGCCA-1_1",0.0992267901183613,0.0849509514352766
"AGGCATTCATTGGCAT-1_1",0.0412776430830389,-0.0258941369900738
"AGGTAGGAGATACATG-1_1",0.0500844466865183,-0.0401035732062639
"AGGTAGGCAACCACGC-1_1",0.0421487826830904,-0.0359245281575486
"AGGTGTTAGCATGAAT-1_1",0.0505521734858451,-0.0494171996848389
"AGGTTACGTACCGGAA-1_1",0.0803574944897477,0.0785888196222481
"AGGTTACTCTTACGGA-1_1",0.0886611354718365,0.0859189362729464
"AGTAACCAGCACCTGC-1_1",0.0438816470311401,-0.0393529407125633
"AGTAACCAGGAAGTAG-1_1",0.036692732620428,-0.0309058205258896
"AGTACCACAGTAGAGC-1_1",0.110600684130569,0.117824624089263
"AGTACTGGTAGTGTGG-1_1",0.0668839401446713,-0.0228103618889589
"AGTACTGTCACAGTGT-1_1",0.0711197303227112,-0.0651239037955468
"AGTAGTCCAGAGAATT-1_1",0.0492023047384841,0.0135111660384481
"AGTCACACATGTACGT-1_1",0.0365564676654805,-0.0164843668679994
"AGTCTCCAGTTCCATG-1_1",0.0577583521420689,0.0147119127367719
"AGTGTTGAGACTCCGC-1_1",0.0502241636401282,0.00020942014454354
"AGTTAGCCACTGCGTG-1_1",-0.0495858158290772,0.0709907990542597
"AGTTAGCTCGGCTGTG-1_1",0.0775056389533872,0.0595257625682499
"ATACCGAAGGGAGGGT-1_1",0.0818356528091168,0.0801661865574262
"ATACCTTTCTTGAGCA-1_1",0.0582131683831804,-0.0533741807517137
"ATACTTCAGAATCGTA-1_1",0.00430846333296239,-0.0113587183775756
"ATAGACCTCGCTATTT-1_1",0.0911980925645263,0.0834816317871669
"ATCACAGCACTGAGTT-1_1",0.0806260393498552,0.122337560533604
"ATCACAGCACTTCATT-1_1",0.0307489593088768,-0.0107628239837818
"ATCACAGGTATTGAGA-1_1",0.0669996481691262,0.057353898900122
"ATCACGAAGGATATAC-1_1",0.0477032149416723,-0.165765940170405
"ATCACGACAATCCTAG-1_1",0.148356510450844,0.177150406034266
"ATCACGATCTGAGCAT-1_1",0.132634911259033,0.109211944976718
"ATCAGGTAGCTTCTAG-1_1",0.102848988181683,0.0835171722877242
"ATCAGGTCACGGTGTC-1_1",0.0216381088647264,-0.0138339881630767
"ATCAGGTTCCTATTTG-1_1",0.0718757711986337,0.0439439333522618
"ATCAGGTTCCTGTAAG-1_1",0.0342511840925921,-0.0229041099286969
"ATCATTCCAACACAGG-1_1",0.181708539279214,0.273177481316667
"ATCCATTTCTAGTCAG-1_1",0.1607164917985,0.241285784229838
"ATCCCTGCAGGACAGT-1_1",0.0411262424360343,0.00638015686441953
"ATCCTATAGCTTGTGT-1_1",0.0982510830187515,0.103139459025339
"ATCCTATGTAGGTCAG-1_1",0.0750401335998421,0.0211496712126666
"ATCCTATGTGACCGTC-1_1",0.0425724711918352,-0.00280307304384072
"ATCCTATTCGGTATGT-1_1",0.0419091850213856,-0.00180360181285187
"ATCGATGAGGATACAT-1_1",0.162772090496983,0.180020751619701
"ATCGCCTAGAGTTCGG-1_1",0.0425230124655899,0.00936911242990137
"ATCGCCTGTGCAGGAT-1_1",0.0556214459983268,0.0167675162908049
"ATCGGATAGGTTACAA-1_1",0.0226494071250674,-0.0405965364143362
"ATCGGATCAGAACTTC-1_1",-0.00371499667354759,0.0110460003000049
"ATCGTAGCAGACAAGC-1_1",0.0709938425934674,0.0281597181157381
"ATCGTGATCTCGTGAA-1_1",0.0420109130290306,-0.0159168398045544
"ATCTTCAGTAGGTTTC-1_1",0.0816266798390316,-0.0701241777073839
"ATCTTCAGTATAGGAT-1_1",0.0840222599668308,0.0766000939766903
"ATGAGTCAGGACATCG-1_1",0.103043348578136,0.075764063314884
"ATGAGTCTCCGTTTCG-1_1",0.0631566232449612,-0.0559700768931982
"ATGCATGCAACCCTCT-1_1",-0.0164846892564297,-0.00524279516142713
"ATGCATGCACACAGCC-1_1",0.143406388283522,0.134624214076917
"ATGCCTCGTATGAAGT-1_1",0.167078004752101,0.219833264477833
"ATGCCTCTCAGAGTGG-1_1",0.0605582355658927,0.0463907507890361
"ATGCGATCATGTGCCG-1_1",0.0910427144797453,0.0147279443513629
"ATGGAGGCATGTGACT-1_1",0.071855414176845,-0.0658062167246205
"ATGGTTGGTTGCCATA-1_1",0.0559311291211897,0.0339677780980398
"ATGTCCCCATGATCTG-1_1",0.164924084514601,0.245961465235712
"ATTACCTTCATCACCC-1_1",0.119872108914438,0.0979865352537084
"ATTACTCAGAAGATCT-1_1",0.0492713997369102,-0.0352910498684334
"ATTATCCAGTTGGACG-1_1",0.0794218441923711,0.0509838303467668
"ATTCACTCACGCCAGT-1_1",0.097455654422094,0.0641418920140888
"ATTCACTCAGGATTCT-1_1",0.0400733225558904,-0.0186515175778392
"ATTCACTTCTAACACG-1_1",0.0578927197577492,0.0275300386807055
"ATTCATCAGACGATAT-1_1",0.0542037043032743,0.0212137728740476
"ATTCCATGTGTTCATG-1_1",0.0575773765499795,0.0311428724558535
"ATTCCATGTTTACCAG-1_1",0.0494747774308908,0.0541146567443076
"ATTCCCGAGTTGGACG-1_1",0.0190998616401317,0.00562926177358179
"ATTCCTACATACAGAA-1_1",0.0970773552005982,0.0809344660179371
"ATTCGTTTCTAACGGT-1_1",0.0588045518459661,0.0296370057276095
"ATTCTACAGGCGCTTC-1_1",0.0847857109367778,0.054677679659767
"ATTCTACAGGGTAGCT-1_1",0.146660778105453,0.140084658149714
"ATTGGGTAGGTTGCCC-1_1",0.0927383911198077,0.0720329507885407
"ATTGTTCGTTAGAAGT-1_1",0.0826054437103391,0.0517688043051804
"ATTTACCTCGGATTAC-1_1",0.0595531674404245,0.00552921678926259
"ATTTCACTCCCATAAG-1_1",0.0504027599996655,0.0301251950049189
"CAAAGAATCTGCCTCA-1_1",0.162586451775122,0.156386137046358
"CAACAACAGATACAGT-1_1",0.0562581944821854,0.0126446128635072
"CAACAACAGCATGCAG-1_1",0.165462520991437,0.236656004102073
"CAACAACGTAGAGCTG-1_1",0.0174588866354229,0.0476978417168886
"CAACCAATCCATTGGA-1_1",0.134304256129401,-0.0618571421140814
"CAAGACTAGTAGGCCA-1_1",0.155979171704209,0.178447366088961
"CAAGACTGTGATCATC-1_1",0.0473404599832416,-0.0517106297149454
"CAAGAGGGTTATGTCG-1_1",0.156169654329269,0.200033375487328
"CAAGAGGTCCGGGACT-1_1",0.0587188437040672,0.0428765549160602
"CAAGCTAGTAAGCGGT-1_1",0.00187486376280308,-0.0361077283106611
"CAAGGGAAGCTAAATG-1_1",-0.03345107395902,-0.00396952703303868
"CAAGGGATCGCCAGAC-1_1",0.0495980673380489,0.0155431346440439
"CAATACGTCATTGCTT-1_1",0.0375213058439705,-0.0300398759418483
"CAATCGAAGCACTAAA-1_1",0.0312294025985847,0.0222808936084549
"CAATGACTCCAATGCA-1_1",0.10934701678431,0.120789273891721
"CAATTTCCAAAGCAAT-1_1",0.0776045642869123,0.0581584587594856
"CACAACACAATCGAAA-1_1",0.0338485163656941,-0.0211095975321344
"CACAGGCGTTATAGCC-1_1",0.0413172494685107,0.0261250546622851
"CACCAAATCTCCTGTG-1_1",0.164317421021861,0.183356247837366
"CACGAATTCTACTATC-1_1",0.0510786678724644,-0.0468672501004573
"CACGGGTAGCTGTGCC-1_1",0.0588102205444862,0.0260915736785597
"CACGTGGTCATAGCAC-1_1",0.0451666572898491,0.0163941397482951
"CACGTTCAGTCGCTAT-1_1",0.0352993285692299,0.0273519706666607
"CACTGAAGTGTCATCA-1_1",0.114052641677938,0.100611517676359
"CACTGGGTCATTACCT-1_1",0.0584563217626824,-0.0507318915259377
"CACTGTCTCTCGCGTT-1_1",0.0484231311022156,0.00233880744226504
"CACTTCGGTTGGACCC-1_1",0.028960470360253,0.00511996557863351
"CAGAGCCAGAACCCGA-1_1",0.0760454273166146,0.0254892021362278
"CAGAGCCCAGAGTGAC-1_1",0.111370617294455,0.0838783610608169
"CAGAGCCTCAACTCTT-1_1",0.151276640268422,0.228383355246699
"CAGATCAAGGACTGGT-1_1",0.0764384504913608,0.0527092337557747
"CAGATTGAGCATTTGC-1_1",0.0456241329365064,-0.0222894124545431
"CAGATTGCAATGTCAC-1_1",0.105636506525127,0.0942280199244479
"CAGATTGCACTGGACC-1_1",0.054436078747515,0.0373336016653161
"CAGATTGTCTCGTTTA-1_1",0.152519874471905,0.154795052021981
"CAGCAATTCCACTGGG-1_1",0.184751132885856,0.265733267771436
"CAGCAGCTCAAAGGTA-1_1",0.0495157612987479,-0.0482215248991819
"CAGCGTGAGAACAAGG-1_1",0.189352787306114,0.258696826548233
"CAGCGTGAGTCACTAC-1_1",0.052849036953438,0.00710007999774762
"CAGCGTGCAAGAGTGC-1_1",0.162000457358245,0.207618212693229
"CAGCGTGCACCGTCGA-1_1",0.0302889978869611,0.00130001865634507
"CAGGTATGTAACTGCT-1_1",0.0514087384407947,0.0392704896834535
"CAGTTAGAGGAACGTC-1_1",0.164338715607325,0.228283285489604
"CAGTTAGCACGGATCC-1_1",0.15397955632066,0.150208006218863
"CAGTTCCGTCCAACGC-1_1",0.0910538150339055,0.07048653970634
"CATACAGAGTTACGTC-1_1",0.121181166404783,0.123919665277524
"CATACCCGTATTCCTT-1_1",0.105258802663787,0.081110862606452
"CATCAAGAGGAGACCT-1_1",0.097757367139146,0.012341254058977
"CATCAAGTCGTTGCCT-1_1",0.0954551119573739,0.0473522610284707
"CATCCGTAGTGGAAAG-1_1",0.0361804541345532,-0.0229570663775042
"CATCGGGTCTGTGCTC-1_1",0.0516987937396054,0.0229182966031965
"CATCGTCGTTAGAGAT-1_1",-0.106489399745827,-0.00162165284010599
"CATGGTAAGTAGCTCT-1_1",0.208051972328766,0.257589856115491
"CATTCATCAATTGAAG-1_1",0.0473657919974869,-0.045056407419263
"CATTCATTCTCATAGG-1_1",0.172029701163685,0.242054706095522
"CATTCATTCTTCGCTG-1_1",0.0904810233404076,0.0737347517343787
"CATTGAGGTGTCATCA-1_1",0.0662560509853408,-0.058257268032991
"CATTGTTGTACCCGAC-1_1",0.0591045950762863,0.0374942830255091
"CCAAGCGAGCACCCAC-1_1",0.023739035904106,-0.00900401082963198
"CCAAGCGCATCCTTGC-1_1",0.066392290047582,0.0178677663501717
"CCAATGACAGGCTACC-1_1",0.0622771542472744,-0.0552185912530686
"CCAATTTAGATCCGAG-1_1",0.0130846472733919,0.0182267344900015
"CCACAAACAGACAAAT-1_1",0.0818977787315227,-0.0736570807015333
"CCACACTAGCCATTTG-1_1",0.0365031826019031,-0.019688414750049
"CCACACTAGTGGACTG-1_1",0.0877548163088253,0.144328424373155
"CCACACTGTAGTGGCA-1_1",0.0448531095028186,-0.0296931659364059
"CCACCATGTCGACGCT-1_1",0.0361859000441555,-0.0222784152504639
"CCACGAGCAACCTAAC-1_1",0.0197875974347304,-0.019804063430615
"CCACGAGGTTGGCCGT-1_1",0.0923399247826668,0.0740324223370303
"CCACGTTCAGTCAGCC-1_1",0.0825319623432183,0.0654638878953895
"CCACGTTCATGTCAGT-1_1",0.0435920780393648,0.0428430089944451
"CCACTTGAGGACAAGA-1_1",0.107724884187488,0.120038216812203
"CCCAACTGTACTCCCT-1_1",0.09222564533306,0.0607237332025968
"CCCGAAGAGTAAGAGG-1_1",0.19246227088694,0.294799416210971
"CCCGGAAGTACCGGAA-1_1",0.113146411903957,0.0903441687131299
"CCCTAACAGGTAAGAG-1_1",0.0628185682111274,-0.0524996113211295
"CCCTAACCACTGATTG-1_1",0.153375023410482,0.227630705669954
"CCCTCAAAGAAGTCCG-1_1",0.0274739306516506,-0.0188466725676408
"CCCTCAAGTACCGTGC-1_1",0.094408696320947,0.0844557863313009
"CCCTCTCAGACATGCG-1_1",0.0426400940364673,-0.0251871425198939
"CCCTCTCAGTAAGAGG-1_1",0.123859027774737,0.108002558346235
"CCCTCTCCAAGACTGG-1_1",0.0190706758849795,0.0355502758383405
"CCCTCTCTCATCCTGC-1_1",0.061441306259634,-0.114296230430742
"CCCTCTCTCTCGTTTA-1_1",0.176394240245702,0.236872577419626
"CCGATCTAGACGCATG-1_1",0.0283380594525428,0.0102069367092038
"CCGATCTGTAGTGTGG-1_1",0.0845169538935621,0.0485204071703726
"CCGATGGAGCAGGCAT-1_1",0.0608628745995627,-0.0465659559633794
"CCGATGGCACTGTCCT-1_1",0.0966437768804923,0.0795366884411138
"CCGATGGTCACCATGA-1_1",0.102620616984516,0.0780093653794123
"CCGGACACACGGATCC-1_1",0.0618543825872818,0.030008798703657
"CCGGTAGAGATGCTGG-1_1",-0.0295104256117456,-0.00494316274993612
"CCGGTAGGTGATAGAT-1_1",0.047171226404778,0.00816934412606327
"CCGTAGGGTAGCGCTC-1_1",0.0524030576286502,0.0196280722976418
"CCGTAGGGTGAGATTA-1_1",0.097398149763945,0.081606391654538
"CCTAACCCACTGTGTA-1_1",0.101642720618276,0.0754785966411374
"CCTACGTCAGGATGAC-1_1",0.0434004199673856,-0.0479853005324815
"CCTACGTTCGTGCACG-1_1",0.0736548123814926,0.0298450575528724
"CCTATCGGTATTGGCT-1_1",0.0803774698173363,0.0536754688153399
"CCTATCGGTCAAATCC-1_1",0.0610542969103192,0.0334950100701198
"CCTCAACAGAGAGGTA-1_1",0.0804013599616909,-0.00406842711028572
"CCTCCAACACGTAGAG-1_1",0.103431295396149,0.0156289044623006
"CCTCCAAGTCCACATA-1_1",0.0960122739890523,0.0749552484325564
"CCTCCAATCATCGCCT-1_1",0.0529001140586722,-0.0503173925715984
"CCTCCAATCGTCAAAC-1_1",0.137371728653617,0.127343349825918
"CCTCCTCCAGAGTTCT-1_1",0.0522585912240305,-0.0500940017213803
"CCTCCTCTCATCCTAT-1_1",0.0546043033495277,0.0347093801057407
"CCTCTAGAGTCAAGCG-1_1",0.0780719101830226,0.0587363673650781
"CCTCTAGCACAAATGA-1_1",0.131258724391489,0.131720294028973
"CCTGCATCAACGACAG-1_1",0.0987041010597591,0.067412198560388
"CCTGCATCAAGAATAC-1_1",0.0490314459636873,-0.0390233635213149
"CCTGCATCAGAGGTTG-1_1",0.0760905899569293,-0.085116760978078
"CCTGCATTCTGGGATT-1_1",0.0453330313375153,0.0181650912145216
"CCTGTTGAGGATGCGT-1_1",0.125970753370557,0.12095824473716
"CCTGTTGCAAGCACCC-1_1",0.0470337122091331,-0.032293744279132
"CCTGTTGTCATAAGGA-1_1",0.0348407778580055,-0.0241195351198514
"CCTGTTGTCGTAACCA-1_1",0.116098654210295,0.114115051135239
"CCTTCAGCAAGAATAC-1_1",0.0493347834782788,-0.0211472831971647
"CCTTCAGTCACTGAAC-1_1",0.150458432836924,0.187872918668907
"CCTTTGGAGAGAGTGA-1_1",0.0511863303544625,-6.772205892669e-05
"CCTTTGGTCTTGGGCG-1_1",0.037670900912446,0.0153470614507926
"CGAAGGAAGGAACGTC-1_1",0.0431815099085201,-0.0323426109973401
"CGAAGGAGTGCATTAC-1_1",0.0610129438333942,0.027172260197108
"CGAAGGATCAAATGAG-1_1",0.060293484249826,0.0403287284632834
"CGAAGTTAGGTCTACT-1_1",0.120638640696591,0.110660610974212
"CGAAGTTAGTGACACG-1_1",-0.0014869972554126,0.0261194030096071
"CGAAGTTGTGTACAGG-1_1",0.0460526060707716,-0.0110550573254582
"CGACAGCAGTGGTTAA-1_1",0.026682929392758,0.0135850694314303
"CGAGTGCAGTTAGTGA-1_1",0.114091002597994,-0.0490988404284749
"CGAGTTAAGTGGACGT-1_1",0.0153406235166392,0.0380652779480508
"CGATCGGAGAAGAACG-1_1",0.0476414614354048,0.0149591427113691
"CGATGCGTCGTGGGAA-1_1",0.0320852076315782,0.0115982275390685
"CGCAGGTAGTAAACAC-1_1",0.0543707745565351,-0.04530749527329
"CGCATAAAGGTTCTAC-1_1",0.0534860164384557,0.0202761797654096
"CGCATAAGTGGCATCC-1_1",0.085380348128211,0.0622957966299591
"CGCATAATCTTACCGC-1_1",0.0503751400956637,-0.0393311513827911
"CGCATGGGTAGACAGC-1_1",0.0262411735183547,-0.0244555287521105
"CGCCAGACAAGTGGGT-1_1",0.0816206081521183,0.0646415427624382
"CGGAACCCAATGCTCA-1_1",0.165368362707736,0.189126451265526
"CGGAATTTCTCAGGCG-1_1",0.0503329270786353,0.0204294974738223
"CGGACACCAACCTAAC-1_1",0.057174093652567,0.0166214111461404
"CGGCAGTTCCGTGACG-1_1",0.11773090037367,0.0825239773754646
"CGGGCATAGTTTCGGT-1_1",0.055160044085562,0.0362604744004813
"CGGGCATCACGGTGAA-1_1",0.0624276016169389,-0.0561540574635847
"CGGGTCAAGATGAACT-1_1",0.0754812519610316,0.0624104856613946
"CGGTCAGGTTTCCCAC-1_1",0.0372431247648916,-0.0356574039880969
"CGTAAGTCAGAGGAAA-1_1",0.0921036929058528,-0.0776315697694814
"CGTAATGAGTGGTTGG-1_1",0.123527990282234,0.0972098435202628
"CGTCAAAGTCGCTTGG-1_1",0.0599867827876251,-0.0556930685782715
"CGTCCATAGCATCCTA-1_1",0.0950692790301342,0.0452792815465796
"CGTCCATAGGTTGACG-1_1",0.0300767056031508,-0.011440081793209
"CGTCCATTCACTACTT-1_1",0.0399055173161172,-0.0390301264694361
"CGTGAATTCTACAGGT-1_1",0.0883826966850671,0.0545785461052773
"CGTGTCTAGTAGTCAA-1_1",0.153899490620073,0.186780449465314
"CGTGTCTGTAAGTCAA-1_1",0.163456358224715,0.163049264648641
"CGTTAGACATCCTGTC-1_1",0.0283620607051663,-0.0234704443415442
"CGTTCTGTCACCATCC-1_1",0.0418753045595804,0.00018392010243306
"CGTTGGGAGAGGCTGT-1_1",0.0567505217891728,0.0439391511601581
"CGTTGGGAGCGACTGA-1_1",0.0458772583602193,0.0377113470826637
"CGTTGGGCAGGACTTT-1_1",0.0375627661338285,-0.00478871363578331
"CTACAGAAGTATCCTG-1_1",0.0303479362981521,0.0549944974509039
"CTACATTAGTTTGCTG-1_1",0.158832600943824,0.227298245771222
"CTACCTGAGGAGGGTG-1_1",0.0182674525738771,-0.0182187456715325
"CTACGGGAGGATGAGA-1_1",0.0322355281797908,0.00105636994895627
"CTACGGGTCAAGTGTC-1_1",0.117829129422929,0.116018979024778
"CTACGGGTCGAACGCC-1_1",0.149840851513341,0.139267488890238
"CTACGGGTCTCGCTCA-1_1",0.0612220926007949,0.0259450944558484
"CTAGACAAGTTGAAAC-1_1",0.0613304882088628,0.0311050264612708
"CTAGACATCCATCAGA-1_1",0.0713307680558878,0.0504803176180543
"CTAGGTACACAACGTT-1_1",0.060519238338475,-0.0582256553036878
"CTATAGGAGGCTCAAG-1_1",0.0215520593453565,-0.00589881522427993
"CTATCCGCAATGTCAC-1_1",0.0511074059156216,-0.0402875186418166
"CTCAACCAGCGGTATG-1_1",0.0758003138653665,0.0575966249776452
"CTCAACCGTAAGTTGA-1_1",0.169514808760952,0.228104509454418
"CTCAAGACAATACAGA-1_1",0.077785720428836,-0.0677088709819432
"CTCAATTTCTCCCATG-1_1",0.0419903100079807,-0.00374433355881882
"CTCAGAAAGGTCCGAA-1_1",0.107087361220507,0.0938556109580994
"CTCAGAAGTGAGAGGG-1_1",0.0698615640363189,0.0378973537098482
"CTCAGTCAGTTACTCG-1_1",0.0497651182749384,0.0157564355371689
"CTCATGCAGTCACGAG-1_1",0.0746699681701527,-0.029349878537171
"CTCATGCCACATCATG-1_1",0.0474694661445107,0.0102853767650502
"CTCATGCCAGCAAGAC-1_1",0.043807498972464,0.0205923905411484
"CTCATGCTCAGCGGAA-1_1",0.0657615464560857,-0.0601783492988672
"CTCCACAAGCGCATCC-1_1",0.0504000903198345,-0.042709952201128
"CTCCACATCACTGAAC-1_1",0.118959263907413,0.0865666855991304
"CTCCCAAGTCATACCA-1_1",0.0654290102748275,0.04522443796568
"CTCCGATGTTGGGACA-1_1",0.0444507686547164,-0.0312635898763449
"CTCCGATTCCATACTT-1_1",0.0929652834529548,-0.0364034625180253
"CTCCTCCAGGATTCAA-1_1",0.0550332196065665,-0.0528233470599524
"CTCCTCCCAATCGAAA-1_1",0.0407783300952746,0.013517141506805
"CTCCTTTCAAGACGAC-1_1",0.0533054447808526,0.0302770226908407
"CTCGAGGAGCTTTCTT-1_1",0.118929603035672,0.113442613361364
"CTCGAGGGTCTTGTCC-1_1",0.0570020905836027,-0.0519046260997333
"CTCGAGGGTGTCATCA-1_1",0.103029969514286,0.0798767190354237
"CTCTCAGAGAGGATGA-1_1",0.151837968131142,0.21110763307927
"CTCTCGAGTAAGTTGA-1_1",0.140939998941764,0.116940250568633
"CTCTGGTTCTGGGCAC-1_1",0.0472257773972533,-0.0397820617804595
"CTGAGCGAGGACTATA-1_1",0.130973496494667,0.0986422942203669
"CTGAGCGCAGAGTGTG-1_1",0.0407607292111036,-0.00295201557541296
"CTGAGCGCATAACAGA-1_1",0.162050429103959,0.174844408583186
"CTGAGCGGTCTGTGGC-1_1",0.0747159226724831,0.0592491927161883
"CTGAGCGTCCGAGAAG-1_1",0.103071900318633,0.0743742148435649
"CTGAGGCTCCGGTAAT-1_1",0.093175710713764,0.110047147163537
"CTGCATCGTCGCATGC-1_1",0.0120618365109613,-0.00023652528246687
"CTGCCATCAATGGCAG-1_1",0.120340746160736,0.0844337495670605
"CTGCCATGTCATGGCC-1_1",0.0481349560624329,0.00852474295899732
"CTGCCATGTTCAATCG-1_1",0.0425823295638665,0.0438577754450275
"CTGCCTAAGGAATGTT-1_1",0.117879326217195,0.0674674488533193
"CTGCGAGGTACAGAAT-1_1",0.120460929921081,0.0988891766519642
"CTGCGAGGTTGTATGC-1_1",0.0810942325467403,0.0426484752640403
"CTGCTCAGTGTATACC-1_1",0.0460853528287381,-0.0440502092982896
"CTGGACGAGCCTAACT-1_1",0.0449796735559456,-0.0145567885685102
"CTGGCAGAGCCTGAGA-1_1",0.0428369805847994,-0.00854894441849876
"CTGGCAGAGGTCCGAA-1_1",0.0226270031563903,-0.0255542589444365
"CTGGCAGCAACTCCAA-1_1",0.130242253032332,-0.101996665623488
"CTGGTCTAGGAAAGTG-1_1",0.0488399540228427,-0.0368343234802882
"CTGGTCTCAAGAAATC-1_1",0.033193573254011,-0.021809553703027
"CTGTACCTCAAGTGGG-1_1",0.105445306922976,0.0882404706654091
"CTGTAGAAGGTCCGAA-1_1",0.0152262632114001,-0.0207802102907587
"CTGTATTCAAACGGCA-1_1",0.0430964470902085,0.0192207121874143
"CTGTCGTCAACTGATC-1_1",0.0579133194967704,0.0325900304971611
"CTGTGAATCCACGGGT-1_1",0.0766239850046231,0.0536154366525401
"CTGTGAATCTCAACGA-1_1",0.0545272453182993,-0.0531603795296241
"CTGTGGGCAATTTCCT-1_1",-0.0119957393960563,0.0339119081696981
"CTGTGGGGTCCCGTGA-1_1",-0.00872348682060236,0.00396900719852689
"CTTCAATAGCAGAAAG-1_1",0.075305941034419,0.104537014927852
"CTTCCGATCGCGTGAC-1_1",0.133238153526255,0.151648221972086
"CTTCTAACATCCGTGG-1_1",0.0301322494811372,-0.0273524302926891
"CTTGAGATCGGCCTTT-1_1",0.0320434369749212,-0.0202954553559636
"CTTGATTAGCAATAAC-1_1",0.110242501488618,0.103594955451289
"CTTGATTAGTAATACG-1_1",0.053000737266655,0.0381325639260743
"CTTGATTGTAGGATAT-1_1",0.0682392035744805,0.0129993442430879
"CTTGATTTCCATGCAA-1_1",0.043426306781123,0.0137067423633661
"CTTTCAAGTCCAGGTC-1_1",0.212204941909028,0.241897433457552
"GAAATGAAGTACTGTC-1_1",0.0993357981089017,0.0921304243240829
"GAAATGACAGCTCCTT-1_1",0.0877597139710675,0.0152428714041148
"GAACACTAGCGACTTT-1_1",0.0549885970805185,0.00814688913028698
"GAACACTCACTCCCTA-1_1",0.0608468426741675,0.0416725456049862
"GAACACTCAGATCATC-1_1",0.0428701573200205,0.0105387888533966
"GAACGTTAGCGTTCAT-1_1",0.0607917320218078,0.0553742379676969
"GAACTGTGTTGGTACT-1_1",0.0421017631147691,-0.0171900553486135
"GAAGAATTCCAGCTCT-1_1",0.118956134891194,0.13105588162871
"GAAGCCCGTGCCGGTT-1_1",0.0493033919293662,-0.0419608004187998
"GAAGCCCTCTCTCTTC-1_1",0.0341014334265789,0.0307466711701663
"GAAGCGACATGGCACC-1_1",0.114157804453846,0.0876151655697278
"GAAGGACAGGGCTGAT-1_1",0.0475218531057224,-0.0023415657345361
"GAAGGGTGTGAATGTA-1_1",0.113004420459025,0.0966308996592016
"GAATAGAAGGAGTATT-1_1",0.0474441430893043,-0.0480807228568931
"GAATAGACATGATGCT-1_1",0.0617694137850981,0.0454160784714043
"GAATCACCATTGCAAC-1_1",0.0523621614535578,-0.0161720860290388
"GAATCGTAGTACGTCT-1_1",0.0384681762348462,-0.0305142223385543
"GAATCGTCAACGAGGT-1_1",0.0478668013310002,-0.0126934724892196
"GACAGCCAGAGGGCGA-1_1",0.0641311647078519,-0.0557339269869035
"GACATCATCATGTCTT-1_1",0.0731512265382478,0.0476766763277623
"GACATCATCGCAGAGA-1_1",0.0159835557975508,-0.0169801162997859
"GACCCAGCAGAATTCC-1_1",0.0364155424706123,-0.0487294078675442
"GACCCTTAGACGTCCC-1_1",0.0212552413643969,-0.0169309481602406
"GACCCTTGTGAGGATC-1_1",0.0397465787407382,-0.0322880069810697
"GACCCTTTCTCTGCCA-1_1",0.107273887136533,0.0972454101012517
"GACCGTGCATGAGAAT-1_1",0.0527181476556926,-0.0513589144325476
"GACCGTGTCCACGGGT-1_1",0.0645445102860271,0.0317176141617059
"GACCTTCCAAAGGGTC-1_1",0.0808043636928233,0.0587175910968321
"GACCTTCGTTTGTTGG-1_1",0.0263772622035903,0.0340246459320779
"GACGTTAAGCCTCAAT-1_1",0.0649930366573522,0.0307219719910259
"GACGTTATCTGCCTCA-1_1",0.0436859315982436,-0.0334962008095421
"GACTATGTCCATCTCG-1_1",0.103505278329887,0.076513937685321
"GACTCAATCGCCTATC-1_1",0.0813781115085101,0.0495527658127566
"GACTGATAGTTTCTTC-1_1",0.0546544809247946,-0.0466142378233683
"GACTTCCAGCGATCGA-1_1",0.156258303156482,0.188653066127689
"GACTTCCTCGGAAACG-1_1",0.0462424256481745,-0.042521149279683
"GAGACCCTCTAGGCAT-1_1",0.167687932594156,0.237416366273077
"GAGAGGTAGAAACTCA-1_1",0.155305651696254,0.149171597981802
"GAGATGGCACATCCCT-1_1",0.0105922558962328,-0.00781165641757641
"GAGCCTGAGATGAACT-1_1",0.0726559429691806,0.0549377307439001
"GAGCTGCAGGTAATCA-1_1",0.037212673861199,-0.0164189014152558
"GAGCTGCGTTCTCTCG-1_1",0.0662559351956837,0.0401354452625211
"GAGGCAAAGTCTTCCC-1_1",0.0325071071332539,-0.0352032692049384
"GAGGCAACAATAGGGC-1_1",0.0206753251274414,-0.0256347484508169
"GAGGCCTAGAAGCGCT-1_1",0.048774928998831,-0.0345373020284349
"GAGGCCTGTCTCGCGA-1_1",0.107920401113337,0.0825288678382642
"GAGTCATTCCAATGCA-1_1",0.0602651252546376,0.04151076811117
"GAGTCTACACACTGGC-1_1",0.0204482593932775,-0.0234884259189937
"GAGTGAGTCCGGCAGT-1_1",0.0943652262219609,0.063764574034705
"GAGTGAGTCGAGAAGC-1_1",-0.0942597532326987,0.0156088210899954
"GAGTGTTGTATTAAGG-1_1",0.092488219887568,0.0420529804308453
"GAGTTACAGCCGGATA-1_1",0.0624549336492634,0.0237890317457434
"GAGTTTGCATCGCCTT-1_1",0.159425942792146,0.247381285714809
"GAGTTTGTCACTGGGC-1_1",0.0490554456532023,-0.00120024409381466
"GAGTTTGTCAGCTTGA-1_1",0.0442339254284129,-0.000243684980531965
"GAGTTTGTCTTAGCTT-1_1",0.0737531259336578,-0.0671014279852788
"GATAGAAAGTACCCTA-1_1",0.0460201023006705,0.0198874998245996
"GATCATGTCTCCGTGT-1_1",0.0849200054762096,0.060055356280279
"GATCGTAAGGATATAC-1_1",0.0849020126073573,-0.0720698897731651
"GATCGTAAGTGCCTCG-1_1",0.0212394813775373,0.00989302774094122
"GATGAGGAGATAACAC-1_1",0.0756177032903606,0.0669930683418182
"GATGATCAGCCATTGT-1_1",0.09766457119315,0.0662004808097716
"GATGCTATCCTCAGAA-1_1",0.0248516855969921,0.014641303313339
"GATGGAGAGCTCGACC-1_1",0.101784159308626,0.127981128261648
"GATGTTGAGCTGACAG-1_1",0.0409591534106807,-0.0166424277246145
"GATGTTGCATCCGGTG-1_1",0.0310180355696941,-0.0346070276248382
"GATTCGAAGGTAGCCA-1_1",0.0710971568313958,0.0370437087597232
"GATTCGACAGTCAACT-1_1",0.0673587497573199,0.0313405040660087
"GATTCGACATTGGGAG-1_1",0.036228305759211,-0.0332696915338538
"GATTCGAGTATCGAGG-1_1",0.123953881722795,0.125934875998774
"GATTCGATCCAACCAA-1_1",0.0545888729759829,0.0262283734241706
"GATTCTTCACGTGAGA-1_1",0.0525629913588573,0.0288448488644026
"GATTCTTGTACTAAGA-1_1",0.111746661535299,0.0983468457613379
"GATTCTTTCTCTGCTG-1_1",0.0900679801162065,0.0661849378467095
"GATTGGTCAGTCGTTA-1_1",0.0481680370801034,0.0209529876318493
"GATTGGTGTGTTCGAT-1_1",0.0732766941152371,0.0499593892033156
"GATTTCTCAACAGATA-1_1",0.0562172319654444,-0.0517271539517134
"GCAACATTCAAGTGGG-1_1",0.0867343741462897,0.0888125425474799
"GCAACATTCGCACGAC-1_1",0.0588165020463997,-0.0566417856864136
"GCAACATTCTACGCGG-1_1",0.114997524207035,0.0931473447764205
"GCAACATTCTAGTGTG-1_1",0.0878034636609108,0.0560453949083095
"GCAACCGCAAGACCTT-1_1",0.0559731146464816,0.0346356808415479
"GCACATAAGGCGCTCT-1_1",0.0351987877210303,-0.0324911664132715
"GCACGGTGTGGGTCAA-1_1",0.115556434793647,0.0746429160324552
"GCACGTGGTCCACACG-1_1",-0.0161147893049852,0.0191689224470225
"GCACGTGGTGATCGTT-1_1",0.053911003609788,0.0309540583925271
"GCACGTGTCCAAGGGA-1_1",0.0551870003298186,-0.0519323145361812
"GCAGCCAGTCGTAATC-1_1",0.0253384022980179,-0.0173222271647977
"GCAGCCATCCGTTGAA-1_1",0.0624684435988574,-0.0830591197842441
"GCAGGCTCACCGTGCA-1_1",0.0660521317181712,0.0569872082775231
"GCAGTTACATCCGAAT-1_1",0.142812805239195,0.148573608276466
"GCATCGGCACTGTCGG-1_1",0.114263329216085,0.0175963712369189
"GCATCGGCAGGAGGTT-1_1",0.183866020704909,0.211525069250935
"GCATCGGTCCCAGCGA-1_1",0.081399236880934,0.0659891317766595
"GCATCTCTCACTTCTA-1_1",0.0992823681789192,0.080517840380613
"GCATGATTCGTAGTCA-1_1",0.0772860204018715,-0.0691370940469314
"GCCAACGAGGGCTTCC-1_1",0.152837726517446,0.250949374294866
"GCCAGCACAGTCGTTA-1_1",0.0449128604728358,-0.00764805177927057
"GCCAGGTAGCTAGCCC-1_1",0.0461215443869539,-0.016564519798318
"GCCAGGTGTGGACCAA-1_1",0.0486752619740334,-0.0464189589346888
"GCCAGTGCACAGTCAT-1_1",0.1575845810866,0.178163900321752
"GCCCAGAGTAGAATAC-1_1",0.164293195693298,0.175686610387159
"GCCCAGATCATTGGTG-1_1",0.0228014907666653,0.010712413797916
"GCCGATGAGGTTGGTG-1_1",0.136028659781267,0.123383964234886
"GCCGATGAGTGTACCT-1_1",0.0397655550661554,0.00842835304064007
"GCCGTGACACTCTCGT-1_1",0.158712166257605,0.188095052930688
"GCCGTGAGTACCTTCC-1_1",0.135644076615018,0.150067169136181
"GCCTGTTCAGGATGAC-1_1",0.0959982479746017,0.0665573957016344
"GCGAGAAGTACGATGG-1_1",0.0344527626715797,0.016504542004864
"GCGAGAATCCGCTGTT-1_1",0.0425918124002418,0.0101688802651412
"GCGATCGCAAGTGCAG-1_1",-0.0291608232299716,-0.000376507340709922
"GCGGAAAAGTAGGATT-1_1",0.155775989995616,0.202411447513768
"GCGGAAATCATCCTGC-1_1",0.0494556903887416,0.0312572265119824
"GCGGATCTCTATTCGT-1_1",0.0706721923227077,0.0303643501490479
"GCTACAACAAGGCTTT-1_1",0.0877927090699835,0.0902252288254664
"GCTACAATCGGCATAT-1_1",0.0585332044552909,0.0494197883180001
"GCTCAAAAGTAGGGTC-1_1",0.0338388393897434,-0.0312071608011224
"GCTGAATAGTAAATGC-1_1",0.0452391066534222,-0.0219886134855756
"GCTGCAGTCGGATACT-1_1",0.0368603573290718,0.000790502452088872
"GCTGGGTGTCGCTCGA-1_1",0.0341938853162252,0.0470963114780683
"GCTTGGGCAAGACTGG-1_1",0.0611712548753435,-0.0534166229536084
"GCTTTCGAGTGGACTG-1_1",0.057872212972659,0.102577806526586
"GCTTTCGTCGGTAACT-1_1",0.0484904517721968,-0.0514366764548768
"GGAAGTGGTATCAAGA-1_1",0.123701636719975,-0.00693905492642114
"GGAATCTGTATTCCGA-1_1",0.101001350275463,0.0739338403435977
"GGACGTCCATGCCGAC-1_1",0.0983646072324467,0.0800070091980819
"GGACGTCGTGTGAATA-1_1",0.0958427253661998,0.0725700379840506
"GGAGAACAGGCTGAAC-1_1",0.156649113914877,0.173703504412871
"GGAGCAAGTCATATGC-1_1",0.0417090868598264,0.0623206807967834
"GGAGGATTCGGCTGGT-1_1",0.0483406793212993,-0.0385177528119823
"GGAGGTACACAACCGC-1_1",0.113547421071926,0.00336863207811145
"GGATGTTAGTACGTCT-1_1",0.0403414347433546,-0.0298538261656978
"GGATGTTCACAACGAG-1_1",0.0664940480414483,-0.0579220751654291
"GGATGTTCACGACGAA-1_1",0.164175457193831,0.214219121260057
"GGCACGTGTCACTTAG-1_1",0.0421232198910112,-0.036416587497444
"GGCAGTCCACTTCAAG-1_1",0.160957489241683,0.160650904319415
"GGCAGTCCATGCTGCG-1_1",0.184036491241029,0.282855183722992
"GGCAGTCTCTTACCAT-1_1",0.0119636892123042,0.014378192312741
"GGCGTCACAGTCAACT-1_1",0.132533320742797,0.0213247756357627
"GGCTTGGTCTGAGGCC-1_1",0.187833833563495,0.232130872014647
"GGGAAGTGTTGCATCA-1_1",0.0411889837765617,-0.0439917899702242
"GGGACAAAGTATCTGC-1_1",0.086386523124059,0.0630268160871043
"GGGACAATCTGAGCAT-1_1",0.0901989304103324,0.0825597439540279
"GGGACCTAGATTTGCC-1_1",0.0847198162725034,-0.0733573317589312
"GGGAGATCACGCAAAG-1_1",0.129498744543369,0.117043941398268
"GGGAGATGTCTCGGAC-1_1",0.0450576113865772,-0.0311099569215732
"GGGAGTACAAGGCTTT-1_1",0.15731414195309,0.169175295365526
"GGGATCCCACTAGAGG-1_1",0.0530180368083614,-0.0363989926753087
"GGGATCCCAGAGGCAT-1_1",0.0396404181309352,-0.0329737172087938
"GGGATCCGTCTGTGGC-1_1",0.0412610046639823,-0.00911925278621788
"GGGCGTTGTCTTACTT-1_1",0.0436263124674446,0.00516427050369457
"GGGCGTTGTGCAATGG-1_1",0.0338376086328618,-0.0301640889768685
"GGGCGTTTCGCTCCTA-1_1",0.0238720740273175,0.0020778358949394
"GGGTATTAGCCTTCTC-1_1",0.0249524871320258,-0.0124246398008839
"GGGTATTAGTTGCCCG-1_1",0.140029308583072,0.134053251832521
"GGGTATTGTCTGTAAC-1_1",0.113041170224693,0.0888724309119666
"GGGTCACAGACAACTA-1_1",0.097471711907685,0.0826485295972367
"GGGTCTGAGTACAACA-1_1",0.0904549325693947,0.0517895062614576
"GGGTCTGGTTTCGTAG-1_1",0.0484930465562131,0.046721801223443
"GGGTGAAAGGCTCCCA-1_1",0.00158876991451391,-0.0222294556894324
"GGGTGAACAGATCCAT-1_1",0.059447573918885,-0.0528807076314955
"GGGTGTCCAAGACGAC-1_1",0.0238886861860254,-0.0220444377616335
"GGGTGTCTCATTACTC-1_1",0.0524499644003057,-0.0477637789283281
"GGGTTATGTTGCGTAT-1_1",0.156224797331248,0.225604205426026
"GGGTTTATCAGCCTCT-1_1",0.0379483632983474,-0.038645686050319
"GGTAACTGTGGCTCTG-1_1",0.0680630171632137,0.0381282112617469
"GGTAACTTCCACGGAC-1_1",0.0897187546660904,0.0717759821068659
"GGTAATCTCCGTGTAA-1_1",0.0205369363951667,0.0392419048592361
"GGTAGAGGTAGCACAG-1_1",0.0467889163827465,0.0113925845832179
"GGTCACGGTTCTCACC-1_1",0.072058478988677,0.04716692029607
"GGTCTGGAGCATAGGC-1_1",-0.00112859839643689,-0.00565177174346674
"GGTGAAGAGGCGAAGG-1_1",0.154395521253154,0.257738642784808
"GGTGATTAGTGAGCCA-1_1",0.0444318097912445,0.00828931420985587
"GGTGTCGAGAGCGACT-1_1",0.0342774098204448,0.011651388146708
"GGTGTCGAGTTCCTGA-1_1",0.0599688245078804,-0.050419733940397
"GGTGTCGGTACTCAAC-1_1",0.123375077082492,0.11831260613581
"GGTTAACGTACCTTCC-1_1",0.0452403512630133,-0.00370607805046696
"GGTTCTCGTTGCATCA-1_1",0.0477858146205417,-0.0494294270031624
"GTAACCAAGTAGTCTC-1_1",0.102188855145431,0.111472547862452
"GTAACCAGTTCGAACT-1_1",0.0391136830016136,-0.00861314225199387
"GTAAGTCAGTAGAATC-1_1",0.0516921510686301,0.021402361433325
"GTAAGTCAGTGCACCC-1_1",0.0469713323330326,0.0191623971250374
"GTAAGTCGTGAATGAT-1_1",0.0576190951152624,0.0180721310657029
"GTAATCGAGAGCCTGA-1_1",0.0994889944424373,0.0812634929717482
"GTAATCGCAGGAATCG-1_1",0.0611273316975266,-0.0561217536090311
"GTAATGCCATCAGTGT-1_1",0.162849852422955,0.247082450485175
"GTAATGCGTGTGCCTG-1_1",0.104896441909702,0.0728908553583531
"GTACAACAGATCGACG-1_1",0.0794026025366426,0.0605369357810087
"GTACAGTTCAAAGACA-1_1",0.034028199124474,-0.0460922304934381
"GTAGAAATCCGGACTG-1_1",0.0368917524745177,0.115955226479016
"GTAGAGGAGGTAGCCA-1_1",0.0194322038540074,-0.00759434303589614
"GTAGATCGTTTCAGAC-1_1",0.0398512093518204,-0.0353731604766214
"GTAGCTACATAGAGGC-1_1",0.0512781580703667,0.0102129685678506
"GTAGGAGAGTCATGAA-1_1",0.100830073003517,0.0531882746102045
"GTAGGAGGTGTGTCCG-1_1",-0.003274778573112,-0.000172525963099613
"GTAGGAGTCATGGGAG-1_1",0.0295320556090192,-0.0254275082221836
"GTAGGTTAGCTAGCCC-1_1",0.0942780716109842,0.0546865841895904
"GTAGGTTTCGTGTTCC-1_1",0.182349946773382,0.218163993181564
"GTAGTACCAGTAGTTC-1_1",0.165066029276488,0.206762948698531
"GTAGTACTCCTGCTAC-1_1",0.0566476009547996,0.039963875502545
"GTAGTACTCTGGACTA-1_1",0.0791199364188595,0.0559501774159153
"GTCAAACAGATGACAT-1_1",0.077510947325456,-0.0398355293535308
"GTCAAACCAGCGTACC-1_1",0.0346445688092039,0.0785404864081381
"GTCAAGTTCTGCATGA-1_1",0.065485542068616,0.0389223604251376
"GTCACGGTCTTAGCAG-1_1",0.0890069888494717,0.069194208466357
"GTCACTCAGCGTGAAC-1_1",0.0940870674315806,0.0803238723497673
"GTCATTTAGATCCGAG-1_1",0.131366601291028,0.138595765624727
"GTCATTTCAGCGTGAA-1_1",0.0370555214735259,-0.0195325879779557
"GTCATTTGTGTCCATA-1_1",0.046895185725003,0.0183596548146024
"GTCCACTAGAAATTCG-1_1",0.0525137364205258,-0.0530500953756754
"GTCCACTAGGTTTGAA-1_1",0.073207351731969,0.0649031362260777
"GTCCCATAGCCATTTG-1_1",0.0761855726345507,0.0662586973186276
"GTCCTCAAGCTATCCA-1_1",0.034240637192796,-0.0213064845741538
"GTCCTCATCGGCTGTG-1_1",0.0295511910738626,0.0245969333939822
"GTCGCGACAACTGTGT-1_1",0.0471792035582962,-0.0262920466672555
"GTCGCGATCTTACTGT-1_1",0.0410561553560656,0.033410875756884
"GTCGTAACAGTTGTTG-1_1",0.0496004637379346,0.0400925050332319
"GTCGTAAGTTTGGGAG-1_1",0.106803439624133,0.064484438032169
"GTCGTTCTCAATCCAG-1_1",0.04194241862335,0.0286071018712162
"GTCTAGACAGAGATTA-1_1",0.0316686632533631,-0.0238458475163138
"GTCTAGACATCGTTCC-1_1",0.0447879354504151,0.011181623800081
"GTCTGTCAGTCCGCGT-1_1",0.0238738303514549,0.0183666950608428
"GTCTTTATCTGCGATA-1_1",0.0215010905272147,-0.0207455819047997
"GTGACGCCAGGCATTT-1_1",0.0366433257654783,-0.0258445199179023
"GTGAGGACAATCGCCG-1_1",0.0607983857077814,0.00832397394832051
"GTGCGTGCACAACCGC-1_1",0.0333912961683465,-0.0279352429812259
"GTGCGTGCATTCCTCG-1_1",0.0196835368802047,0.0118777713942
"GTGCGTGTCACTGCTC-1_1",0.0573138105860827,-0.0513259264325513
"GTGCTGGAGGACTTCT-1_1",0.0968805080827244,0.0779087566262042
"GTGCTGGGTAGATTGA-1_1",-0.00661047817694033,0.0121619296298709
"GTGCTGGTCAGCATTG-1_1",0.0370961850360135,-0.0240592019773023
"GTGCTTCAGCCGCACT-1_1",0.0761634181615753,-0.0645425543363775
"GTGGAGAAGAAGAACG-1_1",0.154918735270654,0.150212020433472
"GTGGAGAAGCAGAAAG-1_1",0.0590665529922277,-0.0551212103053289
"GTGGCGTAGAGACAAG-1_1",0.051275854384669,-0.0529461561723294
"GTGGCGTGTGCAGATG-1_1",0.024057309916443,-0.00118378476765883
"GTGGGAACACCAGTTA-1_1",0.167822788353453,0.276499352320029
"GTGGTTAGTAGAGACC-1_1",0.149437931006944,0.200532336122946
"GTGGTTAGTCTGGTTA-1_1",0.14966730270686,0.222755259176158
"GTGTAACCAGCGCGTT-1_1",0.0671944490616836,0.0330888766433343
"GTGTCCTGTGTTTACG-1_1",0.0531725157916257,-0.0531420513238971
"GTGTGGCTCATTGGTG-1_1",0.0675664176778659,0.00522496574628953
"GTGTTAGGTGGGAGAG-1_1",0.120610346765848,0.112408962913507
"GTGTTCCTCCGATTAG-1_1",0.11860452079874,-0.0756295952497433
"GTGTTCCTCTTACCGC-1_1",0.0303201105410714,-0.0157236736310247
"GTTACCCAGGATGTTA-1_1",0.0998276954109608,0.0393707509199714
"GTTACCCTCGAGGCAA-1_1",0.0129418980108855,-0.00405593504960185
"GTTACGACACTGAATC-1_1",0.138875442111042,0.14564819720122
"GTTAGACGTGACTCTA-1_1",0.0597862821212902,0.030445136541295
"GTTAGTGGTATCAGCT-1_1",0.0416288163486601,-0.0448277870412314
"GTTAGTGGTTATAGCC-1_1",0.109701874502534,0.0999267013505511
"GTTATGGAGGCTCTCG-1_1",0.125703214155787,0.11770713027673
"GTTATGGAGTCACGAG-1_1",0.106499355807127,-0.0630243911318278
"GTTCATTCATATGGCT-1_1",0.161690170963114,0.223332671390203
"GTTCCGTAGCGACTGA-1_1",0.0749527717243404,0.036607817599582
"GTTCCGTCAGAGTCAG-1_1",0.0424550703093447,-0.0467100566073471
"GTTCCGTGTAATTAGG-1_1",0.0502061784055875,0.0298372003790249
"GTTCCGTGTATTCCTT-1_1",0.0982661524978054,0.070116796335243
"GTTCGCTAGCTCCACG-1_1",0.0487947858760464,0.0248906515846891
"GTTCGCTCAATCGTCA-1_1",0.048805378976941,0.0310271237982568
"GTTCTATAGTATAACG-1_1",0.145312602291881,0.127942590285804
"GTTCTATGTCTTACTT-1_1",0.017744202361378,-0.0122939240696411
"GTTCTATGTGTCCTAA-1_1",0.0785198807504696,0.0439164436281961
"GTTGCGGAGATCGGTG-1_1",0.110570986355025,0.169713823261129
"GTTGTAGCACGACGAA-1_1",0.0554601231369059,-0.0372436868632971
"GTTGTAGGTCGCTTGG-1_1",0.0517791740045667,-0.0185513500050141
"GTTGTCCAGATTGTGA-1_1",0.0162425087495604,0.0132841315805989
"GTTGTGAAGTAAAGCT-1_1",0.0472388309145712,-0.0055297930858383
"GTTTACTAGAATCGCG-1_1",0.0495486176459789,0.0360450713555361
"GTTTACTCATGGCCCA-1_1",0.155482408584989,0.156437577282691
"GTTTACTGTCGGATTT-1_1",0.16310994017599,0.234792925490724
"GTTTGGATCATTACTC-1_1",0.0332496066647596,-0.0154261689347533
"TAACACGTCAATCTCT-1_1",0.030214030730061,-0.0185099662783551
"TAACCAGTCATCACAG-1_1",0.0746616337334961,-0.00439334501537936
"TAACCAGTCGGAAGGT-1_1",0.111149401692995,0.111944102412087
"TAACGACCAAACCGGA-1_1",-0.0486127907509812,-0.0738570314609928
"TAACGACGTTCTCCTG-1_1",0.0102399130504874,0.012402624782775
"TAAGCACTCAGAGCGA-1_1",0.137283413137831,0.109088574287402
"TAAGCCAGTTCCACAA-1_1",0.0465075637169976,-0.0246113581844823
"TAAGCGTAGGTGCCTC-1_1",0.167244947505987,0.231719286759939
"TAAGCGTAGTGCACCC-1_1",0.0988875403150301,0.0748618162327845
"TAAGCGTCATGAAGCG-1_1",0.0106385874559386,0.0136552670435328
"TAATCTCGTGGATGAC-1_1",0.103949497881129,0.0342449346626491
"TAATTCCCACAACGTT-1_1",0.0275694130590112,-0.0396307797345683
"TAATTCCGTGCTGATT-1_1",0.0556281315049628,-0.049975347881039
"TACAGGTAGATGAATC-1_1",0.0461643275453402,-0.0451665616602528
"TACATTCCAATGTTGC-1_1",0.151690932814717,-0.0973298832597377
"TACCCACAGGAACGCT-1_1",0.0495833102127968,0.0170114273945839
"TACCCACAGTGGTGGT-1_1",0.0887273323441987,0.0775764279287749
"TACCCGTAGAATCGAT-1_1",0.108680157449753,0.0792751187303988
"TACCCGTAGCTACTAC-1_1",0.0506451050707958,-0.0483315963726536
"TACCCGTGTATTAAGG-1_1",0.0784697646723922,0.0678658516377773
"TACCCGTTCACGATCA-1_1",0.04748585907288,0.00216925112214155
"TACCGGGGTATGACAA-1_1",-0.0461050166227745,-0.0745021675441534
"TACCTCGAGGTCCTGC-1_1",0.0700451284966812,0.0663469885856077
"TACCTGCAGTCATGCT-1_1",0.052863139905492,-0.0423441119768622
"TACCTGCCAGGAACCA-1_1",0.176298441078908,0.244876772334871
"TACGCTCCAGACAAAT-1_1",0.0672958269216163,0.0400631432205492
"TACGGGCAGGTTACCT-1_1",0.0480115781779207,0.0186811693603847
"TACGGGCCATTAAGCC-1_1",0.0435187017460518,0.0155058208176931
"TACGGGCGTTCTAACG-1_1",0.038742969416061,-0.0275527722864647
"TACGGTACATGGGCAA-1_1",0.0791175752591059,0.0796901615349719
"TACGGTAGTCGGAAAC-1_1",0.113339664548103,0.099409185149547
"TACGTCCAGGGAGTGG-1_1",0.208893712556231,0.256418929876745
"TACTGCCTCTAGTGAC-1_1",0.053897511802937,-0.0448058612688948
"TACTTACTCTGGGCGT-1_1",0.087355304922032,0.0173062089220509
"TACTTGTCATTGCCTC-1_1",0.036111738973522,-0.0209362595456591
"TACTTGTGTACGGCAA-1_1",0.0513605799544525,0.0342720500856509
"TACTTGTTCTTCTTCC-1_1",0.170679364718625,0.234780142915587
"TAGACCAGTCGAATTC-1_1",-0.0417892714744123,-0.0856730759387661
"TAGAGTCAGACGGATC-1_1",0.0748422317381118,0.0556234604914899
"TAGATCGGTCTGCGCA-1_1",0.102576270702998,0.0736695046696659
"TAGATCGTCATACAGC-1_1",0.0428603577888981,-0.0310212599954001
"TAGATCGTCTCCTGCA-1_1",0.0585162545335814,-0.0492344873083941
"TAGCACATCTAGACAC-1_1",0.0460832693039924,0.022103789602637
"TAGGAGGTCCGAAGGA-1_1",0.0505835854123515,-0.0447680146004
"TAGGGTTAGCGAGTAC-1_1",0.0847490529058596,-0.0605387705951241
"TAGGGTTGTGTACGCC-1_1",0.0414388414525518,-0.0348483181836504
"TAGGTTGAGTGGATAT-1_1",0.103703787810788,-0.045290533034249
"TAGGTTGCAGATCCTA-1_1",0.161742846575632,0.266510667945458
"TAGGTTGGTAGGTTTC-1_1",0.0410360660522589,-0.0283349023948734
"TAGGTTGGTGCGGATA-1_1",0.0721367537583636,0.0580631408173271
"TAGTGCAGTGCGTTTA-1_1",0.0481675268033492,-0.0363967915620369
"TAGTGCAGTTGTTGAC-1_1",-0.022926873340521,0.0533799147376372
"TAGTGCATCTCTCTTC-1_1",0.0721759594483916,0.0506130897066572
"TATATCCCATACCACA-1_1",-0.0129552642659712,0.0412885130202211
"TATCAGGGTAGTCGGA-1_1",-0.017548025216451,-0.004804300780078
"TATCCTAAGAAGGGAT-1_1",0.149915111373805,0.235381631207399
"TATCCTACATGCGGTC-1_1",0.103791965093151,0.0874111643467274
"TATCTTGCACCTGCTT-1_1",0.0283627009999807,-0.0135027537899102
"TATCTTGGTGTCGATT-1_1",0.096226914720468,0.115849981711081
"TATGTTCTCAACTTTC-1_1",0.161408660348035,0.186960988692894
"TATGTTCTCGCCGTGA-1_1",0.120375025923505,0.117338283921478
"TATTCCAGTGTTACTG-1_1",0.0529512082016809,0.0350005815154304
"TATTCCATCACCATCC-1_1",0.0383246411565714,0.00959072971624919
"TATTTCGAGGGCAGGA-1_1",0.16339922394233,0.26557443215331
"TCAAGCAGTAATTGGA-1_1",0.0571102843806715,-0.0558393705418136
"TCAAGTGGTGTCATGT-1_1",0.0898506336200382,-0.00644924149312862
"TCAATTCGTCACCACG-1_1",0.137816108138889,0.167504390741565
"TCACAAGCAAGACCGA-1_1",0.0893608893084983,0.0523429395967241
"TCACACCAGAGAGCCT-1_1",0.092136478158864,0.0731060476711557
"TCACACCTCGTGCACG-1_1",-0.0521996892263106,-0.016722970651902
"TCACGCTGTAGGTCAG-1_1",0.0575991025665102,-0.0469659802553577
"TCACGGGAGGCGTCCT-1_1",0.0952941012851248,0.00624278970123475
"TCACGGGTCAGTGCGC-1_1",0.0488266631861673,0.02388249441657
"TCACGGGTCCTTATCA-1_1",0.0406749159334858,-0.0329348312341265
"TCACTATCATAATCGC-1_1",0.063117487275684,0.0491998924271235
"TCACTATGTCGGCTAC-1_1",0.0131913613592615,0.0371208439580518
"TCACTATGTCGTTGGC-1_1",0.159282193290787,0.23581721103456
"TCACTATGTGGCGTAA-1_1",0.0494975537090997,0.0235508173914092
"TCACTCGGTGTGCCTG-1_1",0.0811328300130525,-0.0693168726488544
"TCAGCAAGTCGTTCAA-1_1",0.00370789544589236,-0.0130654462130327
"TCAGCAATCTACCCAC-1_1",0.0367957956251872,-0.00863597680245649
"TCAGTCCAGAAGTCTA-1_1",0.0319118093589286,-0.0221235443373704
"TCAGTCCAGATCACTC-1_1",0.0492344876514575,0.00452333849647566
"TCAGTCCCACTCCACT-1_1",0.0394304033107995,-0.0343951110239881
"TCAGTCCTCCGCTGTT-1_1",0.0306220440781465,-0.0151826207820974
"TCAGTGACAACCTATG-1_1",0.0944256554959414,0.102897385073368
"TCAGTGATCGATGCTA-1_1",0.0548914354838438,-0.0936772934309647
"TCAGTTTAGTATCTGC-1_1",0.0589942744908508,0.0363973957567829
"TCAGTTTCAGTAGAAT-1_1",-0.0227664541506037,0.0291927457109975
"TCATACTAGGGTAGCT-1_1",0.0849542183267728,0.061547745779075
"TCATATCAGACTCAAA-1_1",0.108349523794095,0.0737576965738059
"TCATCCGAGAAATTGC-1_1",0.116443784347346,0.109688248655891
"TCATCCGCAGATTAAG-1_1",0.175624668687129,0.282182352583503
"TCATGAGCATTCCTCG-1_1",0.151811152960722,0.207284881024049
"TCATGCCCATCAGCGC-1_1",0.0404118726728027,0.00202885464847871
"TCATGCCTCATTGAGC-1_1",0.0510690173365046,-0.0251876933217274
"TCATGGAGTACCATAC-1_1",-0.00926524761566447,-0.0301268914754517
"TCATTCAAGAAGGATG-1_1",0.158916736377451,0.179326096535755
"TCATTCACAAGGTCAG-1_1",0.112363350748799,0.0905415750597511
"TCATTCATCCGATCGG-1_1",0.184629034388886,0.233630026556767
"TCATTGTGTTACCTGA-1_1",0.151001729694585,0.165915306196091
"TCATTGTTCAAATGCC-1_1",0.0660314307484844,0.0522941104692582
"TCATTTGTCATTCATC-1_1",0.0310391973466977,-0.00184410978442284
"TCCACCATCCGATTAG-1_1",0.174376942143601,0.200504456543095
"TCCACGTGTGATAGAT-1_1",0.0578374382538717,-0.00396105046746335
"TCCAGAAAGGTAGCAC-1_1",0.053335687127225,0.0212117783899036
"TCCAGAACACTCTAGA-1_1",0.0608078202369843,0.0230393191879747
"TCCAGAAGTACGGATG-1_1",0.0497715828089297,0.0247477365180251
"TCCAGAAGTGGCTCTG-1_1",0.0827438805291424,0.0594282361039501
"TCCAGAAGTTCGTACA-1_1",0.028657351494021,-0.00158830953683663
"TCCATGCTCCAAGCAT-1_1",0.0951040739551056,0.0880533933605867
"TCCCATGCACTTCTCG-1_1",0.0371063120328399,-0.00717235849063124
"TCCCATGGTCTGTGAT-1_1",0.153137205121172,0.209693495244617
"TCCGAAACACTCCTGT-1_1",0.165161545475977,0.193061713182303
"TCCGAAACATGACTGT-1_1",0.0588805983199751,-0.0496711754648343
"TCCGGGAGTAGCGATG-1_1",0.0510903607941466,0.0256646167475295
"TCCGTGTGTGTAGTGG-1_1",-0.0177680604456129,-0.0128480017058431
"TCCGTGTGTTTCACTT-1_1",0.112644102600793,0.117756399452941
"TCCTAATCACTTGTCC-1_1",0.0511402277252834,-0.00715471489527375
"TCCTCGATCCTTCAGC-1_1",0.0993772406569143,-0.00354702810715793
"TCCTCTTTCTTCTTCC-1_1",0.103111510425944,-0.0692613950276964
"TCCTGCAAGTGTAGTA-1_1",0.123391447598568,0.0045619831028637
"TCGAACAGTGTTCCTC-1_1",-0.00572296141460397,-0.000995358318975821
"TCGAACATCCTCCACA-1_1",-0.00162293011756744,-0.0199514495509031
"TCGAACATCGTTGTAG-1_1",0.081517530556648,0.0633514418827502
"TCGAAGTCATAAGCGG-1_1",0.0870797282410418,0.0664153832101867
"TCGAAGTCATTGGATC-1_1",-0.00882962683977759,0.0160557809094822
"TCGAAGTGTCTCCTGT-1_1",0.0506706523314571,0.0170469462367146
"TCGAAGTTCGAACACT-1_1",0.155820327125853,0.212184697324742
"TCGACGGCATAGCACT-1_1",0.0973064307325843,0.0599960652201189
"TCGACGGGTGTGAATA-1_1",0.0232203176324503,0.0155873679611491
"TCGATTTCATGGGATG-1_1",0.156020275041056,0.162433251152176
"TCGATTTTCAGTGGGA-1_1",0.0449597686295241,0.00406923873135161
"TCGCAGGCAATTCACG-1_1",0.141761128204855,0.231041501796166
"TCGCTCATCAGTCTTT-1_1",0.0492145954424873,0.00289592034864416
"TCGCTTGTCAACGTGT-1_1",0.081348027731808,-0.072750112146754
"TCGGGACTCTCCCATG-1_1",0.0526450893836063,-0.00873093162689652
"TCGGGCACACACACGC-1_1",0.15023455506133,0.201614265468532
"TCGGGCACATACAGAA-1_1",0.117677092085438,0.109715019257623
"TCGGGCACATTACGGT-1_1",0.0445437814661928,-0.0402547723217494
"TCGGGTGGTAATGTGA-1_1",0.141592044573688,0.175978723127417
"TCGGTCTGTTTCGTAG-1_1",0.0557192634110574,0.00966105710224293
"TCGTCCAAGACATAGT-1_1",0.0397556751196784,-0.0363645482523879
"TCGTCCAAGACGGTCA-1_1",0.116785123713905,0.0977174086879745
"TCGTCCAAGCCTCTGG-1_1",0.145319847956199,0.170355525452673
"TCGTCCAGTCGCGGTT-1_1",0.105795775478782,0.0853810348971045
"TCGTCCAGTGCCCGTA-1_1",-0.00949369518423827,0.0273041083808197
"TCGTCCATCAATCAGC-1_1",0.0802143897387795,0.0586674572953284
"TCGTCCATCTTCGGAA-1_1",-0.0569857171895824,0.00288842925505809
"TCGTGCTCATGGGCAA-1_1",0.108470244916274,0.0697873056163118
"TCGTGGGAGGAAGTGA-1_1",0.063168684012663,0.00919935981327174
"TCGTGGGAGTTGCGAG-1_1",0.0535400020952911,-0.00297751216654804
"TCGTGGGCAGTAACGG-1_1",0.0770137845953834,0.055084369209654
"TCTATACAGAGGGCGA-1_1",0.0280114256727088,-0.0104733507900123
"TCTATACTCGCTGATA-1_1",0.0816669341549027,0.0450736647959513
"TCTATCAAGTTGTCGT-1_1",0.0824749066888732,0.0542053170263424
"TCTCACGAGTTAACAG-1_1",0.0507084112864678,-0.0414675731846151
"TCTCACGCACGCTATA-1_1",0.094627833576458,0.0826063491797671
"TCTCACGCAGAATCGG-1_1",0.104940563494141,0.0950724483668926
"TCTCACGGTATGCGTT-1_1",0.0432368219142701,0.00549078886293508
"TCTCAGCCATGGCCCA-1_1",0.028301811396584,0.00701256947193643
"TCTCCGACATATGCGT-1_1",0.0282466357192009,-0.00934756793043494
"TCTGCCAAGAGGCGTT-1_1",0.0920843414361005,0.082137977519952
"TCTGCCAGTTTGGGTT-1_1",0.157878359334202,0.201343860448169
"TCTGGCTCATGAATAG-1_1",0.131301291846853,0.129458657126888
"TCTGGCTGTTTCGACA-1_1",0.148734935074472,0.196883539481586
"TCTTAGTCAAGAATGT-1_1",0.0839814450655993,0.0669137030286311
"TCTTCCTCATTACTCT-1_1",0.0775561579839742,0.0568946604757916
"TCTTGCGAGTACTGTC-1_1",0.060480168853126,0.0364221595014912
"TCTTGCGTCGTGCTCT-1_1",0.00161069024011015,-0.000304853044495253
"TCTTGCGTCTACCACC-1_1",-0.265859149156666,0.0274659905216663
"TCTTTGACATAGGAGC-1_1",0.118243636738718,0.0993623916242641
"TGAACGTAGCAACTTC-1_1",0.0460120434547775,-0.0379886724401006
"TGAATCGCACCAGACC-1_1",0.145344464701481,0.187104596168631
"TGAATCGGTTCGGCCA-1_1",0.0504063948196786,-0.00868159835691663
"TGACAGTTCCGATGCG-1_1",0.153419704007449,0.18828161406268
"TGACCCTAGAGTGAAG-1_1",0.0619038879046244,0.0509782367940321
"TGACGCGGTCTGTGGC-1_1",0.0963042287524612,-0.0476899360783766
"TGACTCCTCAACCCGG-1_1",0.0507059815864208,0.00805787678622253
"TGACTCCTCGTGGAAG-1_1",0.127006760573458,0.0902554592834471
"TGAGACTCAAATTGGA-1_1",0.0571646820708246,0.0251580801913627
"TGAGACTTCTTGTGCC-1_1",0.0342715914072773,-0.00545377681505421
"TGAGCATTCGCATGAT-1_1",0.103875066262544,0.0982331301192043
"TGAGCATTCTAGGAAA-1_1",0.0683481724813052,0.0514715185897067
"TGAGCGCCAAATACAG-1_1",0.0651221832478908,-0.054146048843017
"TGAGCGCGTCTAGATC-1_1",0.185256683757777,0.228210379081425
"TGAGGAGAGACCTTTG-1_1",0.0495915579445623,0.0322256584095437
"TGAGGAGAGGCGATAC-1_1",0.123549694398019,0.096189051834859
"TGAGGTTCAATACGCT-1_1",0.0425840855197118,-0.0215313195038999
"TGAGGTTGTTGGTGTT-1_1",0.0613984490421369,0.0179285684247083
"TGAGTCACAATCGAAA-1_1",0.168904522164963,0.240854310905102
"TGATCTTAGATAGCTA-1_1",0.0777453580386533,0.066301482440217
"TGATCTTCAGCAGAAC-1_1",0.0333112677043212,0.0114132738532599
"TGATCTTGTGCAACAG-1_1",0.0598446782120347,0.040831898482169
"TGATGCAAGTAACCTC-1_1",0.0518148039821126,-0.0503008714596781
"TGATGGTAGCTGAAAT-1_1",0.059350601315287,-0.0310722027401494
"TGATGGTTCCTCTAAT-1_1",0.052907268255247,0.0386793285168345
"TGATTCTGTTCACCGG-1_1",0.0492370931399165,0.0317454703583523
"TGATTTCCAACACAGG-1_1",0.0322279422459959,-0.0209660576086818
"TGATTTCGTACTCGAT-1_1",0.067534013058305,0.0392361771819283
"TGCACGGTCAAACTGC-1_1",0.0371672688088658,-0.0266020639337983
"TGCAGGCCAATCGCGC-1_1",0.0700131405688012,0.0578210479687061
"TGCAGGCTCTATCGGA-1_1",0.0546416887603986,0.0103181555500131
"TGCAGTACATGCCGCA-1_1",0.0892216724784577,-0.0772691646250541
"TGCAGTAGTATGAAAC-1_1",0.092656941895276,0.0591503856880809
"TGCAGTATCCAATCCC-1_1",0.196294627989249,0.219926825738684
"TGCATCCCAACTGCTA-1_1",0.073159584898313,-0.0678085041494348
"TGCATCCGTCTTTATC-1_1",0.0605470822341747,0.048848119465511
"TGCATCCGTGAACGGT-1_1",0.0511026853049219,0.0307846140779189
"TGCATGATCCTGGTCT-1_1",0.032930302570417,-0.0203513022640344
"TGCCGAGAGTCTAACC-1_1",0.0475809473483567,0.0211950894144447
"TGCCGAGGTACTCGCG-1_1",0.0338068482644328,0.0309103503528214
"TGCCGAGTCTTCACAT-1_1",0.0407281081867228,-0.0319530946073295
"TGCGACGCATCCGTTC-1_1",0.101026359576819,0.0885888863991993
"TGCGACGGTATCGCGC-1_1",0.0980281886002934,0.0552222558810175
"TGCGATACAGGTCCCA-1_1",0.0962288949495307,0.0446401258766791
"TGCGGCACAAATTGGA-1_1",0.0838796385269467,0.083884013710529
"TGCGGGTCATAATCGC-1_1",0.0521089580481318,0.037851129584861
"TGCTCCAAGCAACAAT-1_1",0.0437438857459637,-0.0372947723080267
"TGCTCGTAGGCACGAT-1_1",0.0706927084893015,0.05608180966134
"TGCTGAAAGATTTGCC-1_1",0.159488663162996,0.194905826368014
"TGCTTCGGTAGACACG-1_1",0.0444739616259587,0.0176540053706526
"TGCTTGCTCACTACTT-1_1",0.138646408688202,0.136655746919052
"TGGAGGATCGTCCATC-1_1",0.106675502419114,0.0727536681600841
"TGGATCAAGACTTGTC-1_1",0.0469684378214763,-0.045618788008179
"TGGATCAAGCACTCTA-1_1",0.086335578032801,0.0512456304771106
"TGGATCAGTGAGGATC-1_1",0.0409252531679616,0.0122601539411229
"TGGATCAGTTTGCAGT-1_1",0.144108690001021,0.165326742437085
"TGGATGTGTAGAGTTA-1_1",0.041263785445516,-0.0120882260180636
"TGGATGTTCAGAACCT-1_1",0.124320642835332,0.0968907340899032
"TGGCGTGGTTTGACAC-1_1",0.0496026362291802,0.0119675611563987
"TGGCGTGTCCATGCAA-1_1",0.0127836974202231,0.0026100725965459
"TGGGAGACAGGTTACT-1_1",0.102104075715726,0.0819825035592854
"TGGGAGATCGCTTGCT-1_1",0.0217980283638848,0.0130643646782329
"TGGGCGTCAGCAGATG-1_1",0.063092531491731,0.0201422275447182
"TGGGCGTGTTACGTAC-1_1",0.0430189675495381,-0.0403076189835321
"TGGGTTAAGGTTGTTC-1_1",0.0446950983168248,0.0262602270253689
"TGGTACAAGACAACAT-1_1",0.0200341215130763,-0.0177228650041013
"TGGTACATCAAAGAAC-1_1",0.0114032177031021,-0.0205221536858897
"TGGTGATGTTACGTAC-1_1",0.188023593077482,0.292068625072488
"TGGTTAGAGTGCACCC-1_1",0.0745392190780559,0.0626968708465202
"TGGTTAGCAGAGTTGG-1_1",0.098145876430662,0.062034702663379
"TGGTTAGGTTTAGAGA-1_1",0.075049195887647,-0.100705372129354
"TGGTTAGTCTAGCCAA-1_1",0.163644637510952,0.21002961101043
"TGTAAGCGTGTTTGCA-1_1",0.105656070420428,0.0926051208785392
"TGTAGACAGCAGTAAT-1_1",0.0955838693024498,0.0418215425043986
"TGTCAGATCCATCGTC-1_1",0.153455996514103,0.217226481651333
"TGTCAGATCCTACGGG-1_1",0.100553417880929,0.106879990674528
"TGTCCACAGCTTTGTG-1_1",0.0969907585522289,0.0909796249450388
"TGTCCCACAGAGGTAC-1_1",0.0556437423833891,0.0504345750852416
"TGTCCCACATAGGTTC-1_1",0.0795286326726439,0.0523237155360822
"TGTCCCACATTGTACG-1_1",0.0400403355204724,-0.0108390314023376
"TGTCCCATCGAGGCAA-1_1",0.161548516097172,0.231853069299049
"TGTCCTGGTATCGCTA-1_1",0.0554274730227579,-0.0527535747187799
"TGTGAGTCAAGGAGTC-1_1",0.0344897587973448,-0.00877424076286145
"TGTGATGCAGTTGAAA-1_1",0.0501077631304513,0.0129716301144751
"TGTGATGTCATCCCGT-1_1",0.134831733416611,0.164307357573866
"TGTGCGGTCAACCTCC-1_1",0.10782183208957,0.0622982796832685
"TGTGTGAAGTATAGGT-1_1",0.038252764289555,-0.0245634005850996
"TGTGTGACACTGGATT-1_1",0.0683811260241868,0.0652538995186717
"TGTTCATCAAACACCT-1_1",0.0413551997049872,-0.0105412363576941
"TGTTCCGTCCGGACGT-1_1",0.0753349495297173,-0.0650922114569939
"TGTTGAGCAGGGTCTC-1_1",0.0591898388581332,-0.0563408623004073
"TGTTGAGCATGACCCG-1_1",0.0737882829456736,0.072293815225805
"TGTTGAGGTATTTCGG-1_1",0.142585529551794,0.193834779960474
"TGTTGGAAGGTTCACT-1_1",0.0234210311510705,-0.0221675738555688
"TGTTTGTAGTCGCTAT-1_1",0.0906244868184456,-0.0770076872367304
"TTACAGGAGTCTCTGA-1_1",0.111424179134507,0.052031281996187
"TTACAGGGTTGCTCAA-1_1",0.01413945762985,-0.00210806094910054
"TTACAGGGTTTCGCTC-1_1",0.0200504559446736,0.0204059481672392
"TTACCATAGACGTCCC-1_1",0.154019453081787,0.164319107410929
"TTACCATCATACTGAC-1_1",0.171401624707705,0.199795519576283
"TTACCGCAGCACACCC-1_1",0.0309253007184907,-0.0136437495269668
"TTACGCCAGCGCACAA-1_1",0.0623412187331098,-0.0591296890819049
"TTACGCCCAGAACCGA-1_1",0.00710273680364709,-0.0432177367526326
"TTACGCCTCCGTGGGT-1_1",0.072124583889303,0.0373787127478228
"TTACGTTAGGGAGGCA-1_1",0.0411360405343124,-0.0267410303402367
"TTACTGTAGTGGATTA-1_1",-0.040192990846917,0.0153783531965238
"TTACTGTCAACCAATC-1_1",0.156012472469793,0.261086706059474
"TTACTGTGTATGAAGT-1_1",0.0277274232288205,-0.0246787888649973
"TTAGGCATCAAAGGTA-1_1",0.098184420463761,0.0792549384533789
"TTAGTCTAGCCTCGTG-1_1",0.110684291278354,0.0144408194284166
"TTAGTCTGTTTAGAGA-1_1",0.0517081495029539,-0.0474698664949082
"TTCACGCTCAGACCCG-1_1",0.0560827155686019,0.0360790872011174
"TTCACGCTCCGTAGTA-1_1",0.0834036933479406,0.0541313871867235
"TTCAGGAAGGCCTTGC-1_1",0.0426512265763168,0.00408791808656201
"TTCAGGACAGCTGTCG-1_1",0.13979088453045,0.149412844152452
"TTCAGGATCGATTTCT-1_1",0.0646454331960297,0.0266127921895528
"TTCATGTCACACCTGG-1_1",0.0481109912331727,0.0251791003484752
"TTCATTGAGATGAACT-1_1",0.0267972413698203,0.03246698025178
"TTCATTGAGATTGATG-1_1",0.0868531273595539,-0.00792113206406797
"TTCATTGCAAAGGATT-1_1",0.0377433866976771,-0.0337344278918334
"TTCATTGTCGCGGACT-1_1",0.0130992871899588,0.0431261860804828
"TTCCAATGTGCCCAGT-1_1",0.0529012919739014,-0.0410759103758518
"TTCCGGTCATGTGGTT-1_1",0.120468989093452,0.0772977732893989
"TTCCGGTGTGATTGGG-1_1",0.0144294077357317,-0.0290636510916375
"TTCCGTGAGTTAGAAC-1_1",0.0721592223100729,0.0585708800174273
"TTCCTCTGTCTGTAAC-1_1",-0.0179456889121579,0.0165845532286424
"TTCCTTCCATGTGGCC-1_1",0.120902647733533,0.116709136935858
"TTCCTTCGTTAGCGGA-1_1",0.0826573721423239,0.060230374901942
"TTCCTTCGTTAGGAGC-1_1",0.0314565385375783,0.00517453499357707
"TTCGATTAGTCACTCA-1_1",0.0333374994088261,-0.00469557523348327
"TTCGCTGCACAAGCTT-1_1",0.0592149517653904,0.00109829179142572
"TTCGCTGCATCAGCGC-1_1",0.179263444521206,0.281758872700197
"TTCGGTCCAGCGTGAA-1_1",0.0461215801005557,0.00171560110194519
"TTCTAACCACTGGCCA-1_1",0.0605665265917457,-0.0521158625767107
"TTCTAACGTGAGAGGG-1_1",0.131082220919159,0.0702996119492112
"TTCTAACTCTCGCTTG-1_1",0.0564337891104142,-0.0479932219606064
"TTCTAGTCACCAGCCA-1_1",0.0624048423911047,-0.0532133937909679
"TTCTCTCAGAAACTGT-1_1",0.0371149046311631,-0.0214649044951402
"TTCTCTCCACAAGGTG-1_1",0.0414076755990628,-0.039982457505063
"TTCTCTCGTTGTGGCC-1_1",0.106604109754061,0.098048087300421
"TTCTTCCTCAAACGAA-1_1",0.103918156869483,0.110336579058021
"TTGAACGAGACTTGTC-1_1",0.0520074058906459,0.0299777701769826
"TTGAACGGTGTTAGCT-1_1",0.0904660253815985,0.0632878382406558
"TTGACCCAGATAGTCA-1_1",0.0936936982157792,0.0676241135016745
"TTGACCCCACTGATTG-1_1",0.0504049435709436,-0.00940210548548905
"TTGACCCGTCGCTCGA-1_1",0.118562913674611,0.0762262487889006
"TTGAGTGAGCTGTACT-1_1",0.0513436042237207,0.0372673248634827
"TTGCATTTCGAAATCC-1_1",0.190082251444362,0.238679663653487
"TTGCCTGGTGCAACGA-1_1",0.0512122338669457,-0.0474003453267036
"TTGCGTCAGTAGCCAG-1_1",0.0859011335039843,-0.072199856496514
"TTGCTGCCACCAGCTG-1_1",0.102377352834761,0.0488181442911053
"TTGCTGCGTTACACTG-1_1",0.0354692604546932,-0.00263943567226305
"TTGGGATCACGAAAGC-1_1",0.0249571804206318,-0.0545504328682604
"TTGGGCGTCATTGCGA-1_1",0.0505229216066753,-0.0420921396469936
"TTGGGTAAGAGGTTAT-1_1",0.116009092072992,0.101202943056057
"TTGGGTAAGCTAAACA-1_1",0.0841342957896304,-0.0739230933001663
"TTGTGTTAGTCCTGTA-1_1",0.0628141446449372,-0.0567632459423698
"TTGTTCAAGCGACTAG-1_1",0.0457929145725123,-0.0386308963976518
"TTGTTGTGTCTGCGCA-1_1",0.161185350683103,0.224214996975753
"TTGTTTGAGCCAAGGT-1_1",0.0924902222891696,-0.0745566972665112
"TTTACCAAGTGCCGAA-1_1",0.0889405475491478,0.0563370127252073
"TTTACCAGTAAGTTAG-1_1",0.144097808730416,0.140269039362262
"TTTACTGCACCAGTTA-1_1",0.0806972427757305,0.0696141866886149
"TTTATGCGTGTCATTG-1_1",0.0608837675588333,0.029715627068289
"TTTATGCTCACTGCTC-1_1",0.159442790013761,0.239321549565518
"TTTCACACAGCTTCCT-1_1",-0.0344874436073854,-0.010672646375664
"TTTCACACATCAACCA-1_1",-0.00454271705281162,-0.000637630674489108
"TTTCACATCAATCGGT-1_1",0.0515438729769424,0.00325622490933236
"TTTCACATCTCGTCGT-1_1",0.0745329443711236,-0.0649143748331855
"TTTCATGAGCTCGTGC-1_1",0.0542834346414771,0.0427759050238744
"TTTCATGAGTTAGTAG-1_1",0.0713040226003588,-0.0627043181442579
"TTTCATGCAGCATCTA-1_1",0.062477399523966,0.0310173026776391
"TTTCGATAGACGCCAA-1_1",0.0908076858604015,0.0845121905486244
"TTTCGATAGCGGGTTA-1_1",0.0630083081072962,0.0410681228550416
"TTTCGATAGTCGTTAC-1_1",0.0742990528460272,0.0548262871837362
"TTTGACTCAATAGTAG-1_1",0.141542175711054,0.161045300336105
"TTTGACTCACGATAGG-1_1",-0.0125478588473304,0.0060992147656928
"TTTGACTTCTTACGGA-1_1",0.0595177555303101,-0.0539485104928879
"TTTGATCAGGATTCAA-1_1",0.0992669153509772,0.0532310181798223
"TTTGATCGTGCATACT-1_1",0.0280741483379654,0.00646377546541917
"TTTGGAGAGGTATCTC-1_1",0.156097474349819,0.149172042997097
"TTTGGAGCATCATGAC-1_1",0.0670010787424575,0.0453667229805044
"TTTGGAGTCTGTAACG-1_1",0.0642176647523013,-0.0378426803529925
"TTTGGTTAGCACTCCG-1_1",0.041257755256686,-0.0357138927278366
"TTTGGTTGTAAGTTAG-1_1",0.0385173478978756,-0.0295353984037063
"TTTGGTTTCTTGGCTC-1_1",0.0470636454919397,-0.0376266429334121
"AAACGAATCGCCATAA-1_1",0.128566330683953,-0.212491938877068
"AAACGCTCAAATGCTC-1_1",0.127194434525306,-0.227290400063146
"AAACGCTGTTATCCAG-1_1",0.0440786414756098,-0.17309394252908
"AAACGCTTCTCCCAAC-1_1",0.083021367892965,-0.111955292842898
"AAAGGATTCACTGTCC-1_1",0.139178691439216,-0.162030469872097
"AAAGGGCAGTTACTCG-1_1",0.125419543628557,-0.100055206557756
"AAAGGGCTCGAGAACG-1_1",0.177612538348274,-0.150968630916441
"AAAGGTAAGTCACGAG-1_1",0.131678328460771,-0.164997518079337
"AAAGGTACATATCGGT-1_1",0.0987408741588809,-0.198802910710695
"AAAGGTAGTTCTCTAT-1_1",0.0995335277748047,-0.172096883442
"AAAGTCCCACACCAGC-1_1",0.159533402131718,-0.166495664768739
"AAAGTCCTCCATCACC-1_1",0.108930947808277,-0.173581628503019
"AAAGTGACACAAATGA-1_1",0.130468156771789,-0.182959014865707
"AAATGGAGTTGTCTAG-1_1",0.138259003321973,-0.0869605761741062
"AACAAAGGTCGGTGAA-1_1",0.116750735008439,-0.16616469626038
"AACAACCAGTGATGGC-1_1",0.074969255240241,-0.182192411959257
"AACAACCGTTGATCGT-1_1",0.176161954665114,-0.190189226010127
"AACAACCGTTGCCAAT-1_1",0.067758450690127,-0.213696099530301
"AACAAGAAGTACAGAT-1_1",0.0498996047172489,-0.0586182731807327
"AACAAGACATCAGTGT-1_1",0.0373240299615231,-0.0914262463562986
"AACAAGAGTAGTACGG-1_1",0.160845951398723,-0.177994085865301
"AACACACGTGACTAAA-1_1",0.12209748373603,0.0387672996165629
"AACACACGTTAGCGGA-1_1",0.124860405819125,-0.165520220140962
"AACCACAAGATGGTAT-1_1",0.0328995644666014,-0.194643078730443
"AACCACACAAGCTGCC-1_1",0.16183419229513,-0.168206683911708
"AACCACACAGCGGATA-1_1",0.130081063269597,-0.213080996501859
"AACCACATCTAAACGC-1_1",0.161202196051237,-0.18987258600264
"AACCCAACAGGCTATT-1_1",0.092601676292963,-0.208944071213606
"AACCCAATCGAGTCCG-1_1",0.0800482575619154,-0.199374939166592
"AACCTGACAATAGGAT-1_1",0.138308502013852,-0.160608723984883
"AACCTGATCAATCCAG-1_1",0.101886189168384,-0.231706975342513
"AACCTGATCAGGAACG-1_1",0.134151453347558,-0.180503919814141
"AACCTGATCGAGATGG-1_1",0.0830308286814931,-0.100743748092281
"AACGAAAAGTTACGGG-1_1",0.15544425314891,-0.171906535786799
"AACGAAACACTCAAGT-1_1",0.153635866073667,-0.176598083223367
"AACGGGAGTAGTTAGA-1_1",0.163208714191574,-0.140036152964213
"AACGGGAGTCTCTCCA-1_1",0.0806557325967837,-0.22237974923594
"AACGGGAGTTCGTAAC-1_1",0.0507149024284102,-0.165062639901478
"AACGTCACAGAGTTGG-1_1",0.154171891199582,-0.178548941414295
"AACGTCACATTCGATG-1_1",0.104180146939945,-0.225758587709351
"AACGTCAGTCGAGTTT-1_1",0.123142446512007,-0.181830664390282
"AACTTCTTCATCGACA-1_1",0.12980999843261,-0.221263878924161
"AAGAACATCGTTCGCT-1_1",0.135404462048456,-0.220535360185
"AAGACAATCTGTGCTC-1_1",0.137750994983947,-0.199374224579143
"AAGACTCAGCCACAAG-1_1",0.177665243633394,0.276508988653452
"AAGATAGCAGTCAGAG-1_1",0.107013290076203,-0.0524207516556657
"AAGCATCAGTCGAATA-1_1",0.151398951732331,-0.186190856861885
"AAGCATCGTAGTGGCA-1_1",0.135786851791841,-0.151680728765097
"AAGCCATGTAATGCGG-1_1",0.0967416815096274,-0.2129486870358
"AAGTCGTCAAAGGAGA-1_1",0.138539104610069,-0.167087647743558
"AAGTCGTGTTCAGCTA-1_1",0.0967697499996214,-0.140762894462128
"AAGTCGTTCCGAGATT-1_1",0.159915341979291,-0.144531239750915
"AAGTGAACAATAGAGT-1_1",0.126906831317627,-0.0765930004253193
"AAGTTCGAGCAGGTCA-1_1",0.150381486067641,-0.153133966916726
"AAGTTCGGTATTCCTT-1_1",0.0978224970618426,-0.171306656438767
"AATCACGTCATTCCTA-1_1",0.111457681548759,-0.144622216994098
"AATCGTGGTACCGCGT-1_1",0.16466944370729,-0.184758895334384
"AATGAAGCAGGCATGA-1_1",0.108307355294682,-0.223034935607022
"AATGACCCAATTTCCT-1_1",0.104177463542914,-0.112455434144289
"AATGACCGTCTTCCGT-1_1",0.142153509773137,-0.156366329552233
"AATGACCTCATTTCCA-1_1",0.0795102622246702,-0.21396564568299
"AATGCCACAAACTAGA-1_1",0.13330050331247,-0.161793540471589
"AATGCCAGTCCGGATC-1_1",0.115751579687345,-0.223532750226924
"AATGGAACATATACCG-1_1",0.142484696064914,-0.0913638488788909
"AATGGAAGTACGGTTT-1_1",0.189966765366106,0.301785849656628
"AATGGAAGTATTAAGG-1_1",0.196399770617915,0.269760426528386
"AATGGCTCAATCTGCA-1_1",0.0647856560359174,-0.163746061339084
"AATTCCTCAAATACGA-1_1",-0.0338111160179505,-0.0715534483471608
"AATTTCCCACGGAAGT-1_1",0.218639607690612,0.263834108180231
"AATTTCCGTTGTTGTG-1_1",0.152109062389866,-0.152949435791852
"ACAAAGACATCGCCTT-1_1",0.0997486538377545,-0.16510494897673
"ACAAAGAGTTGGATCT-1_1",0.149455022948344,-0.209213922720077
"ACAAAGATCTCGCTTG-1_1",0.0972091563249414,-0.189698367738531
"ACACAGTAGAGAATCT-1_1",0.100355128634868,-0.223820051095876
"ACACAGTAGTATCTGC-1_1",0.126381264401623,-0.17658779209402
"ACACAGTTCACACCCT-1_1",-0.0226482792617183,-0.0710486240567779
"ACACCAAAGCACGTCC-1_1",0.196160979915892,0.27797076160451
"ACACCAAAGCTTTCTT-1_1",0.13852464446681,-0.197430836160253
"ACACCAAGTAACTGCT-1_1",0.0849494402954578,-0.101161248488034
"ACACCAATCTCTCTAA-1_1",0.0830771991165127,-0.183118241067868
"ACACCAATCTGCGATA-1_1",0.132413097391257,-0.193094720823891
"ACACGCGCACGACCTG-1_1",0.121890764763249,-0.163915082786271
"ACACGCGTCATAAGGA-1_1",0.122681045351909,-0.101166250651902
"ACACGCGTCGTACACA-1_1",0.109021101836063,-0.20645082466715
"ACACTGAAGGCATGGT-1_1",0.131494317536577,0.00772317071464098
"ACACTGACAAGGACAC-1_1",0.152862992731683,-0.0642015173771792
"ACAGAAACATGAAGCG-1_1",0.106649298948851,-0.110637117592506
"ACAGCCGGTACAGTCT-1_1",0.113395983715359,-0.21741194266465
"ACAGGGAAGACGGTTG-1_1",0.130942401941518,-0.195171773799269
"ACAGGGAGTACAGAAT-1_1",0.0936306981071758,-0.168448127151818
"ACAGGGAGTATCGTTG-1_1",0.10566470430738,-0.19132981159884
"ACAGGGAGTGGGTTGA-1_1",0.0232847800854563,-0.141045897327966
"ACAGGGATCGCTGTTC-1_1",0.0674520380721794,-0.208389049001837
"ACAGGGATCGTGGACC-1_1",0.064748972523259,-0.168960143096943
"ACATCCCGTAAGGTCG-1_1",0.221788328209816,0.264877911048586
"ACATCGAAGAAACACT-1_1",0.0611462822520716,-0.219077929567635
"ACATGCAGTCGTGTTA-1_1",0.12004017113823,-0.160302660572287
"ACCAACACACTTACAG-1_1",0.0952322353998094,-0.186856968982153
"ACCAACATCATGAGAA-1_1",0.11661011966525,-0.208014128790203
"ACCACAAAGGATGGCT-1_1",0.115080841830113,-0.211014425181021
"ACCACAAGTTGTATGC-1_1",0.0861946122594595,-0.199817130807493
"ACCACAATCATCCTGC-1_1",0.191120052325968,0.270031624224673
"ACCACAATCTGCCTCA-1_1",0.0774427842834015,-0.182529722801826
"ACCATTTAGTATGAGT-1_1",0.104539752600775,-0.192171698467125
"ACCATTTGTTTCGTGA-1_1",0.104063122332495,-0.154516777745757
"ACCATTTTCAAGCCTA-1_1",0.144456710823482,-0.177805416722228
"ACCCAAAGTGAGAGGG-1_1",-0.100414391833687,-0.0283905379782842
"ACCCAAAGTGTTATCG-1_1",0.118185121809427,-0.1455713740862
"ACCCAAATCCTATTTG-1_1",0.114021204085121,-0.207700809487463
"ACCCTCAAGATAGTCA-1_1",0.127085747243494,-0.189362640697235
"ACCCTCAAGCATCTTG-1_1",0.0851666075440284,-0.20390074612766
"ACCCTCAAGGCCCGTT-1_1",0.182249326405168,0.263257269718731
"ACCCTCACAAACTGCT-1_1",0.0972236460727261,-0.136603751445557
"ACCCTCACACGTGAGA-1_1",0.13527532155683,-0.186147229225552
"ACCCTCACAGGGTTGA-1_1",0.100775021095151,-0.153930540812897
"ACCTGAACAAGTCGTT-1_1",0.0896583252307342,-0.203903518607686
"ACGCACGTCCTCAGAA-1_1",0.00554682401446951,-0.12462663948756
"ACGCACGTCGGTATGT-1_1",0.0864262674627735,-0.0906085673533927
"ACGGAAGCACGCGCAT-1_1",0.0954041459356779,-0.163791263877911
"ACGGGTCCATGTCGTA-1_1",0.0893257060009547,-0.22655325076386
"ACGGTCGAGGATTTAG-1_1",0.0936943080867989,-0.230006523392489
"ACGGTTACACGACCTG-1_1",0.125846153191976,-0.19817055882885
"ACGTAACAGTATAACG-1_1",0.0738443309446219,-0.218025547087869
"ACGTAACTCTCGCGTT-1_1",0.122446266658261,-0.164788389366537
"ACGTACAAGAATGTTG-1_1",0.152640490906389,-0.13959879409271
"ACGTACAGTAAGTTGA-1_1",0.0858275717828808,-0.20873368615574
"ACGTCCTCAGACGATG-1_1",0.132043537339925,-0.198464001514536
"ACGTCCTGTGTTCATG-1_1",0.163311454062294,-0.173268347803095
"ACGTTCCCAGCGATTT-1_1",0.0990474517951343,-0.205927313431991
"ACGTTCCGTTAGAAGT-1_1",0.188914450926657,-0.184823319087634
"ACTATCTAGCAGTACG-1_1",0.0980255904062857,-0.225197747772776
"ACTATCTAGTTGCGCC-1_1",0.111757212492207,-0.151488924858159
"ACTATGGCACACACGC-1_1",0.0881150143270116,-0.174986365436405
"ACTATGGTCAACACGT-1_1",0.0748887944630058,-0.168689343888314
"ACTGATGAGGTCTGGA-1_1",0.0973235285921084,-0.170535331669348
"ACTGCAACAAGTGATA-1_1",0.15331529241922,-0.172854181733864
"ACTGTCCAGTAAATGC-1_1",0.160230831350295,-0.192941997153295
"ACTGTCCCAGCACAAG-1_1",0.153758853004259,-0.152265522014328
"ACTGTCCGTCTAGGCC-1_1",0.104751456102118,-0.190275361317908
"ACTTAGGAGTATGTAG-1_1",0.0960727909746818,-0.171549009550036
"ACTTAGGAGTCATTGC-1_1",0.131473912151774,-0.187449828181603
"ACTTAGGAGTGGAATT-1_1",0.158846029521965,-0.135102657864183
"ACTTAGGGTCTGCATA-1_1",0.173073625041257,-0.163480877576025
"ACTTATCGTGCCTGCA-1_1",0.0772378749272488,-0.198421418831998
"ACTTATCGTTGTCATG-1_1",0.113142567141225,-0.179579566047641
"ACTTCCGTCGCCAATA-1_1",-0.0185927388631984,-0.0612053935818328
"ACTTTGTGTCTGCATA-1_1",0.0801243381158218,-0.220014724590357
"AGAACAACATCGCTGG-1_1",0.12505213571238,-0.154126454368979
"AGAACCTAGGGAACAA-1_1",0.0716837806276831,-0.136036187119904
"AGAACCTTCCCAACTC-1_1",0.192372894576438,0.295807258686315
"AGAAGCGCAACGACAG-1_1",0.106408270104089,-0.218125480588482
"AGACAAAAGCATCGAG-1_1",0.119729700107856,-0.0558015642208557
"AGACAAAAGCCTCCAG-1_1",0.0456737810094239,-0.167585088278153
"AGACAAAGTGAGTTGG-1_1",0.0400214902506446,-0.168891607278346
"AGACAAAGTTACCTGA-1_1",0.173748931821209,0.203051497067681
"AGACACTAGTAGTCAA-1_1",0.0814513425330649,-0.228891289710973
"AGACACTCAATACCCA-1_1",0.00688557660505033,-0.139662321038716
"AGACACTCACCGCTAG-1_1",0.0437721673372578,0.125803154466059
"AGACACTGTACGATCT-1_1",0.165107774323784,-0.18353712802742
"AGACCATAGCATGATA-1_1",0.107335488193964,-0.209502096602154
"AGACCATCATCGGAAG-1_1",0.125425227249985,0.0832710412700146
"AGACCCGGTGTTATCG-1_1",0.114054871375187,-0.183670998595039
"AGACTCAAGTTATGGA-1_1",0.120997547767758,0.0279348818406574
"AGACTCACATCGGCCA-1_1",0.111683948656578,0.146173937963364
"AGACTCAGTGTAAACA-1_1",0.131071456895876,-0.183719343662417
"AGAGCAGCACCTCTAC-1_1",0.121397436742519,-0.165246774746728
"AGAGCAGCATCCGAAT-1_1",0.102812824682176,-0.139602111600652
"AGAGCAGGTATGGGAC-1_1",0.152873825775406,-0.15246845925057
"AGATAGAGTGCAGGAT-1_1",0.147372177117809,-0.154656100370881
"AGATCCAAGCAATTAG-1_1",0.149046644496447,-0.188886101834625
"AGATCCACAATCGTCA-1_1",0.0896453612881614,-0.0940266984916898
"AGATCCATCGCTAAAC-1_1",0.105284475481918,-0.224466602221943
"AGATCGTAGCAGCCTC-1_1",0.165043811102531,-0.138794178335604
"AGATCGTAGGCTCTCG-1_1",0.142947835136744,-0.138190583132841
"AGATCGTCACTGTTCC-1_1",0.127737669167995,-0.229241763516883
"AGATGAACATCTCATT-1_1",0.0892068306595355,-0.0680399228993639
"AGCATCATCATTACCT-1_1",0.130317518685995,-0.221643478864268
"AGCCAATTCTATTCGT-1_1",0.148655288825485,0.129363779375743
"AGCCACGGTGGGAGAG-1_1",0.157248420248068,-0.164520729889282
"AGCCAGCTCCACGGAC-1_1",0.0957082630367095,-0.226854057870007
"AGCGCTGAGGCTGAAC-1_1",0.134999737442719,-0.208852570091661
"AGCGCTGGTACCCGCA-1_1",0.135308609421064,-0.150750778059644
"AGCGTATCATGAGTAA-1_1",0.0979605900989167,-0.202264421752652
"AGCGTATTCATGAAAG-1_1",0.203961053785055,0.287755382813399
"AGCGTATTCGGAAACG-1_1",0.101184640667069,-0.161051083374155
"AGCTACAAGCTCCATA-1_1",0.152941731562919,-0.181962957805579
"AGCTACACATTGACAC-1_1",0.122715948619177,-0.0825984059593501
"AGCTACATCTTCGGTC-1_1",0.150363833938717,-0.180098704813107
"AGCTCAAAGGCGAACT-1_1",0.13334390917325,-0.175014147222192
"AGCTCAAGTTCAAGTC-1_1",0.156957016635461,-0.195475372760671
"AGCTCAATCGACATCA-1_1",0.122381710639219,-0.110425153069254
"AGCTTCCTCACGATCA-1_1",0.139225452099773,-0.210566581661617
"AGGAAATCATACTGAC-1_1",0.130138049057959,-0.171731936195842
"AGGAAATGTGACAACG-1_1",0.115472831739249,-0.175593593407619
"AGGAATATCACGGTCG-1_1",0.0914201064662575,-0.156456120504934
"AGGAATATCTGCCTCA-1_1",0.178635912743094,0.292627443824418
"AGGACGAAGTGACACG-1_1",-0.327149783410106,0.038669707827296
"AGGACGAGTACAGGTG-1_1",0.11518642976949,-0.220035293136781
"AGGACGAGTTGCTAGT-1_1",0.0573633436019674,-0.180600821212088
"AGGACTTTCCAACACA-1_1",0.070929980010564,-0.212639896069837
"AGGATAAAGGCTAACG-1_1",0.0967354561760287,-0.174541686987722
"AGGATCTCATTAGGCT-1_1",0.0858304295259742,-0.177809077917522
"AGGCATTCACTAGTAC-1_1",0.156048393578365,-0.175077120983267
"AGGCCACAGATGGCAC-1_1",0.155321888861678,-0.192373286196927
"AGGCCACTCACTTCTA-1_1",0.069438309109328,-0.0347781049264328
"AGGCCACTCGTCGATA-1_1",0.173338908184763,-0.137527989767986
"AGGCCACTCTTGAGCA-1_1",0.127562248251017,-0.223366052728787
"AGGGCCTAGACCTGGA-1_1",0.0974403657922083,-0.126339055382718
"AGGGCCTAGTTTAGGA-1_1",0.111435788290041,0.0916094614557858
"AGGGTCCCAACAGCTT-1_1",0.159163380126571,-0.194506608540664
"AGGGTTTCAAACTAGA-1_1",0.12749121048751,-0.0405173061821547
"AGGTAGGGTCCTGTTC-1_1",0.121843461296838,-0.201962664573952
"AGGTAGGGTCGTGGTC-1_1",0.119605240068943,-0.133434918736073
"AGGTAGGTCCGTCAAA-1_1",0.227178107943773,0.255333967716555
"AGGTCATAGCTCATAC-1_1",0.100275408567435,0.0922368162317394
"AGGTCATAGTCCGCGT-1_1",0.167146070332636,-0.185840552303049
"AGGTTACAGAGACAAG-1_1",0.0935251417271416,-0.153015826751887
"AGGTTGTAGCCTCTGG-1_1",0.115527195821678,-0.133514082372629
"AGTAACCAGAGTTGAT-1_1",0.110708607627887,-0.134821671547594
"AGTAACCAGATGACAT-1_1",0.0576106057676874,-0.177720960849971
"AGTAACCCAACATCGT-1_1",0.125954735283462,-0.186602343307541
"AGTACCACAACCGTGC-1_1",0.103385577118562,-0.219993242814781
"AGTACCAGTGAGACGT-1_1",0.0486922937259799,-0.178869355204259
"AGTACTGAGTGCTAGG-1_1",0.127265108556236,-0.0777473838679843
"AGTACTGCAGTCTGGC-1_1",0.162067851849917,-0.183060774049233
"AGTACTGGTCTGTAGT-1_1",0.040695952766013,-0.170035450968872
"AGTACTGTCCCTTCCC-1_1",0.129352014736141,-0.154500184861826
"AGTACTGTCCGTGGGT-1_1",-0.0313165984683163,-0.162019370949933
"AGTAGTCCACTGAATC-1_1",0.031227867672547,-0.15861000153812
"AGTAGTCCATCGCTGG-1_1",0.140445536631032,-0.187678070044264
"AGTCAACAGATGTTAG-1_1",0.12561349327631,-0.181090642088922
"AGTCAACCAGATCATC-1_1",0.12811862274959,-0.181549161227651
"AGTCACAGTATTCCTT-1_1",0.191991623559965,0.293350250779634
"AGTCACAGTTAGAGTA-1_1",0.12671607040045,-0.158462899698141
"AGTCACATCCACTGGG-1_1",0.000998537384130074,-0.0990568542740368
"AGTCATGTCTTTCCGG-1_1",0.118456533226067,-0.144451795550947
"AGTCTCCAGGTGGCTA-1_1",0.161897531086965,-0.155779215429897
"AGTCTCCTCCTAGAGT-1_1",0.135830594240603,0.0398167408241734
"AGTGACTAGGACTTCT-1_1",0.144879815459195,-0.206053010075009
"AGTGATCCAGCTGAGA-1_1",0.140603379608993,-0.214666844201195
"AGTGTTGTCCCAGGAC-1_1",0.12615529924802,-0.196731275127053
"AGTTAGCTCACACCGG-1_1",0.131402473483998,-0.225773115919534
"AGTTCCCGTACTCGCG-1_1",0.150927995928049,-0.192833666528067
"AGTTCCCGTCTTCTAT-1_1",0.0631037741919773,-0.21258610326718
"AGTTCCCGTGTCATGT-1_1",0.124166257184194,-0.214912732717985
"AGTTCGACATGATAGA-1_1",0.118367632257144,-0.16219333277151
"ATACCTTTCACCTGGG-1_1",0.129515388669809,-0.194905079633856
"ATACTTCCACCTGAAT-1_1",0.15306122225271,-0.188115154701446
"ATAGACCCACATCCCT-1_1",0.0759412992797111,-0.129061009267174
"ATATCCTAGCATATGA-1_1",0.135416893401785,-0.191480074730621
"ATATCCTAGCGACAGT-1_1",0.140120220552878,-0.174990139256097
"ATCACTTCAACCAACT-1_1",0.133570201210667,-0.206037142281279
"ATCACTTCATACACCA-1_1",8.41123201570245e-05,-0.120970269210411
"ATCAGGTGTCGTGGAA-1_1",0.109307234364373,-0.149097252232686
"ATCCACCTCGCCACTT-1_1",0.112938856632865,-0.0984593648376025
"ATCCATTGTCTTTCTA-1_1",0.154429823692158,-0.148839902984172
"ATCCCTGCACCAACAT-1_1",0.145501486331933,-0.200213066501946
"ATCCCTGTCTCACTCG-1_1",0.094090984849179,-0.216487171307413
"ATCCTATTCACTGAAC-1_1",0.0405631874826997,-0.171364538463333
"ATCCTATTCTTCGGTC-1_1",0.11665102610837,-0.132632623729173
"ATCGATGAGCATCGAG-1_1",0.113466464307041,-0.180793939429904
"ATCGATGCAACGGGTA-1_1",0.16770032453751,-0.182319008930387
"ATCGCCTCAAGAATAC-1_1",-0.00640763621243025,-0.175125404651267
"ATCGTAGAGTTTGGCT-1_1",0.136026383155512,0.0215612134425877
"ATCGTAGGTACTCAAC-1_1",0.0925978374223035,-0.2161255922595
"ATCGTAGTCTCGTTTA-1_1",0.128794123563233,-0.0832206278892248
"ATCGTCCGTCTGATCA-1_1",0.0389480674971128,0.0149082500944356
"ATCGTCCGTTTCACTT-1_1",0.093555452831166,-0.181871735902954
"ATCGTCCTCGAAGCCC-1_1",0.0234614105776657,-0.0794708154471337
"ATCGTGAGTAGTACGG-1_1",0.130430564489946,-0.203081399338403
"ATCGTGATCCGCTGTT-1_1",0.160351742703011,-0.193463771395149
"ATCTCTAAGCAGGCAT-1_1",0.12808711823253,-0.025662202407047
"ATCTCTATCATCGCAA-1_1",0.147169788909963,-0.201308891598493
"ATCTCTATCTCCATAT-1_1",0.146121026272727,-0.123266040302052
"ATGAGGGAGGAAGAAC-1_1",0.0277455715042057,-0.1519335655901
"ATGAGGGTCCGATGCG-1_1",0.143223629686772,-0.213873320585479
"ATGAGTCGTAAGGTCG-1_1",0.118576713556614,-0.164946991587961
"ATGCATGGTGAGATTA-1_1",0.132932626166717,-0.203903742190037
"ATGCATGTCTGCTCTG-1_1",0.0957162390100006,-0.125138436652342
"ATGCGATGTTCAAAGA-1_1",0.15136493540268,-0.152860390723502
"ATGGAGGAGTCGCCAC-1_1",0.146726026388178,-0.148616288615841
"ATGGTTGTCGTGGACC-1_1",0.0294879391147052,-0.140797833389663
"ATGTCCCCAAGACCTT-1_1",0.105121628732429,-0.188858990122132
"ATTACCTGTAAGCTCT-1_1",0.109327039525885,-0.193023506344245
"ATTACCTGTCACGTGC-1_1",0.102393611096769,-0.189934490731959
"ATTACTCCAAGGTTGG-1_1",0.200691507424778,0.289431565344492
"ATTACTCCACCTGCGA-1_1",0.094776021211995,-0.184547732147013
"ATTACTCGTCACCTTC-1_1",0.109814616452439,-0.226499676502026
"ATTCATCCACGCGTGT-1_1",-0.0217117395535474,-0.0625836935851431
"ATTCATCGTGTCATGT-1_1",0.114755600297468,-0.125795771007551
"ATTCCATCACAGCATT-1_1",0.116309797499945,-0.156128313008809
"ATTCCATTCGCACTCT-1_1",0.0758326148098349,-0.194530573947796
"ATTCGTTAGTGGTTCT-1_1",0.0817095565742869,-0.119309040793895
"ATTCGTTTCAGAGCGA-1_1",0.121907486870722,-0.21606741026471
"ATTCTACTCCGCACGA-1_1",-0.0443815621610388,-0.0711941863665778
"ATTCTTGAGTTCGGTT-1_1",0.127576088615454,-0.181517092048924
"ATTCTTGGTTCAGGTT-1_1",0.0893462134307348,-0.0900502064997861
"ATTGGGTCAGAGCCCT-1_1",0.126020312253747,-0.199306674664145
"ATTGGGTGTAATGCGG-1_1",0.123513398346265,-0.157471962707024
"ATTGGGTTCCGGACGT-1_1",0.125411805641417,-0.157037080282715
"ATTGTTCAGACTTCCA-1_1",0.172607870285201,-0.183345793714681
"ATTTACCAGTTGTACC-1_1",0.158416256021973,-0.174252942775938
"ATTTACCCAGAGGGTT-1_1",0.132051482117854,-0.214282127821628
"ATTTACCCAGCACACC-1_1",0.158443357129802,-0.197449043592118
"ATTTACCTCGATGGAG-1_1",0.108046336109336,-0.216668939506111
"ATTTCACCACTGGCGT-1_1",0.0635828265377431,-0.121209664301555
"ATTTCACTCTACTATC-1_1",0.1382982837699,-0.146244806825576
"ATTTCTGAGGCTAAAT-1_1",0.140944732246677,-0.193905958365032
"ATTTCTGCAAGTGCAG-1_1",0.126168205957645,-0.205341933728636
"CAAAGAACACTTGAGT-1_1",0.107805909539196,-0.219030491445902
"CAACCAAAGAGTGGCT-1_1",0.132977859926357,-0.219486061635957
"CAACCAAAGGCAGGGA-1_1",0.126527035145894,-0.12904168374307
"CAACCTCTCCGACAGC-1_1",0.0916667421083458,-0.163510122400683
"CAACGGCAGTTGCGAG-1_1",0.131262068936321,-0.166797288485522
"CAAGCTACAAGCGCAA-1_1",0.133282887518268,-0.16979368155457
"CAAGCTAGTCAGGAGT-1_1",0.1381530736602,-0.212677848773063
"CAAGGGATCAGTGGGA-1_1",0.122977363131846,-0.204302202846975
"CAATACGGTCATACCA-1_1",0.134682998185096,-0.0637772320519488
"CAATACGTCGTGGACC-1_1",0.0356222423622327,-0.167495713405836
"CAATCGACATTCCTAT-1_1",0.135929892390445,-0.220869143167925
"CAATGACCAATGTTGC-1_1",0.0980929733560332,-0.150551896994111
"CAATTTCGTACAGTCT-1_1",0.0478883558150544,-0.162669171389879
"CAATTTCGTAGTGCGA-1_1",0.178293432685915,0.254109400410056
"CACAACAAGGACAGCT-1_1",0.0944403063749706,-0.172748649961432
"CACAACAGTTAGAGAT-1_1",0.118978731359157,-0.0824399867019407
"CACACAAGTAAGAACT-1_1",0.132971563677861,-0.174673662949311
"CACAGGCAGTACGAGC-1_1",-0.0667063347760458,-0.0652442567338756
"CACAGGCAGTCATGCT-1_1",0.134959192192469,0.0202570294341532
"CACAGGCGTTGCATTG-1_1",0.124452265022192,-0.14466695539966
"CACAGGCTCTCTGCTG-1_1",0.101758724130786,-0.214055871183116
"CACATGAGTCGATGCC-1_1",0.143017391218763,-0.202296956471207
"CACATGATCTCGGTCT-1_1",0.094404798857378,-0.221053059713481
"CACCAAAAGGTGCTAG-1_1",0.123065175911808,-0.189676655849851
"CACCAAAGTAGATTGA-1_1",0.156884387319529,-0.16881858891657
"CACCAAAGTCGTTTCC-1_1",0.0922215751537264,-0.21330064531356
"CACCAAATCGACCACG-1_1",0.131561977935759,-0.21245237171488
"CACCGTTCAGAGGTAC-1_1",0.0377713463393283,-0.17005210117053
"CACCGTTCATCACGGC-1_1",0.150287315265689,-0.152664103685949
"CACGAATGTGACCGAA-1_1",0.141888238304781,0.106598630028283
"CACGAATTCGCAGTTA-1_1",0.16112042384207,-0.120959535802489
"CACGGGTCATGGAAGC-1_1",0.134771692487026,-0.204159584363614
"CACGGGTGTTCCAGGC-1_1",0.126051563345164,-0.0315456852163217
"CACGTGGTCTCATAGG-1_1",0.106410372104174,-0.18626366331065
"CACTGAAGTCAAGCGA-1_1",0.127038144429037,-0.194239342334787
"CACTGAAGTGGCGCTT-1_1",0.119872130558536,-0.218301680253644
"CACTGGGAGGTTCCGC-1_1",0.0462838766651674,-0.140422324963912
"CACTGGGGTATGCGGA-1_1",-0.0327990539671258,-0.085653541160938
"CACTGGGGTGCAACAG-1_1",0.138953821583063,-0.168319749240618
"CACTGTCTCTGGGCAC-1_1",0.123483656303476,-0.212436510534543
"CACTTCGAGAAGCGGG-1_1",0.121062223724058,-0.174498079364112
"CACTTCGGTCACAGTT-1_1",-0.0118077633936233,-0.0452439650755413
"CAGAGCCAGCGAAACC-1_1",0.0709839620482713,-0.213911377787985
"CAGAGCCAGGTGCCAA-1_1",0.0180595287330992,-0.0946836184011397
"CAGAGCCAGTTTAGGA-1_1",-0.023266640567945,-0.0688037962269359
"CAGAGCCGTTGTTGAC-1_1",0.117523360839559,0.0921217898717939
"CAGATACCACAAGCTT-1_1",0.0614254107647686,-0.179100812128682
"CAGATACCAGAAGCTG-1_1",0.128110362231653,-0.213754925082508
"CAGATCAGTATGTCCA-1_1",0.116257619430569,0.174092777874385
"CAGATCAGTCACTACA-1_1",0.0957160874944455,-0.18588834300541
"CAGCAATTCATTTCGT-1_1",0.150207014293245,-0.114622079861089
"CAGCACGAGGTATTGA-1_1",0.0571428781964555,-0.174256434594105
"CAGCACGCACTGCACG-1_1",0.142771162972062,-0.214458164601774
"CAGCAGCGTGCAATGG-1_1",0.124153846445072,-0.157991032157898
"CAGCAGCTCTCACCCA-1_1",0.122492232536293,-0.221935383146633
"CAGCCAGCATACTGTG-1_1",0.0145659605459984,-0.181224133234688
"CAGCGTGAGGACAGTC-1_1",0.123566487195871,-0.172439833065222
"CAGCGTGCATCCTAAG-1_1",0.115658337623517,-0.184448953856155
"CAGCGTGGTAACACGG-1_1",0.10967260112461,-0.137456109648256
"CAGCGTGGTGGACAGT-1_1",0.123605133977548,-0.123739213549266
"CAGCGTGGTTAGCGGA-1_1",0.117166705328662,-0.080411433007413
"CAGGGCTGTGCGAACA-1_1",0.0494711904249952,-0.183756518366359
"CAGGTATCAAGAAATC-1_1",0.122502381208596,-0.15747856278016
"CAGGTATCAGCGTGCT-1_1",0.147202243777857,-0.184760200743325
"CAGTGCGGTACCTAAC-1_1",0.120952775832067,-0.175284242481705
"CAGTGCGTCCGGGACT-1_1",0.0952728194002206,-0.173863717126982
"CAGTTAGCATGCACTA-1_1",0.116653876294787,-0.13767558541649
"CAGTTAGTCGCCGAAC-1_1",0.129712161276689,-0.159239501831565
"CAGTTAGTCTGCGGGT-1_1",0.124966711993548,-0.198323188880388
"CAGTTCCAGGGTAATT-1_1",0.0463998782475348,-0.181660676964735
"CAGTTCCGTAGGTAGC-1_1",0.142370126304119,-0.185181214731696
"CATAAGCAGCCGTCGT-1_1",0.119812483464043,-0.221657755134164
"CATAAGCAGTGCTCGC-1_1",0.100383432100049,-0.170299464480087
"CATAAGCCATAGATCC-1_1",0.0809656971798419,-0.137846196663788
"CATACAGCATGAGTAA-1_1",0.11454390946841,-0.219653906944143
"CATACCCAGCGATCGA-1_1",0.18751329323585,-0.162865369482032
"CATACTTTCGACACCG-1_1",0.151445611434736,-0.214363895705732
"CATAGACGTCTGTGGC-1_1",0.158423721261219,0.147007486347442
"CATCCACGTCCACGCA-1_1",0.117227448962785,-0.166488894030483
"CATCCGTGTTGAGTCT-1_1",0.152024305545611,-0.143035862586287
"CATCGGGTCTCTTGCG-1_1",0.0246932074027408,0.110121383440728
"CATCGTCAGGCTAAAT-1_1",0.157254061450056,-0.132408782242092
"CATGAGTAGCATGCAG-1_1",0.102995518740363,-0.2111377307531
"CATGAGTAGTACTCGT-1_1",0.147288291676349,-0.194043060151582
"CATGCAAGTAAGATTG-1_1",0.0852450491753485,-0.206911487725965
"CATGCAAGTTAGAAAC-1_1",0.129509877502164,-0.0252290087297099
"CATGCCTAGTACAGAT-1_1",0.107917362553731,-0.176129120439628
"CATGCCTCATGGGAAC-1_1",0.136049093125843,-0.0857253039329067
"CATGCGGCATTGTACG-1_1",0.148696568853635,-0.195593610287146
"CATGCGGTCAACCGAT-1_1",0.15964235076559,-0.139146331660495
"CATGCGGTCGGTAACT-1_1",0.061790740770085,-0.0926643350766782
"CATGCGGTCGTAATGC-1_1",0.0651530298953094,-0.151693280336977
"CATGCTCAGAGTCTTC-1_1",0.105804415418813,-0.205363325571221
"CATGCTCCATCCGTTC-1_1",0.1250687861503,-0.148085369138045
"CATGCTCTCAAGTCTG-1_1",0.0483379923931325,-0.0309799787521512
"CATGGATAGGTACAGC-1_1",0.133909638313323,-0.213205106398463
"CATGGTAAGAGATTCA-1_1",0.102869867510496,-0.0648571739144308
"CATGGTACACCGGCTA-1_1",0.110765362422348,-0.184684487241512
"CATGGTATCTCATTAC-1_1",0.132257638199058,-0.227300746173489
"CATTCATCAGACTGCC-1_1",0.167826440126088,-0.189150419078743
"CATTCCGGTCATGCAT-1_1",0.130142512676173,-0.147233291043877
"CATTCTACACCATAAC-1_1",0.0913311560581349,-0.145327796852883
"CATTCTAGTATCAAGA-1_1",0.0241056141659068,-0.156937516151307
"CATTCTAGTTTCGTAG-1_1",0.106128617362771,-0.18979623344022
"CATTGAGCACTCAAGT-1_1",0.100282664724228,-0.179090239076718
"CATTGAGGTGTCCTAA-1_1",0.0888411344598694,-0.159636543971076
"CATTGCCGTGTACATC-1_1",0.11909142299943,-0.202037158561233
"CATTGTTAGAAATCCA-1_1",0.103223791744216,-0.220847460169621
"CATTGTTAGATCGCTT-1_1",0.078751121771771,-0.214856137377089
"CATTGTTAGTGCGTCC-1_1",0.0901936807665157,-0.183400388947811
"CATTGTTCAGAGGGTT-1_1",0.156904275609586,-0.177075898279785
"CATTGTTCAGTCTACA-1_1",0.122985431321102,-0.198600274913939
"CATTGTTTCACTGATG-1_1",0.133400791683314,-0.215549891929281
"CCAAGCGGTCTTTATC-1_1",0.118779020621762,-0.105715507525322
"CCAAGCGTCGTTAGAC-1_1",0.164458937708653,-0.128008369003591
"CCAATGAAGTTCATGC-1_1",0.0981395644218294,-0.226526160447085
"CCAATGATCGAGTGGA-1_1",0.0851503075904089,-0.210495892301385
"CCACACTAGCACTAGG-1_1",0.122965606998881,-0.105751821247904
"CCACCATCAGTATGAA-1_1",0.155072625551255,-0.207132327440094
"CCACCATGTGAATATG-1_1",0.105314066408851,-0.225296446891646
"CCACGTTTCACACGAT-1_1",0.0955189474920973,-0.229461416534958
"CCACTTGTCTGGGTCG-1_1",0.0454915997215428,-0.173601074303715
"CCATAAGAGTCGCCCA-1_1",0.0798929054158019,-0.175383239798099
"CCATAAGCAAGCTACT-1_1",0.123981528388976,-0.154535143120078
"CCATAAGCATCCGGTG-1_1",0.111205515700843,-0.149662736304069
"CCATCACCAACGTAAA-1_1",0.0950965521362764,-0.199085292795212
"CCCAACTGTCCTGAAT-1_1",0.082467770484873,-0.176685351962028
"CCCGAAGAGCTCAGAG-1_1",0.132946055117127,-0.189288104711555
"CCCGAAGAGTTTCGGT-1_1",0.112530753193891,-0.184608230217896
"CCCGAAGTCACTCTTA-1_1",0.0986600170705426,-0.185475950051853
"CCCGAAGTCCATCGTC-1_1",0.125841957036921,-0.178042097188943
"CCCTAACAGTTTAGGA-1_1",0.103645449557522,-0.211811916201445
"CCCTCAAAGTCCTACA-1_1",0.129284974996622,-0.196334385081535
"CCCTCAACACCGTCTT-1_1",0.0755461555341761,-0.215403374058495
"CCCTCAAGTACTAAGA-1_1",0.141708377892582,-0.198726846119342
"CCCTCAAGTCCAAAGG-1_1",0.133072167906331,-0.207287591725283
"CCCTCTCCAGCAGTCC-1_1",0.0801007269233813,-0.217088357992537
"CCCTCTCTCATCGCCT-1_1",0.148759318284919,-0.203529031648758
"CCCTGATCATAGATCC-1_1",0.164759155508235,0.163388557437951
"CCCTTAGAGTTAGTAG-1_1",0.139838763361835,-0.0992675398707384
"CCCTTAGGTGGAGAAA-1_1",0.126848001421258,-0.148097909183516
"CCCTTAGGTTCATCTT-1_1",0.147191864683024,-0.126704367915095
"CCGAACGCACTTCATT-1_1",0.115547115521646,-0.20556017993158
"CCGATCTGTCGGAAAC-1_1",0.0919585242931182,-0.165270994844833
"CCGATGGCAAAGCTCT-1_1",0.135339619585396,-0.162522765499968
"CCGCAAGGTGTCTCCT-1_1",0.159570171300471,-0.192958914045702
"CCGCAAGGTTGTGTTG-1_1",0.125638553710445,0.0291830619083835
"CCGGACATCTACTTCA-1_1",0.124080072115489,-0.166881984610535
"CCGGGTACACTTGTCC-1_1",0.0126338265714682,-0.147731725412456
"CCGGGTACAGGCGATA-1_1",0.0411004236500914,-0.174669385339491
"CCGGTAGCAAAGGGCT-1_1",0.127630875636971,-0.0736274923714443
"CCGGTGATCCGTGCGA-1_1",0.0862187020288349,-0.0886621243312186
"CCTAACCTCGGCTGTG-1_1",0.159534119940405,-0.200854080657018
"CCTATCGAGGCCATAG-1_1",0.125592470367596,0.0082935030844868
"CCTATCGCAAACGAGC-1_1",0.153445781772937,-0.187501251588199
"CCTATCGTCCTACGAA-1_1",0.122622328761754,-0.194473107567546
"CCTCACACACCTCTGT-1_1",0.145470462144821,-0.189677532321122
"CCTCACAGTATCGTGT-1_1",-0.208320575946066,0.0136747598056201
"CCTCAGTCATGGCGCT-1_1",0.0467620902467552,-0.175319906475361
"CCTCAGTGTTGATCGT-1_1",0.130229238518295,-0.22552863365592
"CCTCAGTTCGAAGTGG-1_1",0.122762072316723,-0.225289230167327
"CCTCATGCACGTGAGA-1_1",0.0999380387682085,-0.201998724985821
"CCTCATGCAGCAGTAG-1_1",0.109314448493743,-0.152049763153095
"CCTCCAAAGAAACACT-1_1",0.0432662421439002,-0.0713132983962103
"CCTCCAACACGTTGGC-1_1",0.141467845523069,-0.161523361396823
"CCTCCTCAGACTGAGC-1_1",0.0794547419762831,-0.135972293608633
"CCTCTAGCACTTCTCG-1_1",0.101629774839097,-0.230318947908192
"CCTCTAGCATCGTTCC-1_1",-0.00597726437277628,-0.107901710781644
"CCTCTAGTCTCTATGT-1_1",0.0913201999765941,-0.182067032364201
"CCTCTCCCACACTGGC-1_1",0.0923225843783713,-0.175533668231126
"CCTGCATTCGAACCTA-1_1",0.185055113366033,0.305499582298659
"CCTGTTGTCCGTAGGC-1_1",0.128865857953596,0.0511605167455564
"CCTGTTGTCTCCGAGG-1_1",0.0836683394960813,-0.22245296097604
"CCTTCAGAGAGCCCAA-1_1",0.081841154750591,-0.177455634327955
"CCTTCAGAGGCCTGCT-1_1",0.135336170173045,-0.19929868564146
"CCTTGTGCAAGTCGTT-1_1",0.153826317101075,-0.174282359326349
"CCTTTGGAGCGATGCA-1_1",0.132385860886966,-0.21661498537179
"CGAAGGAAGGACAACC-1_1",0.103597559892748,-0.133532666319031
"CGAAGGAGTCGCAGTC-1_1",0.137256849098907,-0.136983789910348
"CGAAGTTAGAGGATCC-1_1",0.170972318086293,-0.141965229597059
"CGAAGTTGTAACGTTC-1_1",0.0275790369448432,-0.0792611338947978
"CGAATTGAGGAGTCTG-1_1",0.138006949550451,-0.216286825403062
"CGACAGCGTCGAATGG-1_1",0.125927206441731,-0.224865500671482
"CGAGGAAAGTAGACAT-1_1",0.147012369158804,-0.196664721533764
"CGAGTGCGTTTCGCTC-1_1",0.0959467763143702,-0.19379041437094
"CGATCGGAGGATAATC-1_1",0.101166165506973,-0.146551560722844
"CGATCGGGTCGATTCA-1_1",0.0430727173377045,-0.172593648215305
"CGATGCGCAGAAGTTA-1_1",0.129974833151593,-0.172648983549112
"CGATGCGGTGGGTTGA-1_1",0.136364594474999,-0.186608987599723
"CGATGGCCACCTCGTT-1_1",0.166704392492175,-0.183889891956203
"CGCATAACACACACTA-1_1",0.127029337811278,-0.162874272003332
"CGCATAAGTTTGTTGG-1_1",0.149300135068745,-0.0942537877957789
"CGCATAATCGAGCACC-1_1",0.101166816930879,-0.219108913044917
"CGCATGGAGGACTAAT-1_1",0.0879421252257618,-0.187789506922875
"CGCATGGGTTGGCCGT-1_1",0.127379584414215,-0.182657111558929
"CGCCAGAAGCAAGTCG-1_1",0.162933687703916,-0.185145487448734
"CGCCAGAAGCCATGCC-1_1",0.125066439565915,-0.21918614292411
"CGCCAGAAGGCTCCCA-1_1",0.130946455061891,-0.215715189632979
"CGCCAGAAGTCACTGT-1_1",0.12013856658546,-0.0823100869099053
"CGCCATTAGACGGAAA-1_1",0.120413808460158,-0.149073529826099
"CGCCATTCATAATGAG-1_1",0.0188776298615763,-0.152020612069041
"CGCCATTTCCAAGAGG-1_1",0.141415002378365,-0.111777650681362
"CGCGTGAGTCCTTTGC-1_1",0.09530461692958,-0.193743645913009
"CGCGTGATCCAGCTCT-1_1",0.112033902433993,-0.157514021017816
"CGGAACCAGAGGATGA-1_1",0.129982132842029,-0.218455531422924
"CGGAATTCACACCGAC-1_1",0.00785861176571127,-0.139233926575509
"CGGACACAGGCACTCC-1_1",0.135596007635853,0.0652861178366751
"CGGACACCAGTTTCGA-1_1",0.0722961127752273,-0.155642885558489
"CGGAGAAAGATTGACA-1_1",0.134664802919817,-0.184738387463484
"CGGGACTCAAATGCTC-1_1",0.133073954571983,-0.168628200781782
"CGGGACTTCTCTCGCA-1_1",0.108201599811798,-0.123452569348702
"CGGGCATTCATGCCGG-1_1",0.153879172890237,-0.201123489262679
"CGGGTCACACAATGAA-1_1",0.14563812024519,-0.185082027554131
"CGGGTCACAGACCATT-1_1",0.13514752722704,-0.216098670199924
"CGGGTGTAGTCCCAGC-1_1",0.0917604345061353,-0.204972030326351
"CGGGTGTCAGTCTCTC-1_1",0.138468420511518,-0.164141962324385
"CGGGTGTGTAGAATAC-1_1",0.0422068458948075,-0.18779202014711
"CGTAAGTAGTGCCAGA-1_1",0.0625061326839523,-0.119606832896849
"CGTAAGTCAACTGTGT-1_1",0.107504440874397,-0.153608307427404
"CGTAAGTGTGAGACCA-1_1",0.135594645964445,-0.198041681601908
"CGTAAGTTCTTGGTGA-1_1",0.135712679270377,-0.195908222504092
"CGTAATGAGACCAGCA-1_1",0.128941642490848,-0.077688569381715
"CGTAATGGTACTGCCG-1_1",0.143286130511254,0.203781725671868
"CGTAGTAAGGTTCAGG-1_1",0.031695613339267,-0.0499911242187507
"CGTCAAAAGACCACGA-1_1",0.146786279848913,-0.130998961387443
"CGTCAAATCATGCCGG-1_1",0.185943489811171,-0.162767924911931
"CGTGAATGTCGTGCCA-1_1",0.145662531449467,-0.196623286679778
"CGTGAATGTCTGGTTA-1_1",0.0891314203005357,-0.174344429578844
"CGTGATACAGTTGTCA-1_1",0.0985956203983282,-0.201451531434409
"CGTGCTTCAAAGACGC-1_1",0.112067295116806,-0.0629910766512611
"CGTGTCTAGCCTCTCT-1_1",0.109247306460516,-0.123309157982244
"CGTGTCTTCCGTATGA-1_1",0.124388455101402,-0.100651416827684
"CGTGTCTTCGACCAAT-1_1",0.0962077519131048,-0.161076150249223
"CGTGTCTTCTTACACT-1_1",0.119636143712173,-0.180570848021407
"CGTTAGAAGGTTGACG-1_1",0.169244749119922,-0.175628820707376
"CGTTCTGGTATGCAAA-1_1",0.152586557193754,-0.138500324754716
"CGTTCTGGTCGAACAG-1_1",0.0967334954650203,-0.176469242542955
"CGTTCTGGTGCAAGAC-1_1",0.117328511048888,-0.203143004236943
"CGTTGGGAGGAACGTC-1_1",0.0652137138203664,-0.166116516275803
"CGTTGGGCAGGTGGAT-1_1",0.149589169060378,-0.144932660202534
"CGTTGGGCATGAGTAA-1_1",-0.286659820539406,0.0325215425386652
"CTAACTTTCCCGAGTG-1_1",0.0993210146288546,-0.227301385360576
"CTAACTTTCGTCACCT-1_1",0.0521440195124576,-0.120569075087206
"CTAACTTTCTAGGCCG-1_1",0.109261611834218,-0.180220954918872
"CTAAGTGCATAACCCA-1_1",0.162858110933569,-0.179761213153374
"CTAAGTGGTCACTTAG-1_1",0.139545199059782,-0.21873394178655
"CTACATTAGAGAGAAC-1_1",0.125955104453556,-0.206551838111841
"CTACCCATCAAGTCTG-1_1",0.0754179225060025,-0.198929018472578
"CTACGGGCATTCTCCG-1_1",-0.0280855488369301,-0.166525609357457
"CTACTATCATGTCTAG-1_1",0.118085540748112,-0.203722462895349
"CTACTATGTAACTTCG-1_1",0.0804143958110347,-0.202153688100186
"CTACTATGTTCGAACT-1_1",0.154677006711342,-0.143303184851997
"CTACTATTCGCCTTTG-1_1",0.157784319399873,-0.182475432098299
"CTAGACACATGTGCCG-1_1",0.119005250538262,-0.2213642578007
"CTAGACATCAGTCATG-1_1",0.128006375037785,-0.165035397839432
"CTAGGTACAAGATCCT-1_1",0.124689844259815,-0.152485258319024
"CTATAGGCATCAGTCA-1_1",0.143402193694616,-0.0749926873699664
"CTATAGGGTGGTAACG-1_1",0.197330399232371,0.22323381050789
"CTATAGGGTTCGAGCC-1_1",0.114340727206481,-0.165574357789863
"CTATCCGCAGTGCCTG-1_1",0.113711172319739,-0.226416155861142
"CTATCTAAGAAGGATG-1_1",0.0919766499563727,-0.139745252209081
"CTATCTAAGCACGATG-1_1",0.0352398518255861,-0.156277830762001
"CTCAACCGTTAAGAAC-1_1",0.00731436660922157,-0.121362015668182
"CTCAACCGTTATTCTC-1_1",0.134387940763524,-0.166514954744126
"CTCAATTGTATTGGCT-1_1",0.0374912231987043,-0.167600125283522
"CTCAGAAAGCATGATA-1_1",0.12405304964374,-0.217058743978798
"CTCAGAAAGTCATGAA-1_1",0.0796975327662565,-0.168983735490977
"CTCAGAAGTAACCCGC-1_1",0.114823225332669,-0.197791396943141
"CTCAGAAGTAATGCTC-1_1",0.0920835044315273,-0.187617602703709
"CTCAGGGCACCCAATA-1_1",0.1304732369559,-0.104716227148561
"CTCATCGGTGCACAAG-1_1",0.171106859798253,-0.188028775572009
"CTCATGCGTTTCTATC-1_1",0.154135234378115,-0.197183838016746
"CTCATTAGTCCTTGTC-1_1",0.134290180754941,-0.193448092431089
"CTCCAACGTGCGTGCT-1_1",0.11853409701473,-0.150193946966297
"CTCCACAGTTTACGTG-1_1",0.229860354850188,0.263671361652715
"CTCCACATCCGGTAGC-1_1",0.138669661314136,-0.217984590077333
"CTCCTCCGTTGTAAAG-1_1",0.118955521401454,-0.156551791844633
"CTCCTTTAGTAAAGCT-1_1",0.15872067922036,-0.189231840923375
"CTCGAGGCAGGGAATC-1_1",0.104578637221401,-0.166804109575344
"CTCTCAGAGTTCATGC-1_1",0.105547513438274,-0.153808491368811
"CTCTCAGGTACGAGCA-1_1",0.130956428383203,-0.212367436844366
"CTCTCGACAGTCGAGA-1_1",-0.00568608569073178,-0.106593689179343
"CTCTGGTTCCGATAGT-1_1",0.113598607921609,-0.197770392419184
"CTCTGGTTCCTGGGAC-1_1",0.0326534400940412,-0.101772889713436
"CTCTGGTTCCTTCTAA-1_1",-0.0279423662126566,-0.0940825662892428
"CTGAATGAGTGTACCT-1_1",0.118068689006899,-0.213530042133058
"CTGAATGGTCCGACGT-1_1",0.139850627658961,-0.0936930171990012
"CTGAGCGAGAGCATTA-1_1",0.0795232996245936,-0.164983107910478
"CTGAGCGAGTCTAGCT-1_1",0.0305389426114373,-0.161349618072601
"CTGAGCGGTCGGTGTC-1_1",0.0703403070295938,0.0366757017899249
"CTGAGGCAGTAAGACT-1_1",0.0281160827578374,-0.158534127714664
"CTGAGGCAGTCGCCAC-1_1",0.0962090303395101,-0.170248414769357
"CTGAGGCCACGGCCAT-1_1",0.167959455928341,0.284255935583582
"CTGAGGCTCGTCACCT-1_1",0.127595029179126,-0.226623939369647
"CTGATCCGTGGTCCCA-1_1",0.0815893231094642,-0.179322575742143
"CTGCAGGAGCGCTGAA-1_1",0.0463102486085745,-0.180819281256351
"CTGCAGGTCCACCTGT-1_1",0.097344993352647,-0.0889108929488423
"CTGCATCCAAATGGAT-1_1",0.148626965117234,0.133227841472667
"CTGCCATTCATACAGC-1_1",0.118130719550924,-0.223780426095673
"CTGCCTATCCGCGGAT-1_1",0.14463799327445,0.126702435743738
"CTGCCTATCTCAGTCC-1_1",0.177057434938353,-0.189365698569416
"CTGCGAGAGAGGTGCT-1_1",0.119809862952788,-0.170839302892532
"CTGCGAGAGGTATTGA-1_1",0.185333473540244,0.284882380473849
"CTGCGAGGTACGCTAT-1_1",0.154586449323647,-0.138557611663946
"CTGGACGGTTCCGGTG-1_1",0.114824613156033,-0.183598501025442
"CTGGCAGAGGAAGTAG-1_1",0.138245967560751,-0.184840740974526
"CTGGCAGGTTTCGATG-1_1",0.142434053872101,-0.213125923246092
"CTGGCAGTCGACCACG-1_1",0.141025507160422,-0.149739152170185
"CTGTACCAGTACAACA-1_1",0.122813027567652,-0.214164218527067
"CTGTACCCACCCATAA-1_1",0.135153698629026,-0.20811615796463
"CTGTAGATCTCATTGT-1_1",0.170030742668686,-0.188486074908457
"CTGTATTGTCAACACT-1_1",0.109313418061307,-0.224689185080849
"CTGTCGTAGTTAACAG-1_1",0.0580206945297467,-0.204223232769984
"CTGTGAAAGGACGGAG-1_1",0.109098226860113,-0.141844218085195
"CTGTGAAGTAAGTTGA-1_1",0.0903282166787007,-0.176189646122898
"CTGTGGGAGAGGACTC-1_1",0.144875856280436,-0.141253877756229
"CTGTGGGTCACTCTTA-1_1",0.131851711536518,-0.109114000309144
"CTGTGGGTCTTTGGAG-1_1",0.0499371497061002,-0.17819909438268
"CTTAGGAGTCCTTGTC-1_1",0.144783780593875,-0.125291961961402
"CTTAGGATCGTGTGGC-1_1",0.0136304706442791,-0.146460034233749
"CTTCCGACAGGTAGTG-1_1",0.187377930631708,0.224672368035536
"CTTCCTTAGCCACCGT-1_1",0.101724199965785,-0.214997831896166
"CTTCCTTCACTACAGT-1_1",0.0968043668728589,-0.220057680818644
"CTTCTAAGTGCAAGAC-1_1",0.0352098630559343,-0.0905871703329521
"CTTCTAATCCTACAAG-1_1",0.0804633320465975,-0.200337725505035
"CTTGAGACAACAAGTA-1_1",0.144648233498406,-0.157459956861245
"CTTGAGACAATCTCTT-1_1",0.134975176035856,-0.100229165433915
"CTTGAGACATGTGACT-1_1",0.11009168376066,-0.204231322988686
"CTTGAGATCTGAGAGG-1_1",0.136731810746217,-0.162667398178495
"CTTGATTAGCTGAGCA-1_1",0.124888402731934,-0.142670414966336
"CTTTCAACAAGATGGC-1_1",-0.0119966865699852,-0.0833499169654515
"CTTTCAAGTGGCGCTT-1_1",0.10157331363963,-0.217989088194717
"CTTTCAAGTGTTCCAA-1_1",0.0847811653099826,-0.219900152975588
"CTTTCGGAGACATGCG-1_1",0.132778566508143,-0.169813705701582
"GAAATGAAGCTTCGTA-1_1",0.00642600407762745,-0.140127356478634
"GAAATGATCCTCTGCA-1_1",0.119931387627867,-0.135101164576047
"GAACGTTGTAGCGTTT-1_1",0.117150846885075,-0.146642275739499
"GAACGTTGTGCCGTTG-1_1",0.107180573846133,-0.184635076307275
"GAACTGTCATGGCTGC-1_1",0.121446277278293,-0.0874147317179355
"GAACTGTTCTAAGGAA-1_1",0.0642282654790493,-0.154152939907988
"GAAGCCCCAACTACGT-1_1",0.104689518465117,-0.133703630328061
"GAAGCGATCCACGAAT-1_1",0.121210547840975,-0.177219981982789
"GAAGGACCAGGACAGT-1_1",0.0787764689987683,-0.208544464851598
"GAAGGACTCTGTGTGA-1_1",0.163569383891198,-0.197407641859104
"GAAGGGTAGAGCACTG-1_1",0.15818897571012,-0.167665828935295
"GAAGGGTAGGGCGAGA-1_1",0.13407040493796,-0.218882448700851
"GAAGGGTGTTCGTTCC-1_1",0.120749517383382,-0.0227313695407228
"GAATAGACAAACTCGT-1_1",0.17103486189538,-0.142851726094558
"GAATAGATCATTGTTC-1_1",0.14053897909439,-0.162005796215483
"GAATCACCAGCTGTTA-1_1",0.119172367015395,0.0577990820460826
"GAATCGTTCTTGGATG-1_1",0.0730814653230568,-0.134584852256163
"GACACGCCAGTGGCTC-1_1",0.153267239766584,-0.171712732716632
"GACAGCCAGTCGAATA-1_1",0.151975345203196,-0.187394839850988
"GACAGCCTCCCTTTGG-1_1",0.111666447291566,-0.172229123848427
"GACCAATCAACAGAGC-1_1",0.137335933936351,-0.212306841041925
"GACCCAGCAGACCAAG-1_1",0.0574250521126966,-0.207937083920846
"GACCGTGAGAGGATGA-1_1",-0.00208442319835417,-0.0868273946671822
"GACCGTGCACACCGAC-1_1",0.130131142197806,-0.195018927504428
"GACCGTGGTCCACAGC-1_1",0.15522093915272,-0.202723538368729
"GACCGTGGTTCCAAAC-1_1",0.170175924474832,0.28757971940146
"GACCTTCTCAGCGTCG-1_1",0.138463006333012,-0.16512339602554
"GACGCTGCATTGAGCT-1_1",0.133727560427986,-0.214143734772151
"GACGCTGTCACGGTCG-1_1",0.159873106279276,0.153715990077501
"GACTATGCAGGATCTT-1_1",0.104572464742177,-0.210526793604088
"GACTCAACAGAGGTAC-1_1",0.127561070092882,-0.149705833849827
"GACTCTCCATCCAACA-1_1",0.105292572091805,-0.173377116471349
"GACTGATGTAGTGTGG-1_1",0.0666174093405916,-0.211449903974632
"GACTGATGTGTCCGTG-1_1",0.121588849508984,-0.203297444086224
"GAGAAATGTCGTACAT-1_1",0.100837763302807,-0.225260767275657
"GAGACTTAGTGGCGAT-1_1",0.0685197687096884,-0.216963726820093
"GAGAGGTAGCCTCTGG-1_1",0.170916197292562,-0.182688186317977
"GAGAGGTAGCTGAGCA-1_1",0.139426816412024,-0.200925969403812
"GAGAGGTAGTTCTACG-1_1",0.13268247251788,-0.137411300266995
"GAGAGGTCAACTACGT-1_1",0.0344265613241078,-0.0741771168188037
"GAGAGGTGTTGCAAGG-1_1",0.0346586708919039,-0.166217772005512
"GAGATGGGTACCTATG-1_1",0.0776729069047597,-0.194996569118587
"GAGCCTGTCAACCGAT-1_1",0.133356883422123,0.0208122258787206
"GAGCTGCAGATGCGAC-1_1",0.143888846772122,-0.204310003824794
"GAGCTGCAGCGACCCT-1_1",0.122115009191384,-0.224644691295561
"GAGGCCTAGCTACTAC-1_1",0.0707840406684674,-0.176629417082782
"GAGGCCTGTCTAACGT-1_1",0.1473907058769,-0.185978378527408
"GAGGCCTTCGTGCATA-1_1",0.0790926335740073,-0.22185483218912
"GAGGGTATCCGCTAGG-1_1",0.133363295394719,-0.1869927200763
"GAGTCATTCTTCGATT-1_1",0.11863927957242,-0.175977803524479
"GAGTCTAAGGCCATAG-1_1",0.136998720531438,0.0490840520595656
"GAGTTACAGAAGGATG-1_1",0.13354423967469,-0.19764983832438
"GAGTTACAGGGATGTC-1_1",0.0357132423701281,0.0211660390092188
"GAGTTTGCAATTCGTG-1_1",0.0577880933920296,-0.150098370942517
"GATAGAATCATACGGT-1_1",0.096294352116118,-0.211287876271911
"GATCACACACTGTCGG-1_1",0.122262983270042,-0.166838598843582
"GATCAGTTCTTCACAT-1_1",0.12236386720035,-0.168353119176817
"GATCATGGTAATACCC-1_1",0.145815281403204,-0.212506945637231
"GATCCCTCAGCCGGTT-1_1",0.15915635895608,-0.190958100494354
"GATCGTAGTCGTACTA-1_1",0.132927885908527,0.0479601110291902
"GATGACTTCTGGTCAA-1_1",0.0956712754735585,-0.159000787776063
"GATGAGGAGTAACCGG-1_1",0.107695292986255,-0.167410146690886
"GATGATCGTTCGGTTA-1_1",0.128014219501993,-0.225678612517282
"GATGCTAAGCTACTAC-1_1",0.134952732528157,-0.19361122867537
"GATGGAGCATAGGCGA-1_1",0.0893371717622742,-0.133173717114144
"GATTCGAAGTTCCAGT-1_1",0.121451302954054,-0.178385778393108
"GATTCGATCCACACAA-1_1",0.129890271888554,-0.0134418432189229
"GATTCTTAGGGAGGGT-1_1",0.119455451071138,-0.182137805446333
"GATTCTTAGTTGGCGA-1_1",0.11694059998371,-0.230275810722301
"GATTCTTCAATTTCCT-1_1",0.134542377028008,-0.208316662700666
"GATTCTTGTACAGAAT-1_1",0.180372723614691,0.270523589647693
"GATTCTTGTGAAAGTT-1_1",0.147989385594351,-0.213809008760101
"GATTGGTTCGACCTAA-1_1",0.0918043393682397,-0.208350598897161
"GCAACCGAGAATAGTC-1_1",0.0877732475342409,-0.213778913614444
"GCAACCGCAGAGTGAC-1_1",0.141035779032752,-0.182150063674366
"GCACATACAGCCCACA-1_1",0.135848711355751,-0.164145461814336
"GCACATATCCCTCGTA-1_1",0.136149015507223,0.0715861597631168
"GCACGTGCACTTGAAC-1_1",0.133248825392543,0.0444057209110435
"GCACGTGTCCACGTAA-1_1",0.0585002583765958,-0.170435502483101
"GCACGTGTCGCATTGA-1_1",0.138753051212645,-0.155907409183977
"GCACGTGTCGGTTCAA-1_1",0.130125420149257,-0.12327381367207
"GCAGCCAGTACTCGCG-1_1",0.147683167739504,-0.204970941678214
"GCAGCTGAGCTCATAC-1_1",0.13470930704436,-0.207062607839269
"GCAGCTGCATGATGCT-1_1",0.144660498167327,-0.152272689338551
"GCAGCTGGTGCATTAC-1_1",-0.00988057345129354,-0.135776095570974
"GCAGCTGTCGTAACCA-1_1",0.14546394801895,-0.206832286437659
"GCAGGCTAGTGGAAGA-1_1",0.123859463649575,-0.146921474918568
"GCAGTTACACTTGAGT-1_1",0.145006024669616,-0.132682492615289
"GCAGTTAGTACCTGTA-1_1",0.139795766852905,-0.199961016154346
"GCAGTTAGTTAGGCTT-1_1",0.14446094321288,-0.114423346393697
"GCATCGGAGCCATATC-1_1",0.0594024173107064,-0.1219552676584
"GCATCGGAGTAGCCAG-1_1",0.05498309122258,-0.143327825294765
"GCATGATAGTCGGCCT-1_1",0.0401945290892071,-0.176352321949702
"GCATGATGTCCTCCAT-1_1",0.110521488291091,-0.0746712236702005
"GCATTAGAGAGAGCAA-1_1",0.127658126961129,-0.0944006752997904
"GCCAGCAGTCATGGCC-1_1",0.0753873625761839,-0.20448864369381
"GCCAGTGAGAGAACCC-1_1",0.0982874802723817,-0.159690196018927
"GCCAGTGAGCCGTAAG-1_1",0.142432597645072,-0.199043846397018
"GCCCAGAAGATGACAT-1_1",0.155660517620392,-0.130968062124302
"GCCCAGAAGCAACTCT-1_1",0.132610999194694,0.0438578358049647
"GCCCAGAGTCTCTCTG-1_1",0.143725546699344,-0.161342020375883
"GCCCGAATCTAGTGAC-1_1",0.0813199710502111,-0.0881670421224024
"GCCGATGCAGTAGTTC-1_1",0.0262186478841018,-0.152543510355002
"GCCGTGACAAAGGGTC-1_1",0.0495323677689977,-0.159854722702005
"GCCGTGACATGAAGGC-1_1",0.158794719011773,-0.128806786038293
"GCGAGAAGTGACAGGT-1_1",0.124233227944809,-0.0981317331635118
"GCGATCGAGTGTGTTC-1_1",0.114059638368516,-0.12201278411246
"GCGGAAATCGACACTA-1_1",0.13226852289864,0.0178187466839503
"GCGGATCAGTTCCATG-1_1",0.0904639361436616,-0.21214791515865
"GCGGATCGTCACAATC-1_1",0.0433571064123859,-0.176816862637148
"GCGGATCTCAAGAAAC-1_1",0.161022770609784,0.150836992451111
"GCGTGCAAGGTGCCAA-1_1",0.133969965343492,-0.209323631691134
"GCGTGCACAGACAAAT-1_1",0.119643661422869,-0.224265984907126
"GCGTTTCCAGACACCC-1_1",0.201430721168981,0.228468612558594
"GCGTTTCGTCGCCTAG-1_1",0.127943812878808,-0.192359865159904
"GCGTTTCTCCAGTGCG-1_1",0.124169540230904,-0.191335579141134
"GCTACAATCACTCCGT-1_1",0.112222625121099,-0.167662777689401
"GCTACCTAGGCATCGA-1_1",0.14371465848867,-0.195749978114348
"GCTCAAAAGAAGCCAC-1_1",0.117097737961997,-0.0827167773090603
"GCTCAAAAGGAAAGTG-1_1",0.142860708834118,-0.20934403062323
"GCTCAAAGTCGAAACG-1_1",0.129704442995657,-0.224635429395886
"GCTCAAAGTGAGTAGC-1_1",0.100568034543146,-0.216137027930009
"GCTGAATCACAAAGTA-1_1",0.103708333836946,-0.227150090658933
"GCTGAATGTTGCACGC-1_1",0.134620625203074,-0.164723529666203
"GCTGGGTAGTGCAGGT-1_1",0.0995003426995082,-0.197439006991519
"GCTGGGTTCGGTAAGG-1_1",0.0843343971369528,-0.133561336940031
"GCTTCACGTCCGGATC-1_1",0.119316644024764,-0.223374547209325
"GCTTGGGCACTTGGGC-1_1",0.129629608249057,-0.203387817999369
"GCTTGGGGTTCAAACC-1_1",0.116633918811442,-0.154364101986141
"GCTTGGGGTTTGAACC-1_1",0.126415714757873,0.00328740783042455
"GCTTGGGTCTCATAGG-1_1",0.121965826418909,-0.159149175630153
"GCTTTCGTCATCGCCT-1_1",0.0978586272637137,-0.231189921474237
"GGAACCCCACTAACCA-1_1",0.138936223410286,-0.223112997724149
"GGAACCCTCATGGATC-1_1",0.153683065575785,-0.128048364508003
"GGAAGTGCAGGCCTGT-1_1",0.12958271867606,-0.193813466883927
"GGAATCTCAACGGCTC-1_1",0.14281248414513,-0.186703386368486
"GGAATGGAGGAAGTGA-1_1",0.105545852062376,-0.143178966186232
"GGAATGGCAGGTAGTG-1_1",0.143607233057874,-0.19838595243153
"GGAATGGGTCCCACGA-1_1",0.15739102398465,-0.14296947604858
"GGAATGGTCTCCGTGT-1_1",0.137019154346022,-0.203280332636684
"GGAGAACCATTGGCAT-1_1",0.0884988398865978,-0.210680700148486
"GGAGATGCATCTCAAG-1_1",0.0903245778222924,-0.222962883638578
"GGAGATGTCAATCCAG-1_1",0.119798550403698,-0.158912189836943
"GGAGGATGTGTCATCA-1_1",0.13072674765256,-0.21396228150128
"GGATCTAAGACGCCAA-1_1",0.115466912385296,-0.22619569567442
"GGATCTAAGCGATGCA-1_1",0.0531892313450806,-0.176008907444162
"GGATCTAAGCGCTTCG-1_1",0.106688400031987,-0.218848016715491
"GGCAGTCCACTCCGGA-1_1",0.107626319449964,-0.225068673079078
"GGCAGTCTCTCTATAC-1_1",0.0891877271225283,-0.181267638005077
"GGCTTGGAGAAGCGCT-1_1",0.146814736323267,-0.200684102696711
"GGCTTGGAGACATCAA-1_1",0.127864969868524,-0.195883324472133
"GGCTTGGAGGAATTAC-1_1",0.155453414576222,-0.190377423169527
"GGCTTGGGTTGATGTC-1_1",0.142029674046528,-0.126955260453659
"GGCTTGGTCGACATAC-1_1",0.127898956615675,-0.157382490346444
"GGCTTTCAGCAGCAGT-1_1",0.141215036378387,0.118726380590239
"GGCTTTCGTGAGATAT-1_1",0.067993775491174,-0.165021884796719
"GGCTTTCGTGGCTGAA-1_1",0.201906484103802,0.234082864169655
"GGGACTCAGACTACCT-1_1",0.13526936828137,-0.203343714557075
"GGGACTCAGGGAGTGG-1_1",0.148620050431727,-0.135747500902884
"GGGAGATCAGAGTCTT-1_1",0.111431396190986,0.0491008269983019
"GGGAGATGTGAGACCA-1_1",0.131163165992021,-0.189404612840375
"GGGAGTAAGGCCTAAG-1_1",0.121486498630317,-0.193561621359289
"GGGAGTACAACCGTAT-1_1",0.102956357958072,-0.229297200179099
"GGGAGTATCACCCTCA-1_1",0.0460715364102237,-0.195699008519632
"GGGATGAAGTCATCCA-1_1",0.135843808445497,-0.183679619130765
"GGGATGAGTGACACAG-1_1",0.126606847059145,-0.169424881706531
"GGGCTACGTCGAACGA-1_1",0.139155320502318,-0.214260971468533
"GGGTCACGTTCTCCTG-1_1",0.145632221882356,-0.1518894764983
"GGGTCTGCAAGCACAG-1_1",0.110826619252153,-0.146135551285188
"GGGTCTGCACTGCGTG-1_1",0.130263162822568,-0.000861896429442744
"GGGTCTGTCGCCTCTA-1_1",0.0802866464830488,-0.21397868605602
"GGGTTATTCGCCCAGA-1_1",0.0403533567081571,-0.173006355663476
"GGGTTTAGTAACGGTG-1_1",0.119336382098742,-0.192619705173169
"GGGTTTATCCTATTTG-1_1",0.120766182417417,-0.179067210876902
"GGTAACTCAAGGGTCA-1_1",0.131769489156947,-0.136465156893453
"GGTAATCTCGTACCTC-1_1",0.089677164320076,-0.119254885024895
"GGTAGAGGTATTGACC-1_1",0.143918497867262,-0.19264151069607
"GGTCACGGTCTTCGAA-1_1",0.143138971182365,-0.194732765913727
"GGTCTGGAGCCAAGGT-1_1",0.13548712550985,-0.169233996923151
"GGTGAAGTCGCTGATA-1_1",0.139250413304982,-0.108829048364563
"GGTGGCTAGAAGCCAC-1_1",0.146239791155295,0.119981320273223
"GGTGGCTTCGAGTACT-1_1",0.125768002287088,-0.222686820012496
"GGTGTTAAGCATGTTC-1_1",0.00909761997544971,-0.19768609356701
"GGTTAACTCGTTCAGA-1_1",0.121932196954187,-0.163193792015121
"GGTTGTACAGCAGTTT-1_1",0.148439406292851,-0.152712748376922
"GTAACCATCCCAGCGA-1_1",0.0943709721602582,-0.142881491486476
"GTAAGTCTCTCTCTTC-1_1",0.0557122754596617,0.011835056356721
"GTAATCGAGCGTGAAC-1_1",0.150102778809021,-0.175959400740588
"GTAATCGCAATAGTCC-1_1",0.163069224049658,-0.16840846171527
"GTAATGCTCGAGCACC-1_1",0.141288803752236,-0.158985380502474
"GTACAGTGTAGGTGCA-1_1",0.137074835827155,-0.198460792022306
"GTAGAAACAACTGATC-1_1",0.121766687185289,-0.214470832359692
"GTAGAGGTCAAAGACA-1_1",0.16395474699448,-0.182725691031865
"GTAGATCTCGTAGTGT-1_1",0.14428306893422,-0.191549015797449
"GTAGCTACAGGAACCA-1_1",0.202290558491372,0.293203331388659
"GTAGGTTTCCGAGAAG-1_1",0.132095015038168,-0.192174777711233
"GTAGTACGTTGTTGAC-1_1",0.123433415833562,-0.218943535205575
"GTAGTACTCGAAGCAG-1_1",0.126129244570679,-0.0959287010165983
"GTAGTACTCGCTAAAC-1_1",0.0973981501829441,-0.205025115839142
"GTATTGGTCTAGTGTG-1_1",0.0589324110436778,-0.202443343812441
"GTATTTCAGCTCTGTA-1_1",0.17120669497885,-0.197150447810643
"GTATTTCCAAGAAATC-1_1",0.132710668413055,-0.203512282537935
"GTATTTCTCGCCTTGT-1_1",0.0536134282980157,-0.182865387789511
"GTCAAACGTGATACCT-1_1",0.126931302408278,-0.0708831952742127
"GTCAAACTCGACATCA-1_1",0.131340766141662,-0.221450267473651
"GTCAAGTCACCTTCCA-1_1",0.125504811043846,-0.188862646462799
"GTCAAGTGTAATGTGA-1_1",0.0352695198779776,-0.187932716656663
"GTCACGGTCGACATCA-1_1",-0.0300714616447947,-0.0913117544896897
"GTCAGCGGTGACAGGT-1_1",0.0850713394205889,-0.221333067505179
"GTCAGCGTCAGAGTTC-1_1",0.104354983686952,-0.191285436234685
"GTCATCCGTCCCACGA-1_1",0.124012126629955,-0.180581173222045
"GTCATCCTCATGTCAG-1_1",0.05574609559109,-0.158013403637648
"GTCATGACAAGGCAAC-1_1",0.18104001372734,-0.190055962820103
"GTCATGAGTGCCTACG-1_1",0.0888219731295711,-0.194391099493816
"GTCCACTAGACCGCCT-1_1",0.141681217555726,-0.194230137779324
"GTCCACTCATTGCTGA-1_1",0.138989260294859,-0.101302651967152
"GTCCACTTCTGAGAAA-1_1",0.132685510730788,-0.0741362943564809
"GTCCCATGTCCGGATC-1_1",0.16000777807602,-0.185623133339806
"GTCCCATGTTTACGAC-1_1",0.100774115107118,-0.214414794777608
"GTCCTCACAGTTCACA-1_1",0.120968153731822,-0.225228529181867
"GTCCTCAGTGCTATTG-1_1",0.0444901694846141,-0.160651417699214
"GTCCTCATCTGCAGCG-1_1",0.11157133222261,-0.145436413355063
"GTCGAATGTCCTCATC-1_1",0.0915079238139509,-0.142263907642853
"GTCGAATGTGGTCCGT-1_1",0.1356673708722,-0.194761001920051
"GTCGAATGTTGCGAAG-1_1",0.138604653467799,-0.137622842014967
"GTCGAATGTTGCTCCT-1_1",0.0934060686386296,-0.196539072171043
"GTCGAATTCGTCGATA-1_1",0.106504676018687,-0.18978731920915
"GTCGCGAAGGCCTAAG-1_1",-0.0259638904519751,-0.0916024067954738
"GTCGCGAGTTGCGAAG-1_1",0.157584703777226,0.241043897336085
"GTCGTAAAGGTCATAA-1_1",0.12112982304369,-0.211617721423672
"GTCGTAACACCCTGTT-1_1",0.133035666768229,-0.214576934919443
"GTCGTAAGTACAATAG-1_1",0.152456533739042,-0.151555288653228
"GTCGTTCCATAACCCA-1_1",0.0954814419581238,-0.152106087414816
"GTCGTTCGTTGTCAGT-1_1",-0.105103038453251,-0.0185586907424124
"GTCTACCTCTGCTGAA-1_1",0.0995564560408341,-0.230580678219201
"GTCTCACTCCTCTAGC-1_1",0.14059013898318,-0.145765303446715
"GTCTGTCCAGGTTACT-1_1",0.122554479316097,-0.226684286454245
"GTGACGCCAGGCTTGC-1_1",0.127487409907327,-0.220125013312451
"GTGACGCGTGAGACCA-1_1",0.144863902639269,-0.212142543493792
"GTGACGCTCCGATGTA-1_1",0.082321775837674,-0.198160690230858
"GTGAGCCCAGGTCAAG-1_1",0.184546202482188,0.272643195551364
"GTGAGTTAGGTAAACT-1_1",0.143634742133157,-0.141145557975368
"GTGCACGAGTCCTACA-1_1",0.149035384269597,-0.202200471428887
"GTGCACGTCATTTGTC-1_1",0.132100387229759,-0.194970591009269
"GTGCACGTCCGCTAGG-1_1",0.126316371916378,-0.190343177770828
"GTGCAGCAGAGAGAAC-1_1",0.0223589948668628,-0.146869255134379
"GTGCGTGCATGATGCT-1_1",0.12640507075952,-0.218358099698385
"GTGCTGGAGTCGCCCA-1_1",0.142098970252083,-0.167890575016893
"GTGCTTCAGCAAGCCA-1_1",0.16628727279054,-0.186169010258701
"GTGCTTCTCAGTAGGG-1_1",0.179159246218428,-0.169686242013438
"GTGGAAGCAGCATTGT-1_1",0.145933344477556,-0.208376122210381
"GTGGAGACAGCAGAAC-1_1",0.093042130538602,-0.167732534528119
"GTGGAGAGTGACACAG-1_1",0.0924291919109364,-0.224161682758778
"GTGGCGTAGAGTCTTC-1_1",0.0893074699056125,-0.182948340762257
"GTGGGAAAGACGAGCT-1_1",0.0860075552360504,-0.213982295549897
"GTGGGAAAGTTTCAGC-1_1",0.127523264585844,-0.069140972191981
"GTGTGATAGGCACTCC-1_1",0.102473032062677,-0.230885534828488
"GTGTGATAGTGGGAAA-1_1",0.0367693960726739,-0.167367834512904
"GTGTGATTCCACCCTA-1_1",-0.231845877851593,0.0175245496583605
"GTGTGGCAGTCCGCCA-1_1",0.141569118616985,-0.174797797308326
"GTGTGGCTCGAGCCAC-1_1",0.111544105792923,-0.114181617269005
"GTGTTAGCAACGAGGT-1_1",0.134313231495825,0.0121162813774695
"GTGTTAGGTGGTAACG-1_1",0.137434658777507,-0.213948225067192
"GTGTTCCAGTGGCAGT-1_1",0.113971983401126,-0.179951410053128
"GTTACAGGTGCTGCAC-1_1",0.146029364362211,-0.132088067900711
"GTTACCCGTGACTAAA-1_1",0.100219683479805,-0.191636490365054
"GTTACCCGTTCCTAAG-1_1",0.147255315760094,-0.185439098444364
"GTTACGAGTACGATGG-1_1",-0.0715372487006457,-0.109454670523482
"GTTAGTGAGATGAATC-1_1",0.136780077502958,-0.213280198588585
"GTTATGGAGGGACAGG-1_1",0.193834916417917,0.287084943074499
"GTTATGGCAAGTGGTG-1_1",0.0514341801958241,-0.183783954614314
"GTTCATTAGCCACAAG-1_1",0.126964550791697,-0.0581391654981547
"GTTCCGTAGATTACCC-1_1",0.136871406175833,-0.179415486402508
"GTTCCGTAGTGGTCAG-1_1",0.143229212499413,-0.153542954279054
"GTTCGCTCAACCAATC-1_1",0.145247552846089,-0.201892214369739
"GTTCGCTTCATCCTAT-1_1",0.132468159312749,-0.0313612245520051
"GTTGAACCAGAATCGG-1_1",0.144938197698702,-0.205107086065671
"GTTGCTCCACGGATCC-1_1",0.118820384804849,-0.19953515410565
"GTTGTCCCACAGCCTG-1_1",0.103479810169388,-0.188127882200397
"GTTGTGAAGTAACAGT-1_1",0.178507806062098,0.243321523339749
"GTTTACTGTGTACGCC-1_1",0.131488181768111,-0.183365756330281
"GTTTGGAAGAGAGCGG-1_1",0.0451127226210608,-0.174289408325655
"GTTTGGAGTCAGGAGT-1_1",0.144027365119728,-0.19410482604352
"TAACACGAGGAGGCAG-1_1",0.132179073821317,-0.223319925964924
"TAACACGCAACTGCCG-1_1",0.12193325205355,-0.15808432100283
"TAACACGCAAGCCCAC-1_1",0.112885619510806,-0.172921480640455
"TAACACGCAGCTTCCT-1_1",0.0326084009048513,-0.192242709608667
"TAACACGCAGTTCACA-1_1",0.17310366861006,-0.170392525326075
"TAACCAGGTGGGCTTC-1_1",0.1895241123892,0.239119625549703
"TAACTTCAGCATTTGC-1_1",0.0906016844223387,-0.19125851767249
"TAAGCCAAGCGCCTAC-1_1",0.155345559856694,-0.17473421765617
"TAAGCCAGTATGACAA-1_1",0.0943919520103683,-0.207928092955767
"TAAGCGTTCGTCAACA-1_1",0.106084856519949,-0.15216265883545
"TACAACGGTTAAACCC-1_1",0.107594286312634,-0.145860776224112
"TACAACGTCGATGCAT-1_1",0.158411548540585,-0.125288307848633
"TACACCCAGCTGACCC-1_1",0.105608222269795,-0.166776791193188
"TACACCCTCTACACAG-1_1",0.0902046488808494,-0.224628528503331
"TACAGGTCAATTGAAG-1_1",0.154765553645163,-0.196849380564511
"TACATTCTCCGGCAAC-1_1",0.103032100902283,-0.208034762873486
"TACCCACTCTGCGGCA-1_1",0.132152049697337,-0.21307309844808
"TACCCGTAGGTCATTC-1_1",0.160438426856085,-0.156788695752946
"TACCGGGTCAGGACAG-1_1",0.128781744707817,-0.0523378658497703
"TACCTGCAGTCACTAC-1_1",0.0348164369633395,-0.0455762402801803
"TACCTGCCAGGCTTGC-1_1",0.120695740326366,-0.131435174507371
"TACCTGCCATAATCCG-1_1",0.145261862550255,-0.194378440879251
"TACCTGCGTCATCCGG-1_1",0.0525062232763773,-0.147055291611853
"TACCTGCGTGCATTTG-1_1",0.125205190972399,-0.225328644063212
"TACGCTCAGTGCTAGG-1_1",0.146057843345689,-0.177088299277272
"TACGGGCCACGACAAG-1_1",0.152143443947821,-0.170377005583713
"TACGGGCTCGGTCATA-1_1",0.151163692946386,-0.164259529930084
"TACGTCCTCGTGGACC-1_1",0.125208653187002,-0.179649769427212
"TACTGCCAGGTCTTTG-1_1",0.116282893303586,-0.194544083938431
"TACTTACAGCCTAGGA-1_1",0.115218752772567,-0.229611579573152
"TACTTACCAGCTCATA-1_1",0.134797785246771,-0.0923099006877963
"TACTTACGTCAACCAT-1_1",0.138681194082128,0.196967006865493
"TACTTGTGTCTGTCAA-1_1",0.129378939605058,-0.122417115374976
"TACTTGTGTGCCGTAC-1_1",0.0908941212584681,-0.14950984135122
"TAGACCATCATGACAC-1_1",0.136054229526468,-0.193560606718099
"TAGAGTCCAGACGGAT-1_1",0.130302958067678,-0.128913680313685
"TAGCACATCAGGAGAC-1_1",0.125199666769771,-0.211863557416153
"TAGGAGGAGCGTACAG-1_1",0.0900992775174966,-0.206568768403303
"TAGGAGGCAAATTGGA-1_1",0.146460338425822,-0.185856539805254
"TAGGGTTGTAACCAGG-1_1",0.132841883885964,-0.0766266793968744
"TAGGGTTGTTAAGGGC-1_1",0.131830758355416,-0.176440175157924
"TAGGTACAGGGCTGAT-1_1",0.0902296772949195,-0.148467484986009
"TAGTGCAAGATGGTAT-1_1",0.10669450100921,-0.172927841790907
"TAGTGCAAGTGACACG-1_1",0.135572503035462,-0.177720535666731
"TAGTGCACAGGTGTTT-1_1",0.157426812400669,-0.194486128120046
"TATACCTCATGCTGCG-1_1",0.126832627645754,-0.191484216428859
"TATATCCTCGAAGGAC-1_1",0.140879641777315,-0.199502542493525
"TATCAGGAGCGTGTTT-1_1",0.067838535445231,-0.188717925523335
"TATCAGGGTGCATGTT-1_1",0.0449438882098479,-0.130659958994944
"TATCCTAAGACGAGCT-1_1",0.149476089904905,-0.16036534024063
"TATCCTAAGATTTGCC-1_1",-0.0271136536503434,-0.0931295490256593
"TATCCTATCTCTCTTC-1_1",0.0981812614162146,-0.094674623195454
"TATGTTCAGATAACAC-1_1",0.114763541693888,-0.164574297085755
"TATTCCAAGTCCCTAA-1_1",0.0964006508902472,-0.215177559925697
"TATTGCTTCCGTGTGG-1_1",0.125271238896991,-0.21043838033615
"TATTGGGAGCTCCGAC-1_1",0.101536315851276,-0.215575064380108
"TCAAGACAGCTGCCAC-1_1",0.138685583718646,0.0715758867531625
"TCAAGACCACACCTGG-1_1",0.0907723571550114,-0.201867001878148
"TCAAGACCACTGCATA-1_1",0.122653877732645,-0.230510433673766
"TCAAGCACATTATGCG-1_1",0.0368836139494464,-0.16798849434734
"TCAAGTGTCAGTGGGA-1_1",0.0626634115315366,0.0204569083572235
"TCAATCTCAGACGGAT-1_1",0.13742320379876,-0.221454902840583
"TCAATTCTCGTGCTCT-1_1",0.0441236947637905,-0.174055019837542
"TCACACCTCAGCTCTC-1_1",0.138771201961966,-0.146948917896648
"TCACATTTCAGCCCAG-1_1",-0.208025349684023,0.0109657689540124
"TCACGGGTCACAGTGT-1_1",0.132142567982635,-0.178549479778161
"TCACGGGTCAGCAGAG-1_1",0.0972662597991386,-0.219790088278534
"TCACTATCAGTTTGGT-1_1",0.0394802528150748,-0.172026826546181
"TCACTATGTGGTAACG-1_1",0.168345928207082,-0.183872163347582
"TCACTATTCTACTCAT-1_1",0.0038444719062838,0.0942647150821379
"TCACTCGCAAGACGGT-1_1",0.111258634041766,-0.218077054540566
"TCACTCGGTGATAGTA-1_1",0.122885514094394,-0.211151608416031
"TCAGCAACAAGTACCT-1_1",0.132751283767075,-0.226480824884494
"TCAGCAAGTCCTCATC-1_1",0.115380637453595,-0.179290160859825
"TCAGCCTAGACCGCCT-1_1",0.180545555996549,0.278236093615568
"TCAGGGCAGCTCCACG-1_1",0.102643873162247,-0.216354730790856
"TCAGGGCTCACAAGAA-1_1",0.117503493520563,-0.179207937088361
"TCAGGGCTCTGTCAGA-1_1",0.00932676579282942,-0.0848141715740962
"TCAGTCCAGCCTCATA-1_1",0.134947250122853,-0.166257136575594
"TCAGTCCAGCGACTAG-1_1",0.151938407411517,-0.19510829908121
"TCAGTCCCATAACCCA-1_1",0.135639461425529,-0.188349890168808
"TCAGTTTCAGGCGATA-1_1",0.0606985372056301,-0.166736126608608
"TCATACTAGTGCTCGC-1_1",0.127586013304405,-0.206951249251943
"TCATACTTCCTCTTTC-1_1",0.134070401254242,-0.196835558881591
"TCATATCAGCTTACGT-1_1",0.139811465397805,-0.203817322519443
"TCATATCGTGTTCCTC-1_1",0.151677832811513,-0.209221399683098
"TCATATCTCTTTCCAA-1_1",0.128231373219306,-0.0118952468945439
"TCATCATGTTTGAAAG-1_1",0.164347297179491,0.162112590288943
"TCATCATTCCTGGCTT-1_1",0.0683413146237236,-0.220434951945534
"TCATCCGTCAACGCTA-1_1",0.180409829045531,-0.183392357389766
"TCATGAGTCCCTGGTT-1_1",0.15673790987126,-0.196624088075826
"TCATGCCAGTCGTTAC-1_1",0.135839371687374,-0.179991101069522
"TCATGCCTCGAAGGAC-1_1",0.149560703691521,-0.179058871966954
"TCATGGAGTTCACCGG-1_1",0.136856591817784,0.102488889804529
"TCATGGATCAGCTTGA-1_1",0.113790373688849,-0.152978309288439
"TCATGTTAGGAATTAC-1_1",0.14848076941325,-0.148800499572433
"TCATGTTGTGTGTGGA-1_1",0.130830819510034,-0.158754271366241
"TCATGTTTCGCCGAAC-1_1",0.111892012363944,-0.223374166861937
"TCATTACCACACCGCA-1_1",0.04199707262307,-0.171485959834752
"TCATTACCAGGTATGG-1_1",0.108899156081591,-0.155363481622773
"TCATTACTCATCCCGT-1_1",-0.0304919939075592,-0.083608289641158
"TCATTCAAGGTTGGAC-1_1",0.148692855303976,-0.165809756564884
"TCATTCAGTTACCCTC-1_1",-0.0419833394625278,-0.0777252506374011
"TCATTCAGTTCCTACC-1_1",0.135094879531452,-0.187418553915796
"TCATTTGAGGTTCACT-1_1",0.121440626184811,-0.172063658045126
"TCCACCATCTGCATGA-1_1",0.0975273329159801,-0.156385498529144
"TCCACGTCAGTCCCGA-1_1",0.136672665217154,-0.167510223493947
"TCCACGTTCGAGAATA-1_1",0.121069090219067,-0.202651190211395
"TCCAGAATCTGCACCT-1_1",0.121382589278631,-0.209443949136181
"TCCATCGTCCACTTTA-1_1",0.117411542078,-0.159849848534826
"TCCATCGTCTCCGATC-1_1",0.0954264398136681,-0.19581594299413
"TCCATGCAGAGTGGCT-1_1",0.131886829603366,-0.219875490805997
"TCCATGCAGTTGCGCC-1_1",0.132703895354288,-0.198631504715324
"TCCATGCCAAATCGTC-1_1",0.177392219457414,-0.184612692034834
"TCCATGCTCATGAGGG-1_1",0.055949294944709,-0.161455043540086
"TCCATGCTCGTGGTAT-1_1",0.12142879387153,-0.152339065934533
"TCCCAGTCAGGTGAGT-1_1",0.145988207970049,-0.187764588692784
"TCCCAGTTCTGCGATA-1_1",0.168971614621454,0.27639426828152
"TCCGATCCATGCAGGA-1_1",0.148175227933438,-0.10038844061218
"TCCGGGAGTTTGACAC-1_1",0.12852076656801,-0.0760886317572899
"TCCGTGTTCGCATAGT-1_1",0.214511863925396,0.238848150952159
"TCCTCCCAGACCTCAT-1_1",0.128130361103834,-0.228899676374233
"TCCTCCCAGGATTCAA-1_1",0.0639308133014147,-0.200765022420708
"TCCTCCCGTGGGCTCT-1_1",0.125013853471333,-0.169767379006412
"TCCTCCCGTTTACTGG-1_1",0.0492478675779418,-0.210033590704952
"TCCTCCCTCTGCGTCT-1_1",0.112729005983242,-0.152496853309942
"TCCTCGAGTTGCATCA-1_1",0.141038740566047,-0.202789943797926
"TCCTCGATCGGCATTA-1_1",0.119173241489007,-0.222441677330324
"TCCTCTTGTGTCCATA-1_1",0.125630951149473,-0.220691173351459
"TCCTCTTTCATAGAGA-1_1",0.149833503700279,-0.139583356007629
"TCCTGCAAGCGCCGTT-1_1",0.109728005184083,-0.227130813718313
"TCCTGCAGTATACCTG-1_1",0.178421559489161,-0.168822785844318
"TCCTTCTGTCGTTTCC-1_1",0.166350988409339,-0.17461915621712
"TCCTTTCCACAATCTG-1_1",0.110171721572155,-0.232934986180434
"TCCTTTCCACTCATAG-1_1",0.134643111472175,-0.179178055744383
"TCGAACACAGCACACC-1_1",0.130029754845645,-0.164098582223872
"TCGAAGTTCTTTGCTA-1_1",0.164956518114772,-0.195148341194663
"TCGACCTAGGAGTCTG-1_1",0.132145190825207,0.0846102231954572
"TCGACCTTCGAGCACC-1_1",0.191005121678223,-0.183394106311429
"TCGACCTTCGGCATCG-1_1",0.0919962432915609,-0.23061438274409
"TCGACCTTCTATACGG-1_1",0.0815689981798005,-0.197298957462053
"TCGACGGAGTTCATGC-1_1",0.113764637674793,-0.188747019549917
"TCGACGGCATCGCTGG-1_1",0.139239732648271,-0.181689135494343
"TCGCACTAGTCCCGAC-1_1",0.1362329628815,-0.197693951852072
"TCGCACTTCGTGCATA-1_1",0.131421913242478,-0.149170380947099
"TCGCTCATCTGGCCGA-1_1",0.113452256763836,0.0269259951332842
"TCGCTTGCACGTGAGA-1_1",0.129073188911247,-0.1982325180043
"TCGCTTGCACTAAACC-1_1",0.0457780677838235,0.0247368370736881
"TCGGATAAGTGTTGAA-1_1",0.116248950911767,-0.172206837482301
"TCGGATATCCTGATAG-1_1",0.0950723143950939,-0.231282312631997
"TCGGGCACAAGAGATT-1_1",0.105193961178811,-0.169719476014339
"TCGGGCACACAAGCAG-1_1",0.130368156340119,-0.205365155177795
"TCGGGCATCTCCGAAA-1_1",0.0861946303975647,-0.159410164265583
"TCGGGTGAGCACTTTG-1_1",0.116661548195505,-0.227397024807529
"TCGGGTGCACAATTCG-1_1",0.131094396979245,-0.19674829131471
"TCGTAGAGTTTACTGG-1_1",0.109507377205654,-0.0271753201678215
"TCGTCCAGTGACATCT-1_1",0.0567795529404146,-0.182885889980723
"TCGTGGGCACAAACGG-1_1",0.0838328201672661,-0.220896070982273
"TCGTGGGCATGGTGGA-1_1",0.186584668250673,-0.156327189846279
"TCTAACTCATCTTCGC-1_1",0.0717956445069176,-0.203229057033456
"TCTAACTGTTGGGAAC-1_1",0.196695132736394,0.300614783654902
"TCTACCGGTACTCCCT-1_1",0.0426571364206275,-0.168128375929205
"TCTATACAGTTGCCTA-1_1",0.121550595900388,-0.226937713654526
"TCTATACGTAGTAAGT-1_1",0.0336704818414467,-0.176572050725477
"TCTCACGGTGTCCGGT-1_1",0.137545319385165,-0.191928721510179
"TCTCACGTCCTGTTAT-1_1",0.12034825926272,0.0232470197547768
"TCTCAGCCACTTCCTG-1_1",0.118535690263699,-0.148883854489279
"TCTGCCAAGTCTGTAC-1_1",0.102851549238385,0.105066850135921
"TCTTAGTCAATGGCAG-1_1",0.155327400344897,-0.143583749439576
"TCTTAGTCAGAACCGA-1_1",0.103817519172859,-0.175508592971998
"TCTTAGTGTTAGCTAC-1_1",0.0604896086766482,-0.164533761225795
"TCTTAGTGTTTCGACA-1_1",0.138057345367769,-0.135289220358712
"TCTTCCTCAAGACGGT-1_1",0.118460796497824,-0.0948596796478819
"TCTTGCGCATGGCCAC-1_1",0.133565581430456,-0.190289566631059
"TCTTGCGTCAAACTGC-1_1",0.114279894745434,-0.22747535370258
"TCTTTGAGTTCATCTT-1_1",0.093981485582886,-0.108676975740348
"TGAACGTTCAGCGTCG-1_1",0.113093607558203,-0.176178054419634
"TGAACGTTCTCAACCC-1_1",0.123161260826922,-0.169655001585813
"TGAATCGCACTAGTAC-1_1",0.183529702922021,-0.191694261493401
"TGAATGCAGGAACGTC-1_1",0.0693304242116061,-0.130522489894922
"TGAATGCCACGCTGCA-1_1",0.167175365928323,0.194712930843125
"TGACGCGAGAAGAGCA-1_1",0.114522175475371,-0.176868001282787
"TGACTCCCAAGATTGA-1_1",0.0397418397826549,-0.178116709291266
"TGACTCCGTCGTGGAA-1_1",0.138294264815253,-0.10040216896199
"TGACTCCTCGCGTAGC-1_1",0.0384956673248645,-0.171043435619309
"TGAGACTGTTGGTACT-1_1",0.076302831692857,-0.215733817721123
"TGAGCATTCGGTCGGT-1_1",0.0983030942375933,-0.200082354502448
"TGAGGAGAGGTCCGAA-1_1",0.0653433260890434,-0.198383407156378
"TGAGGAGGTGCGGCTT-1_1",0.136059339645477,-0.19468599908126
"TGAGGAGGTTTGAACC-1_1",0.0888782990901036,-0.179276262577025
"TGAGGGAAGGATCACG-1_1",0.109810367189786,-0.021139573198173
"TGAGGGAAGTGCGCTC-1_1",0.128655534097401,-0.16038728047389
"TGAGGTTCATCCAATG-1_1",0.0571724637081543,-0.198035028888835
"TGAGGTTGTGAATGTA-1_1",0.0685507716774375,-0.124778162535747
"TGAGTCAGTATGCGTT-1_1",0.0928301163608236,-0.158549097041344
"TGATCAGCACTACACA-1_1",0.0224132384757262,-0.14453450372704
"TGATCAGTCGGCATAT-1_1",0.177267996157184,0.289660838641311
"TGATGCATCAGTGATC-1_1",0.152692294118079,-0.19269553640149
"TGATGCATCGAGTCTA-1_1",0.177020793977987,0.272646191402224
"TGATGGTCATAAGCAA-1_1",0.13661475368139,-0.192152807905155
"TGATTCTAGGGATCGT-1_1",0.120437992703785,-0.217895681594748
"TGCACGGAGCATCCCG-1_1",0.0966782421230693,-0.153876697844638
"TGCACGGTCTTCCGTG-1_1",0.0860620863766594,-0.126814806829847
"TGCAGATGTTGCAACT-1_1",0.107240130610382,-0.186323495906951
"TGCAGGCTCCTGGGTG-1_1",0.116249651242578,-0.11051544968919
"TGCAGTAAGCGATGGT-1_1",0.150784829445781,0.127846207244392
"TGCAGTACAGCAGGAT-1_1",0.156542487975425,-0.183108769866606
"TGCAGTAGTACTCGCG-1_1",0.0285940886305371,0.0313378343926137
"TGCAGTATCCACTTCG-1_1",0.128987985690033,-0.209801085375303
"TGCATCCGTCGCGGTT-1_1",0.128802635755034,-0.221536011057374
"TGCATGAGTGACCGAA-1_1",0.0434677513207631,-0.162871338736253
"TGCCGAGCAATCAGCT-1_1",0.218575064316351,0.268182695719357
"TGCCGAGCACTGTCCT-1_1",0.129167614702571,-0.224044839384447
"TGCGACGAGATACTGA-1_1",0.0349727275302941,-0.168656300818188
"TGCGATAAGAGCAGAA-1_1",0.121699463115144,-0.176255538777846
"TGCGGCAAGAACCCGA-1_1",0.136115168678583,-0.206050515452043
"TGCGGGTAGGACAACC-1_1",0.112908518185699,-0.206486084121385
"TGCTCCACACTTGAAC-1_1",0.116879919541279,-0.0994115516178505
"TGCTCCAGTGTACAGG-1_1",0.123387687781208,-0.223744456937116
"TGCTGAACAAAGCTAA-1_1",0.130580374032607,-0.184348098772795
"TGCTTCGCACCCTAAA-1_1",0.112322615939102,-0.198598102805651
"TGCTTCGGTGTATTGC-1_1",0.147356902298586,-0.153381255493756
"TGCTTGCGTGTATCCA-1_1",0.153341209658803,-0.198304978256963
"TGGAACTTCATACGAC-1_1",0.0862268585763439,-0.204796270973354
"TGGAGAGAGAGTTGCG-1_1",0.12003300462718,-0.168052271574266
"TGGAGAGCATAGGAGC-1_1",0.164923276001624,-0.173455917523595
"TGGAGGACACGCTGTG-1_1",0.0782286861239897,-0.174594430040698
"TGGATCACACAGAAGC-1_1",0.0520270770209235,-0.210996640075517
"TGGATCAGTATCGGTT-1_1",0.1238739845528,-0.14804260991829
"TGGATGTCAGCTACCG-1_1",0.00350807889982227,-0.0932832720056714
"TGGATGTCATAGATGA-1_1",0.181778017277221,0.280177895696194
"TGGATGTGTCCAAGAG-1_1",0.193749737131416,0.304037420818082
"TGGGAAGGTCGATTCA-1_1",0.202743048863173,0.276890795441754
"TGGGAGACAACGGCCT-1_1",0.100687869029849,-0.176203864689254
"TGGGAGACATGAGAAT-1_1",0.158471001524009,0.144101709804392
"TGGGCGTCAAAGGAGA-1_1",0.100935938315913,-0.197783941486659
"TGGGCTGCACACACGC-1_1",0.0716612411493484,-0.171153009870409
"TGGGTTAGTAGCGTCC-1_1",0.123889641635911,-0.216158936681278
"TGGTACAAGAGGATCC-1_1",0.110161540755098,-0.110383012396576
"TGGTACACACAGAGAC-1_1",0.129131599572984,-0.00606686792078703
"TGGTAGTAGAGCGACT-1_1",0.134365623881124,-0.178293177563191
"TGGTGATCACGAAGAC-1_1",0.116320916507773,-0.178806134103399
"TGGTGATGTACTCAAC-1_1",0.0961715086457281,-0.224559561413092
"TGGTGATGTCTCGGAC-1_1",-0.0265319087363619,-0.00895697898262521
"TGGTGATTCCAAGCTA-1_1",0.134063753369211,-0.217265617576351
"TGGTGATTCTTTCCGG-1_1",0.135913919667215,-0.131669133995565
"TGGTTAGAGGCTGAAC-1_1",0.1684869799682,-0.186097106893683
"TGTAACGAGCTAAACA-1_1",0.142092859614894,-0.111896742025812
"TGTAAGCGTAGAGTTA-1_1",0.0815165928801221,-0.221067292568264
"TGTAAGCGTGAGTTGG-1_1",0.0816121139860995,-0.180081852053937
"TGTAAGCTCAATCAGC-1_1",0.12778391993998,-0.135255393647505
"TGTAAGCTCGACACTA-1_1",0.11989534997646,-0.183694364619485
"TGTCCACAGATGCTTC-1_1",-0.0384146946721484,-0.081061910165797
"TGTCCACCAAGTACCT-1_1",-0.0312911356421915,-0.0890854181753523
"TGTCCACCACAACATC-1_1",0.127989179873463,-0.16811847284987
"TGTCCACGTAGGCAGT-1_1",0.114151573087675,-0.228930356144896
"TGTCCACTCATCTATC-1_1",0.0948726570650786,-0.215296492687384
"TGTCCCACAATGCTCA-1_1",0.0938808054751468,-0.209737442940023
"TGTCCCATCGTGTGAT-1_1",0.114693194176304,-0.221389907885728
"TGTCCTGAGTTCATGC-1_1",0.12650237493609,-0.180365478433603
"TGTCCTGCACAGTACT-1_1",0.139694120848092,-0.196793283212567
"TGTCCTGCACGGCCAT-1_1",0.0795241988653782,-0.0448867824890473
"TGTGCGGAGCCTTTGA-1_1",0.120523982838416,-0.160678466511955
"TGTGTGAAGCAGCCTC-1_1",0.0152479826278625,-0.147070483598862
"TGTTACTCAACCAGAG-1_1",0.200785349700364,0.267608476496078
"TGTTACTGTGCGAGTA-1_1",0.133522001923437,-0.141515092788934
"TGTTACTTCTCCCTAG-1_1",0.0942541148509364,-0.196607663172792
"TGTTCATCATCTTCGC-1_1",0.127430383519489,-0.216872746021586
"TGTTCTAAGCACCGTC-1_1",0.139739782428364,-0.181543042827273
"TGTTGAGCAACGCCCA-1_1",0.0732069680274751,-0.208648513127107
"TGTTGGAAGCGACCCT-1_1",0.164330919828493,0.197701011940546
"TGTTGGAGTAAGGTCG-1_1",0.136558409447335,-0.182608537214209
"TGTTGGAGTATCAGGG-1_1",0.141786080511882,-0.104345536726899
"TGTTTGTAGAATCTAG-1_1",0.134183971177399,-0.171941589233291
"TGTTTGTAGGCTGAAC-1_1",0.00452431688809181,-0.0902114207599153
"TTACAGGGTACAGGTG-1_1",0.168002483807617,-0.188311720898985
"TTACAGGGTGACTGTT-1_1",0.0907435912262215,-0.209794544799004
"TTACCGCCAAGCGAGT-1_1",0.0344367396524077,-0.12525779584092
"TTACCGCCAATTCGTG-1_1",0.113555384961619,-0.160423541671963
"TTACCGCCATACAGGG-1_1",0.135354408002024,-0.124985789443761
"TTACCGCGTACCCGCA-1_1",-0.0340982548395278,-0.160350304598451
"TTACGCCCATGTAACC-1_1",0.11682906345577,-0.0106554541997291
"TTACGTTAGACTCTTG-1_1",0.0974362652461458,-0.212772713181381
"TTACGTTGTAGTTAGA-1_1",0.132077120331516,-0.22203260748373
"TTACGTTTCTCTGACC-1_1",0.137826570479176,-0.223289594301148
"TTACTGTCACCTTCGT-1_1",0.0961493630007362,-0.216413311391722
"TTAGGCAGTCTGGTTA-1_1",0.0998832269553194,-0.190933839852599
"TTAGTCTAGTGGATTA-1_1",0.1718514856573,0.229479425196945
"TTAGTCTGTGTTGCCG-1_1",0.121724885591585,-0.208400188105429
"TTATTGCGTGAATTGA-1_1",0.145645004275017,-0.105095967840845
"TTCACGCGTTTCTATC-1_1",0.148703944460002,-0.144528269606763
"TTCATTGCAGGAATAT-1_1",0.0932377693196149,-0.20874940029973
"TTCCAATCACCAGCGT-1_1",0.142381258654765,-0.204028271990715
"TTCCAATGTAGGTTTC-1_1",0.0826263710485672,-0.189584591718089
"TTCCAATTCGACCTAA-1_1",0.101628125642356,-0.0897265837923355
"TTCCACGTCTACCCAC-1_1",-0.038117330099115,-0.0679150860469612
"TTCCGGTCAAGAGGTC-1_1",0.135073720996262,-0.180596040107951
"TTCCGTGAGACGCCCT-1_1",0.124247397976418,-0.221683705446246
"TTCCGTGGTTTGGAGG-1_1",0.141611007582998,-0.171519954539027
"TTCCTAACACGCCACA-1_1",0.14758377489894,-0.160230199581179
"TTCCTAATCACAATGC-1_1",0.121120870453583,-0.157820350442899
"TTCCTCTAGACTAGAT-1_1",0.0644648673357684,-0.0419688953281951
"TTCCTCTAGATGAAGG-1_1",0.0976141041430222,-0.214052578530489
"TTCCTCTTCTACGGGC-1_1",0.0655876385957941,-0.222416391205375
"TTCCTTCAGTTTCGGT-1_1",0.120687428394136,-0.103820191125721
"TTCCTTCCATTCAGGT-1_1",0.0866537517556595,-0.218330240409172
"TTCGATTAGGGCAATC-1_1",0.121353726928169,-0.170286725460764
"TTCGATTGTAACTAAG-1_1",0.114334007273903,-0.196611739716982
"TTCGATTGTACAAAGT-1_1",0.131993283241006,-0.149396826461337
"TTCGCTGTCGATACTG-1_1",0.0500001082748849,-0.181782626702399
"TTCGGTCGTGGCTTAT-1_1",0.106531426021825,-0.150859148762057
"TTCGGTCGTTTGTTCT-1_1",0.116351756608361,-0.226192542960071
"TTCTAACGTACCCACG-1_1",0.0473919132486358,-0.173734947245146
"TTCTAACGTCGTACTA-1_1",0.163402611962694,0.192989839898394
"TTCTAACGTTGCTGAT-1_1",0.124621403430091,0.0056600412442502
"TTCTAGTCAAAGCGTG-1_1",0.124194445553381,-0.225469382858502
"TTCTAGTGTTAAGCAA-1_1",0.139969016912606,-0.203034928244096
"TTCTCTCGTGTGTACT-1_1",0.118020506903605,-0.224675232317089
"TTCTCTCTCGTAGGGA-1_1",0.083832467985103,-0.209322060403484
"TTCTGTAAGATACTGA-1_1",0.0991255024415969,-0.143156535054357
"TTCTGTAAGTGTGTTC-1_1",0.101203669575272,-0.222098327827587
"TTCTGTAGTACAGAAT-1_1",0.112141285587395,-0.195139884231648
"TTCTTCCGTGGTAACG-1_1",0.1001581522133,-0.203076630765512
"TTCTTGACATCTAGAC-1_1",0.118779726341502,-0.227360102915404
"TTCTTGATCATCCTAT-1_1",0.0958779403266922,-0.164764717191381
"TTGACCCTCCTGCCAT-1_1",0.102601766976815,-0.185410996334929
"TTGAGTGAGGTTGAGC-1_1",0.116461138116606,-0.204164776764799
"TTGAGTGGTAGTGATA-1_1",0.11884607315387,-0.00285161446111755
"TTGAGTGTCCCTTGTG-1_1",0.133362159561452,-0.11710166902388
"TTGATGGAGGGAGGAC-1_1",0.165504983650254,-0.168778716225948
"TTGCATTTCATTTCCA-1_1",0.085307496476476,-0.223973306883274
"TTGCCTGGTGAGTAAT-1_1",0.0988110592320154,-0.214022144705468
"TTGCCTGTCCGATTAG-1_1",0.11907999328479,-0.197761221547349
"TTGCTGCCATGGAGAC-1_1",0.130169228332126,-0.214517625205922
"TTGGATGCACTACCGG-1_1",0.136634237334288,-0.206491198264272
"TTGGATGGTACAAGTA-1_1",0.0955300491830543,-0.203192488552322
"TTGGATGTCACTGAAC-1_1",0.13122260138816,-0.210731020659404
"TTGGGATCACTGGAAG-1_1",0.114395442833407,-0.109211413576896
"TTGGGATGTGAGCGAT-1_1",0.124977535253529,-0.0722070356850701
"TTGGGCGTCGCCTTTG-1_1",0.0474697655143066,-0.116674514504235
"TTGGTTTAGCTTTCTT-1_1",0.0875185193029147,-0.198456379794245
"TTGGTTTCACATACGT-1_1",0.0963961541406419,-0.195827850484189
"TTGTGGAGTACCGTGC-1_1",0.136667162786636,-0.201532227473099
"TTGTGTTTCGTGGCGT-1_1",0.146003227726327,0.135098392253614
"TTTACCAGTGGGACAT-1_1",0.132660304572715,-0.180085078042633
"TTTACGTCACCGCTAG-1_1",-0.0790157627896144,-0.0500438426446908
"TTTACGTTCGCAACAT-1_1",0.114995351507556,-0.0911970079891377
"TTTAGTCTCTTCCGTG-1_1",0.153054750237227,-0.113850105948693
"TTTCACACAACGTAAA-1_1",0.158195775145203,0.237300201054601
"TTTCATGCATCCGGCA-1_1",0.112656347117631,-0.13916771825009
"TTTCGATGTTAAGAAC-1_1",0.099995839392514,-0.0864860547123956
"TTTGACTGTAGTCTGT-1_1",0.0497787398985363,-0.169948592491687
"TTTGTTGAGCCAACCC-1_1",0.121901333643375,-0.0626560228579264
"AAACCCACACGTCTCT-1_1",-0.0371911634175752,0.0265542416332037
"AAACCCAGTTAGAGTA-1_1",-0.0930608483757397,-0.0206301109640508
"AAACCCATCGGCGATC-1_1",-0.0804014018577533,0.000723172972995572
"AAACCCATCTCGTCGT-1_1",-0.0510336768370298,0.0337409408778313
"AAACGAACAATACAGA-1_1",0.0224645126639851,-0.00838741400465925
"AAACGCTTCCTCTAGC-1_1",-0.037954709037609,-0.0199426701157984
"AAAGGATCAACCACAT-1_1",-0.0799029338757194,0.00321670916273298
"AAAGGATTCGTTCCTG-1_1",-0.106254065281934,-0.00424101813615027
"AAAGGGCGTCTGCGCA-1_1",-0.020174689176503,-0.00331201766725459
"AAAGGGCGTGAACGGT-1_1",-0.0349701263507989,-0.0762932582659164
"AAAGGTACAAGACGAC-1_1",-0.0464382924580028,-0.00894515829139834
"AAAGGTACACGTCTCT-1_1",-0.0298623569577185,-0.0146771422085923
"AAAGGTAGTGAGACGT-1_1",-0.03465843634872,0.0188478606898344
"AAAGTGAAGGATATGT-1_1",-0.0568064072483937,-0.00175977844976873
"AAAGTGAGTGAATTGA-1_1",-0.0896603625892695,-0.0267593533215667
"AAATGGACAATACGAA-1_1",-0.0988719360509209,-0.0124952379357709
"AAATGGACATGTGCTA-1_1",-0.0655245154857608,-0.0233697154556298
"AACAAGACAAGGTCAG-1_1",-0.0201707544626012,0.0489807173986683
"AACACACAGTCATCGT-1_1",-0.0214900288662006,-0.0261338598009257
"AACCAACAGACCATTC-1_1",0.0212703101355552,0.0041550014972087
"AACCACATCGAGAATA-1_1",-0.047949569285255,-0.0190216451516267
"AACCACATCGTTCCCA-1_1",-0.0983761036168592,0.0083894172912729
"AACCATGAGGTTCCGC-1_1",-0.0435402562471785,0.0132230207961683
"AACCATGCAACCCTAA-1_1",-0.0303063578314982,-0.0217069380239184
"AACCATGCATAACTCG-1_1",-0.0896748676621172,-0.0227791074121757
"AACCCAAAGGACGCTA-1_1",0.0101125395112746,-0.0229075601206459
"AACCCAACAGCCCACA-1_1",-0.0872174608123129,0.0121121955152164
"AACCTTTTCTCAACCC-1_1",-0.00618638529485495,-0.00809009419521909
"AACGAAAAGTGTTGTC-1_1",0.114227799304373,0.076637112819073
"AACGAAAGTCAGGTGA-1_1",-0.00982708634283395,0.0392924621442749
"AACGGGAGTGCAGATG-1_1",-0.0653835443528273,-0.0171648680326051
"AACGGGATCGCTGACG-1_1",-0.0994913215226457,0.0228602066461882
"AACTTCTGTGGACCAA-1_1",0.109243148610158,0.0573712694811416
"AAGAACAGTACCGGAA-1_1",-0.0607249049844021,0.0133200215647761
"AAGACAAAGTAAACAC-1_1",0.0612773500487754,-0.0622873220106562
"AAGACAAGTTAACCTG-1_1",-0.0414029193703664,-0.0130083496979198
"AAGCCATTCCACGAAT-1_1",0.0407434440650366,0.0167777761230403
"AAGCGAGCAGCTGTTA-1_1",-0.0164397147102851,-0.0114065018602855
"AAGCGTTGTGCAAGAC-1_1",-0.095624317413703,0.00101065590108009
"AAGGAATCAACTTGCA-1_1",0.19483464150288,0.270305918891923
"AAGGAATCACACCAGC-1_1",-0.098818506870347,-0.010205185257169
"AAGGAATCACCAATTG-1_1",-0.0814671339229794,-0.0180351881505952
"AAGGAATCAGATGCGA-1_1",-0.1802493966033,0.00630010635349786
"AAGGTAACACCTGATA-1_1",-0.0391541151351663,0.0121907507357836
"AAGTACCGTCATCCCT-1_1",-0.0337787788178001,-0.00304600232587716
"AAGTACCTCATGGAGG-1_1",0.204793853537573,0.291021611888989
"AAGTACCTCTATGCCC-1_1",0.176233913315773,0.200843559335761
"AAGTCGTCATCCGGCA-1_1",0.0893499415514875,0.104117319420654
"AAGTCGTTCTGGGCAC-1_1",-0.0138574960661658,-0.0100221439579125
"AATCACGCAAGGGTCA-1_1",-0.0582620513318331,-0.0680904470796017
"AATCACGGTAAGGCTG-1_1",0.116608950111282,0.0167076551248831
"AATCGACAGGCCTTCG-1_1",0.000659998724167534,-0.0053275711479917
"AATCGTGAGTGGTGAC-1_1",-0.0125663752934445,-0.0271739825220908
"AATCGTGGTTGCACGC-1_1",0.0992353232046422,-0.0217961085001323
"AATCGTGTCTTCTGTA-1_1",-0.0439040375560697,-0.0205005325932858
"AATGAAGTCCTACAAG-1_1",-0.0374890716330055,-0.0135820905403826
"AATGAAGTCGAATCCA-1_1",-0.0794762998928514,-0.0189585839739591
"AATGACCGTTCCCAAA-1_1",-0.041871364536236,0.0163869974609434
"AATGGAATCTACCAGA-1_1",0.130892027108968,0.10842827001585
"AATGGCTAGACTTCCA-1_1",-0.0363782211018356,-0.0199696098208384
"AATTCCTAGGGATCAC-1_1",-0.0916115592900783,-0.00501237671587622
"AATTCCTGTAGCGTCC-1_1",0.0653882498893846,0.0553194492926728
"ACAACCAAGAACTCCT-1_1",-0.0805047875249712,0.0118628501601021
"ACAACCACAACGACAG-1_1",0.0164049223758758,-0.0119440982947822
"ACAAGCTAGCAGCGAT-1_1",-0.0935198420750701,-0.0146347629657378
"ACAAGCTCAACAAGAT-1_1",-0.027706351488886,-0.0142803384799302
"ACACAGTAGATCGCTT-1_1",0.0160599793872627,-0.0371327234287716
"ACACAGTAGTCATTGC-1_1",0.0162509573328725,-0.0259184626007012
"ACACCAAGTCCTGTTC-1_1",-0.0516799084420085,-0.0159217492994495
"ACACCAATCCACGAAT-1_1",-0.0482182381046634,-0.0159676569703165
"ACACGCGGTGGACAGT-1_1",-0.0484551223293504,-0.0319342022930755
"ACACTGAGTCGTACTA-1_1",-0.134991720012195,0.00234936844728841
"ACACTGATCTGTCTCG-1_1",0.0598020566739579,0.0487069532179657
"ACAGAAATCCGCACGA-1_1",-0.0647561890996845,-0.00137230736737527
"ACAGCCGGTCGTCTCT-1_1",-0.047498614091447,-0.0134934253841286
"ACAGGGAAGCATTTGC-1_1",0.104365901792853,0.0603694870830697
"ACAGGGACACACCTTC-1_1",-0.0865743818685213,-0.0225225002342978
"ACAGGGAGTTGTAGCT-1_1",0.0733050622896661,0.0659724053057892
"ACAGGGATCGAACACT-1_1",-0.0416762426290303,-0.0166452881687357
"ACATCCCCACCCGTAG-1_1",-0.106086953640019,-0.00920862542585943
"ACATGCAAGGAGATAG-1_1",-0.0970304288192161,-0.0183929360984611
"ACATGCACACTATCCC-1_1",-0.0204468290620601,0.00302209031627718
"ACATTTCAGATTAGAC-1_1",-0.0141466044180764,-0.00718914052075416
"ACATTTCGTGCCCAGT-1_1",0.135861642276006,0.0895636333874065
"ACCAAACTCACACCGG-1_1",-0.0564805506383481,-0.0157331938601603
"ACCAAACTCATAGACC-1_1",-0.0486110739168328,-0.0378883303656281
"ACCAACATCCGGTAGC-1_1",-0.00233628571021617,-0.0209379647794195
"ACCATTTCATTGGGAG-1_1",-0.0505926485542094,-0.0110550450904839
"ACCATTTGTTGCTCAA-1_1",0.144335863414679,0.122611183264283
"ACCCAAAAGCATCAAA-1_1",0.0824378849081311,-0.0756068250282668
"ACCCAAAGTGAGAACC-1_1",-0.0479065469258493,-0.0229951951691153
"ACCCTCACACAAATGA-1_1",-0.114822743062007,-0.0136080796742041
"ACCCTCACAGGAATAT-1_1",0.0156982525324556,-0.0333196133555689
"ACCCTCATCTGGTCAA-1_1",-0.0188732141317099,0.0157237705887519
"ACCCTCATCTTTCTAG-1_1",0.0296556564194142,-0.0373969056013586
"ACCGTTCTCACGAGGA-1_1",-0.0689835030540911,-0.0128498681192024
"ACCTACCAGTCCCAAT-1_1",0.0472397435123033,-0.0441215256517798
"ACCTGAAAGGCAGTCA-1_1",0.0781591448850859,0.0633742398542259
"ACGGGTCCAAATCCCA-1_1",-0.0527433661992574,-0.0168233409899102
"ACGGGTCGTATGCGGA-1_1",-0.105006400259651,0.00881294742254665
"ACGGTCGAGTACTCGT-1_1",-0.108336085692589,-0.019830157548411
"ACGGTCGTCAACACCA-1_1",-0.0112704004640182,0.0376326732142864
"ACGGTCGTCTTCCCAG-1_1",0.13199896283667,0.100175158940609
"ACGGTTAAGCCTAACT-1_1",-0.0994475729704931,0.00560010697603331
"ACGGTTAGTCCGGACT-1_1",0.0116190120306876,-0.0373059012288698
"ACGTAACGTCAACATC-1_1",-0.0532320732311245,-0.0211167546862494
"ACGTACATCGCTAATG-1_1",-0.0597097404516235,-0.00406305405727389
"ACGTCCTAGTGCCGAA-1_1",-0.0109176348256981,-0.0257776173278317
"ACGTCCTCAGATTAAG-1_1",-0.0587674313610371,-0.00313715570414859
"ACGTCCTCATCCGTTC-1_1",-0.0298972695911515,0.00770270273593234
"ACGTCCTGTATCGTAC-1_1",-0.0785131537802922,0.0123539217554597
"ACGTTCCGTACCGCGT-1_1",0.071078432252889,0.0534800948242809
"ACGTTCCGTCAACACT-1_1",-0.098112511673846,-0.0206305738894089
"ACGTTCCTCTGTGTGA-1_1",0.0322719021061325,0.0302376003337069
"ACTACGATCTGCCTCA-1_1",0.18518611167033,0.212844992309628
"ACTATCTTCCATAGGT-1_1",0.0279218995229129,-0.0222424977662481
"ACTATGGGTGGGTATG-1_1",0.0654158050095466,0.104585927284864
"ACTATGGTCAGAGCGA-1_1",-0.0807367886172425,0.0250406628263984
"ACTATTCAGACATCAA-1_1",-0.0376425244191012,-0.024121296004058
"ACTATTCGTAATACCC-1_1",0.0475086936373406,0.0250438977447361
"ACTATTCTCGCCATAA-1_1",-0.0414521272470856,-0.0248564193524022
"ACTCCCACAATATCCG-1_1",-0.0250154428293576,0.00340483084985655
"ACTCCCATCTCCATAT-1_1",0.0226535871747259,-0.0383182788801583
"ACTCTCGGTATCATGC-1_1",-0.00938632257178165,-0.00101964836763075
"ACTGATGCAGAGTTGG-1_1",0.00194523885325698,-0.0421460133388338
"ACTGCAACACTGGATT-1_1",-0.0404654807987487,0.00314103328874519
"ACTGCAATCCGTAGGC-1_1",-0.0660790142213698,-0.0112824021969379
"ACTGTCCAGAAGCTGC-1_1",0.1572013286233,0.156829968759421
"ACTGTCCCAAATGAGT-1_1",-0.0267152784804023,-0.0133619817917153
"ACTGTCCGTGAGTCAG-1_1",0.0223671068669846,0.00593132977071132
"ACTGTGAAGAGTCTTC-1_1",0.0287531115363386,0.0167174599085593
"ACTGTGAAGCAACTTC-1_1",0.0187070988375122,-0.0195631603667122
"ACTGTGAAGCTTTGTG-1_1",-0.0230319149743174,-0.00279621518385468
"ACTGTGATCGACGTCG-1_1",0.0422108303462969,-0.0418720064189817
"ACTTAGGAGAGTTCGG-1_1",0.0135406205023155,-0.0307459208406913
"ACTTAGGGTCAATGGG-1_1",0.00632029857098271,-0.0433280923154844
"ACTTAGGTCTCCTGCA-1_1",-0.0213624728008795,-0.00101385135344807
"ACTTATCAGCAATAAC-1_1",-0.021203482948118,-0.0212107561364587
"ACTTCCGTCCTATTGT-1_1",-0.027807754240987,0.0137153968438551
"ACTTCCGTCTCTGAGA-1_1",0.0858143411520313,0.0164965006463819
"ACTTCGCAGGTACATA-1_1",-0.0340423204272281,-0.0282640781698065
"ACTTCGCGTAGCTGCC-1_1",-0.020421914393132,0.0155803551339003
"ACTTTCAAGTGATAGT-1_1",-0.0668948308444511,0.0131083477292132
"AGAAATGTCTTTGGAG-1_1",0.0523112198726392,-0.0523801742721633
"AGAACAAAGCGTTCCG-1_1",0.0286048714350571,-0.0416186357956562
"AGAACAACAAAGCAAT-1_1",-0.0604718105752824,-0.00717651818365731
"AGAAGCGGTCGACGCT-1_1",-0.0132019594587134,-0.032289775505072
"AGAAGCGGTTCGTTCC-1_1",-0.0649380828652258,-0.0149858260473268
"AGAAGTAGTCCCACGA-1_1",-0.0522035729354546,-0.012485714351356
"AGACAAAGTGACGTCC-1_1",-0.0341050846682713,-0.0108735655510897
"AGACAGGTCTTAGCAG-1_1",-0.0469281614470371,-0.000185609429952523
"AGACCATAGGTTCATC-1_1",-0.0764703377985545,-0.0177081919711195
"AGACCATAGTGGATAT-1_1",0.08214019615958,-0.0367455807317444
"AGACCATGTGGCTGAA-1_1",0.00124911097741148,-0.0391955826503267
"AGAGAATTCTAGCAAC-1_1",-0.0732853372182937,-0.0265772963324343
"AGAGAGCAGTAGAATC-1_1",-0.0604834659955157,-0.0201666648216744
"AGAGCAGCAGGTCTCG-1_1",-0.00991002791649477,0.0250665704627696
"AGAGCAGCATTGGCAT-1_1",-0.0539270552332708,-0.0182527595692307
"AGAGCAGGTGACTCTA-1_1",-0.0249161831904043,-0.0229376090452663
"AGAGCAGTCTACCCAC-1_1",-0.046943311704209,-0.031084436655277
"AGATAGAAGGGCAACT-1_1",-0.037889575174167,-0.0316631870728843
"AGATCCAAGCCTCACG-1_1",-0.093611412294686,-0.0109360620161317
"AGATCCACAACATACC-1_1",-0.0223622419673441,0.0113857877611584
"AGATCGTAGAAGAGCA-1_1",-0.0285944324074345,-0.00950798379489698
"AGATCGTAGCCTGTCG-1_1",-0.0529431833609985,-0.019625320366473
"AGATCGTGTCCATACA-1_1",-0.100562065677964,-0.00866473132953737
"AGATGCTCACCTGCGA-1_1",0.044895535176875,-0.053998815947589
"AGATGCTCATACCATG-1_1",-0.0551310554156816,-0.0124327689790815
"AGATGCTTCTTCACGC-1_1",0.0228829185673991,-0.0329566969002078
"AGCATCAAGGGTTAGC-1_1",-0.00954500637974744,-0.0195880341961333
"AGCCAATGTATCCTCC-1_1",-0.0059467831707502,0.0455076943999165
"AGCCACGCACAGTCAT-1_1",-0.0404787550518807,-0.0457200214153872
"AGCCACGGTCTTCCGT-1_1",-0.0139029104020894,0.00973979283447684
"AGCCAGCTCTTTGCTA-1_1",0.0269384381067105,0.0027177661879049
"AGCGATTAGTAATTGG-1_1",-0.00266745087919484,0.00552503075333332
"AGCGCCAGTTACGCCG-1_1",-0.0849094442462755,-0.0314487925466159
"AGCGCCATCCACGGAC-1_1",-0.059211544406685,0.0230858262097189
"AGCGCCATCTATGTGG-1_1",-0.0356873950576335,-0.0219799347919757
"AGCGCTGTCCATCACC-1_1",-0.0681579231018952,-0.013329448667661
"AGCGTCGCAGCTGCCA-1_1",-0.0481606094809089,0.0190670372391534
"AGCTCAATCACGAGGA-1_1",0.00943821599667486,0.0102250901667146
"AGGAAATTCGTGTGGC-1_1",-0.0458273621174971,-0.0180409330192354
"AGGAATAAGAGACAAG-1_1",-0.0225604467917598,-0.0254770510646799
"AGGAATAAGTTAACGA-1_1",-0.0502889904939259,-0.137627931226713
"AGGAATACACTCCTTG-1_1",-0.02251256303918,-0.0231404447749771
"AGGAATACATCCTTGC-1_1",-0.0111030001815735,0.0325125596098837
"AGGATAACACTGATTG-1_1",-0.0126160927305089,0.00846134442476591
"AGGATAAGTACGTGTT-1_1",-0.0822382924768806,-0.0149764508658354
"AGGATCTAGTCATCGT-1_1",0.0153754846283674,0.00930164584282097
"AGGATCTTCAGCCTTC-1_1",-0.0715955064727566,0.0214549536527962
"AGGCATTAGCGAAACC-1_1",0.121227494372484,0.002325498701223
"AGGCATTAGTGCTCAT-1_1",-0.000985348769701711,-0.0483117552044751
"AGGCCACTCCTCGATC-1_1",0.0122831164955186,-0.0298854987452306
"AGGGCCTCAATACGAA-1_1",-0.0481340397085372,-0.0179819793982569
"AGGGCTCCAACGCATT-1_1",-0.0435959223987,-0.0122541283746763
"AGGGCTCTCCCGTGAG-1_1",0.135290436430819,0.102462238199885
"AGGGTCCAGGTAAAGG-1_1",-0.00557448894179673,-0.0108393981916129
"AGGGTTTTCCCGTTCA-1_1",0.0286330134004868,0.0322113906856572
"AGGTAGGAGGTGCATG-1_1",-0.0277150204930694,-0.0119218216995258
"AGGTCATAGCGGTAAC-1_1",-0.121635438011658,-0.0071708244823749
"AGGTCATAGCTCTGTA-1_1",0.0748197598806051,0.0513709461167351
"AGGTGTTCAGGCATTT-1_1",-0.0489575528649634,-0.00576908542030845
"AGGTGTTCATACTGTG-1_1",-0.0555545767473522,-0.0066666827113074
"AGGTTACAGGGCGAGA-1_1",-0.0549204260910955,-0.0172557772912677
"AGGTTACTCTAGTCAG-1_1",-0.000904162838546253,-0.0147589908537281
"AGGTTGTCAGATCCAT-1_1",0.00337936819050587,-0.00738697148164401
"AGTAACCAGGTTGAGC-1_1",-0.0643659700180629,0.013465665092746
"AGTAACCCACTTGACA-1_1",-0.0300904037040801,-0.0202924117268645
"AGTAACCTCGTGTTCC-1_1",-0.0114538598989009,0.00873034235753782
"AGTACCAGTCTGTGTA-1_1",0.0192360280478792,0.000249420256475251
"AGTACCATCAGATGCT-1_1",-0.0139783640315996,0.0130559355721627
"AGTACTGAGTAGTCAA-1_1",-0.018885973451209,0.00559027141603297
"AGTACTGAGTGTTCCA-1_1",-0.014271031594197,-0.00115216450819119
"AGTACTGCACCATTCC-1_1",-0.100872781366681,-0.00751564309597861
"AGTACTGTCAGGACAG-1_1",0.0161143200137589,-0.0183288980391446
"AGTAGCTCACTTCAGA-1_1",0.0512384461061267,-0.00916382174449817
"AGTAGCTCAGTTAGAA-1_1",-0.0732628429028987,0.0124485453180576
"AGTCACAAGTTGCGAG-1_1",0.0185232753937374,-0.032934525350329
"AGTCACAGTACAAGCG-1_1",-0.0154433694855521,-0.00660893388151059
"AGTCACAGTCCAATCA-1_1",0.0798531495647489,-0.00443200886413382
"AGTCACATCACTCCGT-1_1",-0.0614283785353227,0.0234235866510427
"AGTCATGCAAGAATGT-1_1",0.135174602728169,0.0952855114271748
"AGTCATGCATTGAGGG-1_1",-0.00929608553606627,-0.117502769857559
"AGTGATCCAAGAGCTG-1_1",0.00889578825287655,0.00398923282880149
"AGTGATCGTACGTGAG-1_1",0.00239849172606157,-0.0222012295246157
"AGTGCCGTCACAGTGT-1_1",-0.0319397137251724,0.00584004218031907
"AGTTAGCTCGAGTCTA-1_1",0.000443610758048906,-0.0601595339390967
"AGTTCGATCCATATGG-1_1",-0.064146442137161,0.00206311464907442
"ATACCGATCGAATCCA-1_1",0.0247013943332519,0.0102747871630255
"ATACCTTAGAAGAACG-1_1",0.0152557708386904,-0.0163529009660275
"ATACTTCCACAGCCAC-1_1",-0.0424261960246798,-0.0173410500926611
"ATAGAGAAGGCCGCTT-1_1",-0.00423748905478577,-0.0211319656865993
"ATAGAGACAATACAGA-1_1",0.0262709119564344,0.0243983553194327
"ATAGAGACAATACGCT-1_1",-0.0141560774032268,0.0248842775340223
"ATAGGCTTCTAGACCA-1_1",-0.106043129048219,-0.0224898745007779
"ATATCCTTCCCAGCGA-1_1",-0.00798667641486425,-0.0321314898330622
"ATCACAGGTGTAAACA-1_1",0.108627846633952,0.0820280268213137
"ATCACAGTCATTGCGA-1_1",0.00773492809515885,-0.0241809459996788
"ATCAGGTCAAACGGCA-1_1",-0.0804480902012455,0.0140414860305364
"ATCAGGTTCTACCAGA-1_1",-0.109217336942328,-0.00503974459221479
"ATCCCTGAGGTATCTC-1_1",-0.0654319820908292,0.0108663883483588
"ATCCCTGGTGACCTGC-1_1",-0.0460411737402151,-0.0144492510908527
"ATCCGTCCACTGTCGG-1_1",0.0729316691294202,0.061806812956844
"ATCCGTCCATTGACCA-1_1",-0.0882567143329762,0.00230988261220002
"ATCCGTCGTGTTAGCT-1_1",0.0612765665613189,0.0391608492684554
"ATCCGTCTCTTAGTTC-1_1",0.00571595984382582,-0.0214782794158968
"ATCCTATAGACGATAT-1_1",-0.0441579422711746,0.00318874121488576
"ATCCTATCACAGTCCG-1_1",-0.0636209504624395,0.00160871854960913
"ATCGATGAGACTACCT-1_1",-0.00506313279872702,-0.0117076583872094
"ATCGATGAGGTCCCGT-1_1",-0.00110119553290782,-0.0171069818419792
"ATCGATGCACAAAGTA-1_1",0.00419839072166728,-0.0163548018736058
"ATCGATGGTCACTCTC-1_1",0.18901962265329,0.306524150276288
"ATCGCCTAGTCTGCGC-1_1",-0.036375945983562,0.00154829089364321
"ATCGGATTCATTATCC-1_1",-0.164197558901889,-0.00186838913241897
"ATCGTAGAGCTCTATG-1_1",0.0740241653191017,0.0371233320366297
"ATCGTAGCAGAGGACT-1_1",0.0597198371247899,0.0388042414290649
"ATCGTCCCAGAGGGTT-1_1",-0.0393388752636478,-0.0200773524568911
"ATCGTCCCATAATGCC-1_1",0.0740878551215969,0.0789700910909511
"ATCGTCCGTACAGCGA-1_1",-0.0971971452271639,-0.0155222173074518
"ATCTCTAGTTCTCTCG-1_1",-0.0305987543995587,-0.016881354088932
"ATCTTCACAAACACGG-1_1",-0.0731037332818873,0.0116774612518834
"ATCTTCACACTGGCGT-1_1",-0.0584023645821587,-0.0298746528200913
"ATCTTCACAGCGGATA-1_1",-0.0396106097218938,-0.0128566352108524
"ATCTTCATCAGCATTG-1_1",-0.0581988754457224,0.00392428018958109
"ATGACCACAACTACGT-1_1",-0.0250285021796725,-0.000970852229937859
"ATGAGTCAGAGAGTTT-1_1",-0.0983257044971229,0.010544730838905
"ATGAGTCTCGTGACTA-1_1",-0.0111175540456266,-0.024259563684356
"ATGATCGAGAGGCGTT-1_1",-0.0123419514615008,-0.0202413796015547
"ATGATCGGTAGGACCA-1_1",-0.0652503619035608,0.0144906116255215
"ATGATCGTCTAAGCGT-1_1",-0.0541752530865352,0.0281158855857518
"ATGCATGAGACTGTTC-1_1",0.0649863136832698,0.046551912536683
"ATGCATGGTCAGCTTA-1_1",0.0319168469821669,-0.0152142449552923
"ATGCCTCAGGGCGAAG-1_1",-0.0155591304928115,-0.0194710792253418
"ATGCCTCCAGATCACT-1_1",-0.0763431632630407,0.0159718343014245
"ATGCGATGTGCGTTTA-1_1",-0.0785076223670698,0.0179627727307983
"ATGCGATTCGTGCTCT-1_1",-0.0405258661389373,-0.0133110309315725
"ATGGAGGAGTCCGCCA-1_1",0.20227438752975,0.268558882064832
"ATGGAGGGTTGGGTAG-1_1",0.157453471759067,0.154553006566477
"ATGGGAGAGGATTCCT-1_1",0.0352308761940907,0.0484041988359335
"ATGGGAGCAATTAGGA-1_1",0.0624912885911789,0.0298884901742133
"ATGGGAGGTCGCCACA-1_1",-0.0426728483515092,-0.0126049728733339
"ATGGGTTCAGCTTTCC-1_1",-0.0404173068757384,-0.00587686655785036
"ATGGGTTCAGTTGCGC-1_1",0.0849635399815939,0.0815825201649037
"ATGGGTTTCACCGACG-1_1",-0.0545702100085948,0.0254602983879289
"ATGGTTGGTTGCTCGG-1_1",-0.172242139451158,0.0216533636812429
"ATGTCTTCAAGGTTGG-1_1",0.133473199931463,0.0904903442129024
"ATGTCTTCACATCCCT-1_1",-0.00823987731689966,0.0474860709404422
"ATGTCTTCAGTTGGTT-1_1",0.0124763217786676,-0.0292770576380323
"ATTACCTAGACTCTAC-1_1",-0.0466540919971731,-0.0093988447170033
"ATTACTCCATAGGTTC-1_1",-0.0200256257331602,-0.00963289372409986
"ATTATCCGTGCGGATA-1_1",-0.0975066488637556,-0.00770997144885543
"ATTATCCTCAGAGCGA-1_1",-0.0595763153265013,0.0172288024106634
"ATTCAGGTCTAGCATG-1_1",0.0947462074057858,0.110633626169847
"ATTCATCCAGGCATGA-1_1",-0.0594909210963434,-0.00286893034674222
"ATTCATCTCCGTGCGA-1_1",0.00261241102260087,-0.0387041073047913
"ATTCCCGCAGAACATA-1_1",-0.100749022469289,-0.0165407383731578
"ATTCCTAGTGTCATTG-1_1",-0.00937403607792325,-0.0487662571603754
"ATTCCTATCAGGAAAT-1_1",-0.0802596205750645,0.0177187224348177
"ATTCGTTAGCCGTTAT-1_1",0.0142160307259464,-0.0760037052704709
"ATTCGTTGTACAGGTG-1_1",-0.046088302123516,0.0131924251162444
"ATTCTTGCACTCCTTG-1_1",-0.0554632335321485,0.00684761009472508
"ATTGGGTTCTACACTT-1_1",-0.0142217880820708,-0.012459810327402
"ATTGTTCGTCGTACTA-1_1",0.0117383682463684,-0.0550393261182126
"ATTGTTCGTCGTGGAA-1_1",0.00409569633818942,0.00120348107376657
"ATTTACCGTGAGAGGG-1_1",-0.0473770123509693,-0.0215638066260776
"ATTTACCGTTGGGCCT-1_1",0.027250068564499,-0.0133335770196915
"CAAAGAATCGCACGAC-1_1",-0.0270693787548592,0.00552435419000724
"CAACAACTCATCGGGC-1_1",-0.0647027575656197,-0.0231969239890354
"CAACCAACATCTCCCA-1_1",0.0610965135409192,0.0625345610745483
"CAACCAAGTGATCATC-1_1",-0.0540229245214887,0.00100412382512132
"CAACCTCCATTCTCCG-1_1",-0.0608827526537451,-0.0180998874228903
"CAACCTCGTCACTCAA-1_1",-0.0388328721757897,-0.020292733042069
"CAACCTCTCTTCTTCC-1_1",-0.00267276855702263,-0.0239669362924814
"CAACGGCAGTTACGAA-1_1",0.00607234181265629,-0.0314337388638634
"CAAGACTCAAATAGCA-1_1",-0.0717111824996197,0.00834985967328024
"CAAGACTTCAACCTTT-1_1",-0.0913981476238681,-0.00145742262131286
"CAAGAGGTCATGAGTC-1_1",-0.032810620291385,-0.00542585460174686
"CAAGCTACAACCGATT-1_1",-0.0378657319979748,-0.010005525107587
"CAAGCTATCAAACGTC-1_1",0.120129490394577,0.0892866030216634
"CAAGGGACAGTCGTTA-1_1",-0.0620261953929704,-0.0150473837732666
"CAAGGGAGTTTAGAGA-1_1",0.013124009436042,0.0063278927971351
"CAATACGCAGATTTCG-1_1",-0.0468122350612846,-0.00402766696671376
"CAATACGCATGCAGGA-1_1",-0.0960808447832937,0.000193446061436427
"CAATACGGTACTCCCT-1_1",0.0949964125574278,0.107306272499689
"CAATGACCAGTTCTAG-1_1",0.0576511767373432,0.0363232737762157
"CAATTTCTCATGAGAA-1_1",-0.0888442085390257,0.00644847199589863
"CACAACAAGCGTATGG-1_1",-0.0480033255661815,-0.0294660839526132
"CACAACAGTATGACAA-1_1",-0.0707421737037475,-0.0207556460746168
"CACACAACAATAACCC-1_1",-0.0819167686338186,-0.0225385329854281
"CACAGATCAGAAATTG-1_1",-0.0937573836173983,-0.0170622185620197
"CACAGATGTACATACC-1_1",0.0717188485158941,-0.0727974199816713
"CACAGATGTGTCGCTG-1_1",0.0548812805253963,0.0408698517908099
"CACAGATTCGGTGCAC-1_1",-0.0856019785651768,-0.00150095415114715
"CACAGATTCTTAGGAC-1_1",0.133269184643922,0.0917197743426938
"CACCGTTCAACACGAG-1_1",-0.080405164184671,0.0080725116924243
"CACGGGTAGGTTCTAC-1_1",0.0898001382713059,0.00799522458836547
"CACGTTCAGTCGTTAC-1_1",-0.100281293802776,-0.00664785559655803
"CACTAAGAGCCGCACT-1_1",-0.106558050708914,-0.0143054123360297
"CACTGAAAGGGTGGGA-1_1",-0.0355062641302948,-0.0158942161454704
"CACTGAAAGGTGTGAC-1_1",0.00772621384800091,-0.019686659461535
"CACTGAAAGTACAGAT-1_1",-0.034268126012755,-0.0193509289373531
"CACTGAAAGTGAATAC-1_1",-0.0436701664900322,-0.0198561740432015
"CACTGAACAGCGTTTA-1_1",-0.0453908715957166,-0.00665582776264107
"CACTGAATCATTGAGC-1_1",-0.0587682603562316,-0.0249749853710939
"CACTGGGAGTAACGTA-1_1",-0.0422763195862435,-0.0153472385331322
"CACTGGGGTGGTCCCA-1_1",0.0739279336280884,0.0423274922551152
"CACTGTCAGTCTAGAA-1_1",-0.102278644091027,-0.0189234890777188
"CAGATCACAGCGTAGA-1_1",0.0373309956719176,-0.0474381013605399
"CAGATTGGTAGTCCTA-1_1",-0.0906078082159994,-0.0275133336392567
"CAGCAATAGATGCTGG-1_1",0.0308680658135824,0.00461077511542857
"CAGCAATAGCACTAAA-1_1",-0.0272447501869455,-0.0144172936742497
"CAGCAATAGCATCTTG-1_1",-0.0132974782499291,-0.025436666247652
"CAGCAATGTTCCATTT-1_1",-0.100993116212306,-0.0209110554366032
"CAGCAATGTTGTCTAG-1_1",-0.00329595618089661,-0.0211253161584803
"CAGCAATTCATACGAC-1_1",0.141558086946153,0.132362537327509
"CAGCACGCACTGTTCC-1_1",-0.0993040431758775,-0.0104223886124493
"CAGCACGCATAGATGA-1_1",-0.147946114870542,8.97586175557887e-05
"CAGCAGCTCATACGGT-1_1",0.0249058958894759,-0.0362645404650584
"CAGCCAGCAGTCAGAG-1_1",-0.0461690834783632,-0.00183789409695665
"CAGCCAGTCACCTTGC-1_1",0.0244451433456469,-0.0389205108591086
"CAGCCAGTCGAGAATA-1_1",0.14223640324999,0.128934343467934
"CAGCGTGCATAACCCA-1_1",-0.0108215347915922,-0.00231512018732471
"CAGGCCAAGTCCCGAC-1_1",-0.0694326598887972,-0.0199676622011838
"CAGGGCTGTTCCACAA-1_1",-0.0361097914453739,-0.00594613117617378
"CAGGGCTTCACGTCCT-1_1",0.122023835662192,0.135602728232195
"CAGGTATAGGCCTTGC-1_1",-0.0631405539460421,0.00360550089522441
"CAGGTATTCGTCGCTT-1_1",-0.188707790597147,0.0028923828213367
"CAGTTAGGTGTAGCAG-1_1",-0.0285681564166922,-0.0238450399988879
"CAGTTAGTCATCGCCT-1_1",0.0244948428861807,-0.0406175366533357
"CAGTTCCGTCCATACA-1_1",-0.0716902019290438,-0.00198932526586451
"CATAAGCTCCGCGATG-1_1",-0.0224712612712241,-0.00462312211965454
"CATAAGCTCGGAATGG-1_1",-0.0377481100255838,0.000978508193830811
"CATAAGCTCTCTCGAC-1_1",-0.0740372786468048,-0.018935869439801
"CATACAGAGTCTCGTA-1_1",-0.0394052403411303,0.00935281337209905
"CATACAGAGTGGTTCT-1_1",-0.0918464777418626,0.000899508344739331
"CATACCCCATATCTCT-1_1",-0.0699952926280332,-0.0126386748881054
"CATACCCGTCGTGATT-1_1",0.00534240100858977,-0.0131053074661096
"CATACCCTCAAGTTGC-1_1",-0.0137630016557597,-0.00805215097713489
"CATACTTAGTGATAGT-1_1",-0.0746497007146886,-0.0299274824688526
"CATACTTCACACCAGC-1_1",0.0700507626298831,0.0430744151523112
"CATACTTGTCACTCAA-1_1",-0.0446216087124727,0.0152478887822264
"CATAGACGTCACCGAC-1_1",-0.0661363435016298,0.00553376910281874
"CATAGACGTTGACTGT-1_1",-0.0257400829657647,-0.0243684472676147
"CATCAAGCATCCAATG-1_1",-0.067702603680278,0.0184424224496696
"CATCAAGGTCAAGCCC-1_1",0.116089019687079,0.00411292804137338
"CATCCACTCTGCATAG-1_1",-0.0469167856597789,0.00636595790595093
"CATCCCACATCTTAGG-1_1",-0.194636150403783,0.0161874386356108
"CATCCCAGTCGATGCC-1_1",-0.00455810693002896,-0.0267273290742727
"CATCCGTCAAATGAAC-1_1",-0.151008449244283,-0.00261853216027775
"CATCGGGAGCCAAGCA-1_1",0.00169522451490138,-0.0279606884715211
"CATCGGGAGGGTCTTT-1_1",-0.0199320912478533,-0.0266589952682222
"CATCGGGCAAACTGCT-1_1",-0.0873588902284093,0.0243818249820341
"CATCGTCGTCGCTTGG-1_1",-0.0932210634420045,-0.00396541692005242
"CATGCAAAGGTCGAGT-1_1",0.063135089383573,-0.0574052656860148
"CATGCAATCCTACGAA-1_1",-0.0158540335539509,-0.024408871558746
"CATGCCTAGTCGGCAA-1_1",0.0076783999954866,0.0236488719403004
"CATGCCTGTCGCACGT-1_1",0.165412884926403,0.162372773427057
"CATGCGGAGCTACTAC-1_1",-0.00719046644650337,-0.0237052297299805
"CATGCGGAGTTGTACC-1_1",0.00328796638688328,-0.0200257790575523
"CATGCGGTCCAAAGGG-1_1",0.0785457628574973,0.0793917883376175
"CATGGATCAGTATGAA-1_1",0.0996398748703973,0.141263897323341
"CATGGTAAGACAGCGT-1_1",-0.0715320348944454,0.00602468253551288
"CATGGTACAGGAGACT-1_1",-0.0543075930137774,-0.0294725897435843
"CATGGTACATGGAGAC-1_1",-0.036733883939452,-0.0147082007528792
"CATTCATCACTTGTGA-1_1",-0.0343490653971915,-0.0226366417162495
"CATTCATCAGTAGATA-1_1",-0.0856250476718615,-0.0114055874682614
"CATTCCGTCAGCATTG-1_1",-0.0512157938725426,-0.00318069196774547
"CATTCTACACTTGGGC-1_1",-0.028081523798109,-0.0214373162326546
"CATTCTACAGGGACTA-1_1",0.12292764405368,0.0894419218766939
"CATTCTAGTGCGTCGT-1_1",-0.0923482222903314,-0.037916716297709
"CATTCTATCACCTTAT-1_1",0.021424468177974,0.0291597775419203
"CATTGAGAGCAGTCTT-1_1",-0.0781371619529601,0.0276475306963987
"CATTGCCGTATACAGA-1_1",-0.0106620091043007,-0.0148870096371578
"CATTGCCGTTTCGACA-1_1",0.0449338331960883,0.0602072705905106
"CATTGCCTCTTTGCTA-1_1",-0.083922095226347,0.00459214612950503
"CATTTCACATTGACTG-1_1",-0.0172338462803642,-0.00902371418641348
"CCAAGCGAGGCTGAAC-1_1",-0.0510855178407805,-0.0176520204833026
"CCAAGCGAGTATGGCG-1_1",-0.0501593187721868,0.000212633454569863
"CCAAGCGCACTTCCTG-1_1",-0.0161954774324599,0.0293204103184237
"CCAAGCGGTCGTTTCC-1_1",-0.0737586211960053,-0.00280180035790305
"CCAATTTGTGCTGATT-1_1",-0.0823361196798306,-0.00661209828009346
"CCAATTTGTTCGAAGG-1_1",-0.0102424497909287,0.0112558121510063
"CCAATTTTCGCAGTGC-1_1",-0.0454050191758086,-0.0130455001012123
"CCACAAACAAATCAGA-1_1",0.0116043257173923,-0.0389131790994257
"CCACAAAGTACACGTT-1_1",-0.0519446950311572,-0.0108728911818871
"CCACAAATCACCCTGT-1_1",0.0313205267464797,0.0593267840181226
"CCACAAATCAGGGTAG-1_1",0.057479627038486,0.0715116760795136
"CCACAAATCGGCTATA-1_1",-0.0240219159176373,-0.0250804878660423
"CCACCATCAGGCGATA-1_1",-0.0604867352091804,-0.00269499208253163
"CCACCATCATCTAGAC-1_1",-0.0459346808142383,0.00896725865537158
"CCACCATGTGCTGTCG-1_1",-0.0720238836612513,-0.0234270163125604
"CCACGAGGTCTGTTAG-1_1",-0.0819844792158915,0.000609230160957359
"CCACTTGTCTCAGAAC-1_1",0.0065608395738112,0.0169838956232848
"CCACTTGTCTCCGCAT-1_1",-0.0666882768898312,0.03104030245514
"CCATAAGGTACTTCCC-1_1",-0.020273299654615,-0.00761751280433865
"CCATAAGGTCGCAGTC-1_1",0.0284027593234085,-0.0168996498075718
"CCATAAGTCGCATTGA-1_1",-0.0543189070949503,0.0109371274024867
"CCCAACTCAGCAGGAT-1_1",-0.0453080590464852,-0.0142483686172033
"CCCAACTGTAGCGTAG-1_1",-0.0277759514618618,-0.00693077901074869
"CCCATTGAGGACAGTC-1_1",-0.0492432791902177,-0.0032957212870779
"CCCGAAGAGGGTTGCA-1_1",-0.0683868792804336,0.00682209699020752
"CCCGGAAGTGATTGGG-1_1",0.0503844521794428,0.0450102029090592
"CCCTAACAGGCTCAAG-1_1",-0.124715205789973,-0.0231917158145229
"CCCTAACAGTATAGAC-1_1",0.00446022995888456,-0.0240926410033291
"CCCTAACTCATACGAC-1_1",0.00713849569047305,-0.0412312599239015
"CCCTCAACATTGTCGA-1_1",0.000354500674912957,-0.000957767040062562
"CCCTCTCCACAAAGCG-1_1",0.0744991991513417,-0.0733896514980648
"CCCTCTCCAGACCATT-1_1",0.009716388285262,0.0306439579802477
"CCCTCTCCAGCTGTAT-1_1",-0.0286083834247882,-0.0432412007460676
"CCCTTAGCAACCCGCA-1_1",-0.0466669265121167,-0.00280074407274927
"CCCTTAGGTCTACTGA-1_1",-0.031597278659218,-0.0158534869071694
"CCCTTAGTCCTCGCAT-1_1",0.0892221172019252,0.0131217110876839
"CCGAACGCATCGGAGA-1_1",-0.126102325863824,-0.00482125120755435
"CCGATGGAGCCTAGGA-1_1",0.0729395814056196,0.0633816319055314
"CCGATGGCACAAACGG-1_1",-0.0667360123936183,-0.00394157148422488
"CCGGACACACAACCGC-1_1",0.00260727279640021,-0.0233390933239956
"CCGGACACATCCTCAC-1_1",0.0631814974441675,-0.0601480284170947
"CCGGTGAGTATAGGGC-1_1",0.0114910073625232,-0.019908536162153
"CCGTAGGGTATACCCA-1_1",-0.0172023087341463,-0.00780985105401289
"CCGTGAGGTATCAAGA-1_1",-0.059227616832622,0.000244350478586737
"CCGTGAGGTGTAGCAG-1_1",0.0136177561000668,-0.00493050514271519
"CCGTTCAAGACCTCAT-1_1",-0.0143321822407108,-0.0177396740485267
"CCGTTCACACTGGACC-1_1",-0.000693005800915423,-0.00908084534732509
"CCGTTCATCGTTCCCA-1_1",0.021996253558699,-0.00774019605869139
"CCTAACCAGCGAGTCA-1_1",-0.0993417474625334,0.00223300649315309
"CCTAACCTCCTCTCGA-1_1",-0.0559517009943798,-0.0173292783261458
"CCTAAGAAGCCATGCC-1_1",-0.0655955368287112,-0.0107083162338026
"CCTAAGAGTTACTCAG-1_1",-0.0271671728436984,-0.0158722795202384
"CCTACGTCAGTCGCTG-1_1",-0.100925315134588,-0.00372894577880597
"CCTATCGTCGACCCAG-1_1",0.00488906288629581,-0.0287588071588629
"CCTCAACTCCAAAGGG-1_1",-0.0184774780933287,-0.00855987311283005
"CCTCACACAACCACGC-1_1",-0.0592710672341941,0.0138138977020369
"CCTCACACACAGTATC-1_1",-0.0377150301478414,0.00362433081356784
"CCTCAGTTCGCAATTG-1_1",0.126287491607306,0.129094462682714
"CCTCATGCATTGTGCA-1_1",-0.151637121642092,-0.0021156411375262
"CCTCCTCTCCGGCAAC-1_1",-0.00553085201845602,-0.0233837075973897
"CCTCCTCTCGTGGCTG-1_1",0.0132710363336803,0.0304224671578699
"CCTCTAGAGGTGGTTG-1_1",0.0358409090053246,0.0454925722814155
"CCTCTAGCATCGAGCC-1_1",-0.0381490890997287,-0.0191852654096296
"CCTCTCCAGGTAGTAT-1_1",-0.0292516690776061,-0.033632815053663
"CCTCTCCGTATACGGG-1_1",-0.0166953586328931,0.0109984769955233
"CCTTCAGAGGGAGTTC-1_1",-0.0612244697145166,-0.00477896254804687
"CCTTCAGCAACCGACC-1_1",-0.0147324449670447,-0.00593759728230435
"CCTTCAGTCAGGAAAT-1_1",0.00452327275651723,0.00315516461126925
"CCTTCAGTCTGTCAGA-1_1",0.0156091772052552,-0.09415056655805
"CGAAGGACAACTTCTT-1_1",-0.0684005411325535,-0.00142513795136071
"CGAAGTTGTAGTCCTA-1_1",-0.0435570416238528,-0.0266683933861567
"CGAATTGCAATGCAGG-1_1",-0.00348236342538444,-0.0197252826379616
"CGAGAAGAGTCAACAA-1_1",-0.0598925512216862,-0.0120755223531798
"CGAGGAACAGTGTACT-1_1",-0.0551849379629361,-0.0227331671604211
"CGAGGCTGTTACCTTT-1_1",-0.00705764062966203,-0.0156767429619183
"CGAGTGCAGCTACGTT-1_1",-0.0588443381131109,-0.045540713659563
"CGAGTTAAGTATTGCC-1_1",-0.0783815107737561,0.0108985967334608
"CGAGTTACATACTGTG-1_1",-0.0496108225299198,0.0151065237454596
"CGAGTTATCGATCCCT-1_1",0.0287597813655863,0.0614770173911144
"CGATCGGCATGACTAC-1_1",0.0675824233155462,0.0545754019041069
"CGATGCGCAACGACAG-1_1",-0.00194704461365725,-0.0270047621023652
"CGCATGGCAGTATGAA-1_1",-0.0939734461408294,0.00337509446151306
"CGCATGGGTCTCAGGC-1_1",0.0258026292062755,-0.10518219538583
"CGCCAGATCCTCATAT-1_1",0.0137258462026206,-0.00819761390310715
"CGCCATTTCCAAACCA-1_1",-0.0400572777753276,-0.0178074458723446
"CGCCATTTCCCATGGG-1_1",-0.0696392041877043,0.0103984194117909
"CGCGTGACAACCGCTG-1_1",0.0264395990407122,0.0380620799308778
"CGCGTGAGTAGCTTGT-1_1",-0.0609241557469793,-0.000454360403041326
"CGCGTGAGTGGATTTC-1_1",0.0603800365680197,0.0513563257512345
"CGCGTGAGTGTGCCTG-1_1",-0.0571002494113573,0.0300278404648594
"CGGAACCAGTGATAAC-1_1",0.00802986514608594,-0.0368575807991352
"CGGAACCGTAGCGAGT-1_1",-0.00857534720969565,-0.0261903733290966
"CGGACACGTATGAGAT-1_1",0.0188268090859956,-0.0411099501065655
"CGGAGAAAGCAATAGT-1_1",0.093706431091978,0.071489783957524
"CGGAGAAAGCGTGTCC-1_1",0.0453306388970157,-0.0479626003669855
"CGGAGAATCAAATGCC-1_1",-0.0370511549353687,0.00807807180877107
"CGGCAGTTCAAGAGTA-1_1",-0.0291798938570812,0.0455873981593354
"CGGGACTAGCGTATAA-1_1",-0.0251588796286242,0.0085925862128162
"CGGGACTGTCTTGTCC-1_1",0.000747611987338254,-0.0186750518604394
"CGGGACTGTTAATCGC-1_1",0.0196940985107584,0.0187463208586928
"CGGGCATAGCCATTGT-1_1",-0.0704702846917727,0.0183947908204781
"CGGGCATCACTACAGT-1_1",-0.08709867809942,-0.0218125966149941
"CGGGCATTCCTTCGAC-1_1",0.193213290523707,0.2822965346274
"CGGGTCAAGTCTCTGA-1_1",-0.0487754031943244,-0.0192505222497333
"CGGGTGTAGTTCCAGT-1_1",-0.146382248265935,0.0115729385259017
"CGGGTGTTCATTCATC-1_1",-0.0655578141016301,-0.0255225115879855
"CGGTCAGGTCGTGGTC-1_1",-0.103655022171221,-0.00917162337143963
"CGGTCAGGTCTAGATC-1_1",0.03614235383236,-0.0449329265297042
"CGTAAGTCAACCGGAA-1_1",-0.0186467507875041,-0.0261612610100263
"CGTAAGTTCTGATGGT-1_1",-0.0368871063064987,-0.0129035402654538
"CGTAATGCACGACGAA-1_1",-0.0400811169362862,-0.00991698482139172
"CGTCAAACAGTCGGTC-1_1",0.0232049838800091,0.0225996390515962
"CGTCAAATCGCTGTTC-1_1",-0.0926807841298774,0.000567800754364413
"CGTCCATAGGCTTAGG-1_1",-0.0142358111024563,0.0113611878761183
"CGTGAATGTGCGTCGT-1_1",-0.0734616941450418,0.00432915129503411
"CGTGAATTCACTGGTA-1_1",-0.0561664643201815,-0.00269084978767639
"CGTGAATTCCATAGGT-1_1",-0.0545286399397949,-0.0080764245381426
"CGTGAATTCGATAACC-1_1",0.0145447802298734,-0.0423618294089616
"CGTGATAAGCAAACAT-1_1",0.0190815284995387,-0.0171163274262903
"CGTGCTTAGGGACAGG-1_1",-0.08576714478003,-0.00292326173559504
"CGTGTCTGTCCTACGG-1_1",-0.0686708998378585,-0.021475081291561
"CGTTAGAAGTGCACCC-1_1",-0.031590200635686,-0.00302620255252733
"CGTTAGACACTCCTTG-1_1",-0.0143248420160212,0.00197401657624168
"CGTTAGAGTCTGATAC-1_1",0.0271420584702739,-0.0260128938678673
"CGTTGGGAGTGTACAA-1_1",-0.00120201281043827,-0.0213714736454202
"CGTTGGGGTACCTTCC-1_1",0.037994181355241,-0.0431459215489759
"CTAACCCCAGCCGGTT-1_1",-0.109143458169227,0.00180813412058128
"CTACAGACAAAGCGTG-1_1",0.0888656564390508,0.0299916209325598
"CTACAGATCTCCTGTG-1_1",0.176133350533193,0.273509742675707
"CTACATTCAGGAGGAG-1_1",0.00915557468206928,0.0183108868610845
"CTACATTTCCGTGCGA-1_1",-0.00876966454128983,-0.0248971240378916
"CTACCCACAACCCTCT-1_1",-0.0597160350699649,-0.0125586798426016
"CTACCCACATGAAAGT-1_1",0.000657250463658271,-0.0308462799655992
"CTACCCATCCGTGGCA-1_1",-0.0189070911879552,-0.0101508165157503
"CTACTATTCAGCTGTA-1_1",-0.054926224825552,-0.00388257213244798
"CTAGGTAAGTGGTTGG-1_1",-0.0453250151461277,-0.0115190241693017
"CTAGGTATCAAGTCGT-1_1",-0.0498149669354577,-0.0243729505002158
"CTATAGGCACCTGCTT-1_1",-0.00196418766175587,0.0415702427218866
"CTATCCGAGCTGCCAC-1_1",-0.0291339138528005,-0.0083052038362226
"CTATCCGCAATCGCAT-1_1",0.0229309858616841,-0.0185022249716964
"CTATCCGGTCTCACGG-1_1",-0.0854388527642331,-0.0186116755874261
"CTATCTAAGGAACTCG-1_1",-0.101820770777087,-0.0120931566808092
"CTATCTACAGCCATTA-1_1",-0.0486173476369104,-0.0204477675323034
"CTATCTAGTAAGTTGA-1_1",-0.0111385313688514,-0.00318163733957349
"CTATCTAGTAGGCTGA-1_1",-0.0902466697377935,0.00064511633110994
"CTATCTATCACCACAA-1_1",-0.0565408254181025,-0.00317455358411001
"CTATCTATCGATTCCC-1_1",-0.0260170858320224,-0.0212468635776006
"CTCAACCAGGATTTGA-1_1",-0.0778614554404999,-0.0098523015417761
"CTCAACCTCACGGGCT-1_1",-0.00841431318150697,-0.017488961155912
"CTCAAGAAGTATTAGG-1_1",-0.0191153910735974,-0.0199455493619936
"CTCAAGACAGCAGTAG-1_1",-0.0563079713795407,-0.0276259945442827
"CTCAAGACATGGGATG-1_1",0.196768258183129,0.290823222616489
"CTCAAGACATGGTGGA-1_1",0.04457025399549,0.0418776573811349
"CTCAATTAGCGGGTTA-1_1",-0.0542300874083986,0.00473345887502452
"CTCAATTTCGGTCTAA-1_1",0.0741855427783738,-0.0865519002725442
"CTCAGAAAGCGAATGC-1_1",-0.0615549949466802,-0.0384465243509207
"CTCATCGAGGTCGTGA-1_1",-0.0637906120174184,-0.00648241870956944
"CTCATCGCAATACGCT-1_1",-0.0671183328678155,-0.0156180797903358
"CTCATGCAGTTCCATG-1_1",0.00961829131355186,0.0517525462901763
"CTCATTAGTACTCCGG-1_1",-0.0585978739151975,-0.0120865322095883
"CTCATTATCCATTGCC-1_1",-0.0590939538234068,-0.0214664124318273
"CTCCAACTCCTCTGCA-1_1",-0.0335923662960583,-0.0117861697334107
"CTCCAACTCTTCGCTG-1_1",-0.0207797908092741,-0.0182689261308798
"CTCCACACATTCATCT-1_1",-0.185524704029572,0.0173356631494977
"CTCCATGCAAGGTACG-1_1",-0.0119331229141821,-0.0248651828140594
"CTCCATGTCTTGGATG-1_1",-0.111078777447383,-0.0150152251680528
"CTCCCAATCATACGGT-1_1",0.0302859592413437,0.0227806726797276
"CTCCCTCCATAATCGC-1_1",-0.0629153365210665,-0.0717609606696033
"CTCCCTCTCGTTCCCA-1_1",-0.0504619403182448,-0.0157495543863401
"CTCCGATAGATTGATG-1_1",0.0278019455883878,-0.0307517897253455
"CTCCGATGTGACGCCT-1_1",-0.0701839408180122,0.0117218441644078
"CTCCTTTCATTGTCGA-1_1",-0.0254984849778617,-0.00928649093451261
"CTCCTTTTCGCAGTCG-1_1",-0.0816161239373746,-0.0218426809251542
"CTCTCAGCAAAGCACG-1_1",0.017047556901767,-0.0466364587726554
"CTCTCAGGTCTCTCAC-1_1",0.101136459517211,0.0948184860135948
"CTCTCGAAGAGCCGAT-1_1",-0.0373336378837641,-0.00295895419754535
"CTGAATGCAACCTATG-1_1",-0.0638983124430117,0.0115838618860394
"CTGAATGCACGCGCTA-1_1",-0.0305675169755999,-0.00837791744964772
"CTGAATGCAGTGGTGA-1_1",-0.0466636184665528,0.0241208072541577
"CTGAATGTCACAATGC-1_1",-0.0552202620662836,0.0102809225600842
"CTGAGGCCAAAGGGCT-1_1",-0.0705430163230391,0.00630420601856026
"CTGAGGCCAGGCACTC-1_1",0.0285447301621352,0.0413678288610306
"CTGAGGCCAGTTAGAA-1_1",0.00500288381764809,0.000144249526634103
"CTGAGGCGTCGCCACA-1_1",0.0397941311167489,0.0202299413019793
"CTGATCCGTTCCAAAC-1_1",-0.0355595767375737,0.0144898160849218
"CTGCAGGGTCGATTTG-1_1",-0.0221104986655822,-0.0195032004935593
"CTGCAGGTCGCTTGCT-1_1",-0.0437037747900164,-0.0293077861358879
"CTGCATCAGGCACTCC-1_1",0.0179675540686004,-0.12666456708352
"CTGCATCCACAGTGAG-1_1",0.17813792599051,0.299971057211072
"CTGCATCGTAAGATCA-1_1",0.0200854731896556,0.00301930241114854
"CTGCATCTCCTAAGTG-1_1",-0.0050513046883014,-0.0167625027647002
"CTGCATCTCGTCTACC-1_1",0.204544518011754,0.277426699526536
"CTGCCTAAGGTCGACA-1_1",-0.050672495395262,-0.0139065573270795
"CTGCCTAAGTCTGCGC-1_1",-0.0731652375010478,-0.0208679649186878
"CTGCCTAGTATCGCTA-1_1",0.177112638486549,0.225410166663968
"CTGCGAGCATTCACAG-1_1",-0.00986966367856145,-0.00851064895678008
"CTGCGAGGTTGAGGAC-1_1",0.0586154553700231,0.0235224461682416
"CTGCTCAAGACATACA-1_1",-0.0514610295691748,-0.0211540153263151
"CTGGTCTAGGGAGATA-1_1",0.0468500719453251,-0.0553937206645948
"CTGGTCTTCGTGCGAC-1_1",-0.0638602315056216,0.00282054227846999
"CTGTACCGTCTTGAGT-1_1",0.117756904540701,0.0806080536988819
"CTGTAGACAATACGCT-1_1",0.112153510578537,0.10498476422689
"CTGTATTAGTCTGTAC-1_1",-0.00861680505590154,-0.00831947681723848
"CTGTATTGTAACATGA-1_1",-0.0372020227707783,-0.00619627836145433
"CTGTATTTCGCATTAG-1_1",0.0177827725583962,-0.0165193635873897
"CTGTCGTTCTAAACGC-1_1",0.0416557488921818,0.048066404911743
"CTGTGGGAGGTTTACC-1_1",-0.0504037212628311,-0.0117466922588786
"CTGTGGGGTCTACAGT-1_1",-0.103526202413965,-0.00640287743545316
"CTGTGGGGTCTGCAAT-1_1",0.016667125434021,-0.0245081792127899
"CTTAGGAAGTGCGACA-1_1",0.0084822457553903,-0.0338524264365042
"CTTAGGATCGCGCTGA-1_1",-0.0260336714923102,-0.00566149748703573
"CTTCAATGTGCAATGG-1_1",-0.0777041592014792,-0.0340203195015175
"CTTCAATTCTCTAGGA-1_1",-0.0876730188149587,-0.0194216828671154
"CTTCTAATCATCTATC-1_1",0.0591852361312206,-0.142082002758168
"CTTCTCTCAGTTGAAA-1_1",0.000215326787232781,-0.00720093900762193
"CTTCTCTCATACCAGT-1_1",-0.0626891328142752,0.00419616282494595
"CTTCTCTCATGGGATG-1_1",-0.0831925422640429,0.00284937667336055
"CTTCTCTTCGGTGCAC-1_1",-0.019940462689368,-0.0174097980656492
"CTTGAGAAGGTCGTCC-1_1",0.0111120776572743,-0.0220411969409777
"CTTGAGAAGGTGCGAT-1_1",-0.0420342068822894,-0.0140790771811531
"CTTGATTAGATGCCGA-1_1",-0.0823869656039159,0.0144520775892454
"CTTGATTTCTCTATAC-1_1",-0.0611243211861016,-0.00836696539568368
"CTTTCAAGTTCGGGTC-1_1",-0.0856595828100425,-0.0891822073466381
"GAAACCTGTACGGGAT-1_1",0.0285945396909458,-0.0388026021655014
"GAAATGAGTATGATCC-1_1",-0.0616492628632728,-0.00341730652585554
"GAAATGAGTATGTGTC-1_1",-0.0554374697261363,-0.0241901052376585
"GAACGTTGTACGTAGG-1_1",-0.0776627269662629,0.006031527370009
"GAACGTTGTGAGTCAG-1_1",-0.0563262118180656,-0.0217866780934793
"GAACGTTTCCCGAGGT-1_1",-0.0553346267720836,-0.00491251715175516
"GAACTGTGTATGTCTG-1_1",0.0373540510746893,0.0186336312682441
"GAAGAATGTAATACCC-1_1",-0.053995677151625,0.0298609901100903
"GAAGCCCAGTATTGCC-1_1",-0.0136294445396111,-0.00465324922246327
"GAAGCCCTCGCAGTGC-1_1",0.0558576830241898,-0.0540517048782738
"GAAGCGAAGCGACATG-1_1",-0.103380885283178,-0.0118704218898448
"GAAGCGATCGAACACT-1_1",-0.0628377292338197,0.0131970981674161
"GAAGTAAAGGCGAACT-1_1",-0.0825217706640833,0.0151901098511713
"GAAGTAAGTCCTCAGG-1_1",0.00899283917710922,-0.0211895043286624
"GAATAGACAGACAATA-1_1",-0.109680870934479,0.00354400583704069
"GAATCGTGTTGTGTAC-1_1",-0.100753554918013,-0.0120031665694232
"GACACGCCACAGCATT-1_1",0.0161187930223176,0.00308982907066284
"GACACGCCAGGACTTT-1_1",0.0428238586342193,-0.00578121051193057
"GACAGCCCACTACAGT-1_1",0.0752842750987301,0.0701638376652659
"GACATCATCCTAAACG-1_1",-0.0711460505562353,-0.00445078641024023
"GACATCATCGCGTTTC-1_1",-0.0230615779878739,-0.0108593646940284
"GACCAATCATTGAGCT-1_1",-0.00645075967445133,-0.0299503936988838
"GACCAATGTTTACGTG-1_1",0.0948415253883064,0.0853114942915742
"GACCCAGTCATCGACA-1_1",0.114546380244188,0.103315466481075
"GACCCTTGTCAAAGAT-1_1",0.00344014254151851,-0.023050823777395
"GACCCTTTCCTAAACG-1_1",-0.0355072227286386,-0.0272832332000783
"GACCGTGCAGCCGGTT-1_1",-0.00750393677730009,-0.0252184459207426
"GACCGTGGTGCCGTAC-1_1",-0.0917884704478963,-0.0183363958640277
"GACCTTCTCAGACCCG-1_1",0.0463685440102861,0.00991078067411144
"GACCTTCTCATTACGG-1_1",-0.0566168238378095,-0.0098480871217114
"GACGCTGAGCTTGTTG-1_1",-0.0762999763290511,0.0109767286272175
"GACGCTGCAACACTAC-1_1",-0.0413659507432122,0.0370785909957255
"GACGCTGCATATTCGG-1_1",-0.0942123299052084,-0.0031823945243394
"GACTATGCAACGTAAA-1_1",-0.0323270627166741,-0.0309591687654736
"GACTATGCAAGTACCT-1_1",-0.201609527120321,0.0252227985056296
"GACTCTCAGATTGCGG-1_1",-0.0570022882237434,-0.0138961198529491
"GACTCTCAGCCTGAAG-1_1",-0.0542761937197551,-0.073048711327537
"GACTCTCCAACCGTGC-1_1",-0.0585920611546734,-0.00897086659590132
"GACTCTCGTAACGGTG-1_1",-0.0364913929940601,-0.00927970345857577
"GACTGATAGACTGAGC-1_1",0.00175631154181388,-0.00834472049180934
"GACTGATTCAGTGTCA-1_1",0.0155514845582719,0.00390730781357416
"GACTGATTCTGAGATC-1_1",-0.00880184630734023,0.0241250348922877
"GAGAAATCACAAGCCC-1_1",-0.0213517018978949,-0.0164495357633356
"GAGACTTAGCATTGAA-1_1",0.0696656802674225,-0.0624406305702491
"GAGACTTGTGGCACTC-1_1",0.140077837022378,0.114595352054966
"GAGAGGTAGATAACAC-1_1",0.0624591654843742,0.0209431955217755
"GAGATGGGTGGTCCGT-1_1",0.00502681785978804,0.0144656994479445
"GAGCTGCAGGTCGTCC-1_1",0.0312255536642185,-0.0476779858702417
"GAGCTGCCACGCAGTC-1_1",-0.0398812858732736,-0.0772599137694577
"GAGCTGCCATACGCAT-1_1",-0.0216684696155563,-0.0198557768791833
"GAGGCAAAGTGCAAAT-1_1",-0.100745551100434,0.00618234693647232
"GAGGCCTTCGTGTGGC-1_1",-0.0691765864673776,-0.0132299495056096
"GAGGGATAGTATGGCG-1_1",0.000709401736606877,-0.00915679209164107
"GAGGGTAGTGCATGTT-1_1",-0.0409259145205924,-0.0116139452452109
"GAGTCATTCCTTGAAG-1_1",-0.0576629165461548,0.00151191281737906
"GAGTCTACATAGAAAC-1_1",-0.00542984474870235,-0.123889773955998
"GAGTGAGAGAACGTGC-1_1",-0.0506195088732928,0.0052227803866173
"GAGTTACGTAGTTACC-1_1",-0.0600758759698555,-0.00325588793507361
"GAGTTTGAGACTGAGC-1_1",-0.0448241997726502,-0.00428626865587644
"GATAGAATCTCATTTG-1_1",0.0286523566746313,-0.0123094801909662
"GATAGCTCACACCTAA-1_1",-0.0913750237564564,-0.00969571646555382
"GATAGCTGTTGCATTG-1_1",-0.00763661287451184,-0.00786460290348889
"GATCACAAGAAGTATC-1_1",-0.0442474630233413,-0.0186825875410997
"GATCAGTTCGGCTCTT-1_1",-0.0717653871072226,-0.0212195741190991
"GATCATGCATCACGGC-1_1",-0.123991964892016,0.00746505402771422
"GATCCCTAGACGAGCT-1_1",-0.00439914480471395,-0.0110952403817752
"GATCCCTCATGCCGGT-1_1",0.223218477762982,0.247516219637008
"GATCCCTGTACATACC-1_1",0.0856318655763311,-0.0102443387705257
"GATCCCTGTGTGTGTT-1_1",0.0228227207961118,-0.0268350812719819
"GATGAGGTCAAGGTGG-1_1",-0.103516157991255,-0.0103916884812284
"GATGCTAAGTCGGCCT-1_1",-0.0632057288631877,0.000908756759034948
"GATGCTACACCAAAGG-1_1",0.0261939268549613,-0.0285955307820702
"GATGGAGAGAGTCTGG-1_1",-0.0533948928209313,-0.0162426753899821
"GATGGAGCAATGCAGG-1_1",-0.0618903690616933,0.0155134910019075
"GATGGAGGTACTGCGC-1_1",-0.0429969694888374,-0.0182310787513401
"GATGTTGTCCCGAGGT-1_1",-0.0961704305091456,-0.0244105798572153
"GATTCGACAATTGCGT-1_1",0.0255148718764469,-0.0261196715474159
"GATTCTTGTGCAACAG-1_1",-0.0658288564899754,0.0300428197786483
"GATTGGTCAAATACAG-1_1",-0.0872636811400553,-0.0224876598927894
"GATTGGTCACAATGTC-1_1",-0.0867567759911595,0.00705775128416818
"GCACATATCCTACACC-1_1",-0.0380245449114651,0.0135229815481772
"GCACGTGAGTGCCGAA-1_1",-0.0178933660273451,-0.00825960757076225
"GCACGTGTCACCCTTG-1_1",-0.0384302736673681,-0.0281675321396375
"GCACGTGTCGTTACCC-1_1",0.108312850648445,0.0727039825167362
"GCACGTGTCTTCTGGC-1_1",-0.0569387619735622,-0.02194842184717
"GCACTAAAGCTCGACC-1_1",-0.0126573568954465,-0.0117586436614599
"GCAGCCAAGTCGCTAT-1_1",-0.0686053075948614,0.000753591977883563
"GCAGCTGGTGGTAATA-1_1",-0.0728058704958489,-0.0213921640917891
"GCAGCTGTCGTCTAAG-1_1",0.000853762556149055,-0.0299872298310039
"GCAGGCTTCCCATTCG-1_1",0.00951877753422612,-0.0188161599337203
"GCAGGCTTCGACGAGA-1_1",-0.0984826255418717,0.0100933633095241
"GCAGGCTTCTGTCGCT-1_1",-0.0356174090909274,-0.0132165436977631
"GCATCGGAGGAGAGTA-1_1",-0.0670323119985025,-0.00825870632616572
"GCATCGGAGTCACACT-1_1",-0.084715303342632,0.0101612835072555
"GCATCGGTCAGACATC-1_1",-0.0391710140441418,-0.0140401357657322
"GCATCTCCACATAGCT-1_1",0.0461330194290448,0.00857115220546103
"GCATCTCCAGGTGTGA-1_1",-0.0366312722082606,-0.00297175517160394
"GCATCTCGTTCTAACG-1_1",0.0460251992141126,0.0185955255511277
"GCATTAGTCGCATAGT-1_1",-0.0154173359870066,-0.0180706646885696
"GCCAACGAGCGTTCAT-1_1",-0.0400398326251351,-0.0262560685872557
"GCCAACGCACTGTGTA-1_1",-0.0266226717846738,-0.00696175105378105
"GCCAACGTCCTATGGA-1_1",-0.0433306974301501,-0.00932398944375276
"GCCAGCAAGACGACTG-1_1",-0.0312124686645779,-0.00969145543724969
"GCCAGCACATAGGTTC-1_1",-0.0697806193088761,0.0160701438454329
"GCCAGCACATCGCTCT-1_1",-0.0332025248280813,-0.000182223627639192
"GCCAGGTAGGTCGTGA-1_1",-0.0691223621530735,0.00726441692136248
"GCCAGGTTCATGACAC-1_1",-0.0341820635648019,-0.0178213670847502
"GCCAGTGTCTATTCGT-1_1",-0.0449378834774962,-0.0180473522234568
"GCCGATGCACGCTGCA-1_1",-0.0419449690206891,0.0111018536688522
"GCCTGTTAGGATCATA-1_1",0.0182748580563186,-0.0229765277694537
"GCCTGTTCATGGTGGA-1_1",-0.042946640463719,-0.0269880997035059
"GCGAGAACAGCTGGTC-1_1",-0.00151325766158253,-0.0235734128743188
"GCGAGAATCTTTCAGT-1_1",-0.0134790364112564,-0.0262839842610481
"GCGATCGAGAGAGAAC-1_1",-0.0803194614448392,0.00437039219536892
"GCGGATCAGCGAGTAC-1_1",-0.0711142899188745,-0.0335059025865405
"GCGGATCAGGCCCACT-1_1",-0.048041338116152,-0.0100773422410395
"GCGGATCCACAACGTT-1_1",-0.051908173728805,-0.0254275757690727
"GCGGATCTCCAATCCC-1_1",0.0396953577312233,0.0306386312225043
"GCGTTTCAGGTGCTGA-1_1",-0.000986246621762491,0.0125544640725277
"GCTACAAAGTACTCGT-1_1",-0.125768290825281,-0.000574911602152317
"GCTACAATCACGAACT-1_1",0.0275137054362094,0.0631794180269087
"GCTACCTCAGCTATTG-1_1",-0.0763544659502515,-0.0111228807541253
"GCTGAATAGCGCACAA-1_1",0.0386628428878631,-0.0351596816440462
"GCTGCAGGTCTGTCCT-1_1",-0.0447991136065091,0.0220241571402936
"GCTGCAGGTGTGGTCC-1_1",-0.0866980940185194,-0.00481607045874188
"GCTGCAGTCTCATTTG-1_1",-0.0565996342428079,-0.00864714587336054
"GCTTCACTCCTATTTG-1_1",-0.0823690180889286,-0.023750394278368
"GCTTGGGGTCCCAAAT-1_1",-0.0415548726890669,-0.0103729518873366
"GCTTTCGTCGCTCTCA-1_1",-0.127305945435693,0.0127308232853527
"GGAACCCGTACTTCCC-1_1",0.0266052461759571,0.00369718122407217
"GGAAGTGCACAACCGC-1_1",-0.0614481904317206,-0.0185434709430416
"GGAAGTGTCCCTCGTA-1_1",-0.0805043771482587,0.00316668886807271
"GGAATGGCACTGGCCA-1_1",-0.0424751544114286,-0.0188626700972264
"GGACGTCCAACACACT-1_1",-0.0951382511219014,0.00838896904978003
"GGAGAACAGAGAGCGG-1_1",-0.0211939212720755,-0.0400456691610205
"GGAGAACCACCCTAAA-1_1",0.0815713350450826,-0.00910915794607001
"GGAGATGGTAATGCTC-1_1",-0.0677399022282095,0.0237835350410034
"GGAGATGTCAACTTTC-1_1",0.0680024032570187,0.0693132849974358
"GGAGCAAAGCTCCATA-1_1",0.0329360213778417,0.00549179938504719
"GGAGGATAGACGGTTG-1_1",-0.0820045787782065,-0.0217664320138237
"GGAGGTATCATTTGTC-1_1",-0.0209234607205621,-0.0108635723504598
"GGATCTAAGATTAGCA-1_1",-0.0394303235271918,0.0260126151331401
"GGATCTAGTAGAATGT-1_1",0.199207218375753,0.263654222236719
"GGATCTAGTGCAATGG-1_1",0.0384865488499257,-0.0361545138120401
"GGATGTTAGGATTCAA-1_1",-0.0115030149292407,-0.0204075776599471
"GGATGTTCAACTGGTT-1_1",0.0106861930186096,-0.0249908459787394
"GGATGTTGTAACCCGC-1_1",-0.107536507546178,0.00876986533280853
"GGATGTTGTGCACAAG-1_1",-0.063372800545222,-0.016668029396315
"GGCGTCAAGATCCGAG-1_1",0.013135914726664,-0.0344095606603196
"GGCGTCACACGAAGAC-1_1",-0.0591451642710857,-0.0193263181766408
"GGCGTCACACTTCTCG-1_1",-0.00318328236306722,0.00274583085320415
"GGCGTCAGTTGTGGAG-1_1",-0.0250974706969726,-0.00401164085548901
"GGCGTCATCCTCTTTC-1_1",0.135489437760564,0.114587965050009
"GGCTGTGAGTGAGCCA-1_1",-0.045209374261621,-0.0330416749105827
"GGCTGTGTCTTCTTCC-1_1",-0.0806252713396266,0.00194879889820423
"GGCTTGGCAAGCTACT-1_1",-0.0584973746571519,0.00298080608607479
"GGCTTGGGTGCCGTAC-1_1",-0.04583628422761,-0.0161067606738027
"GGCTTGGTCAGGAGAC-1_1",-0.0565045398150371,-0.00421855673641015
"GGCTTTCAGAATTGCA-1_1",-0.0056423038307129,0.0212631779892423
"GGGAAGTCAGAGTGTG-1_1",-0.0635411478519531,0.0112950849316621
"GGGAAGTCATGGCTAT-1_1",-0.0619123823917637,0.0280275136438648
"GGGACAAGTTTGCCGG-1_1",0.031350188991385,-0.0181921430687304
"GGGACAATCCGTGACG-1_1",0.0492933797844198,0.0107140672925009
"GGGACCTGTGAGCAGT-1_1",-0.0412217787611591,-0.0109767640606868
"GGGACCTTCAGCAGAG-1_1",-0.0474341502988941,-0.0376721245784695
"GGGACTCGTGGCTCTG-1_1",-0.116084866995032,-0.00304463512647488
"GGGAGATAGGCCATAG-1_1",0.00303327159350253,-0.00492097318137278
"GGGAGATTCCTACGAA-1_1",-0.080391411708207,0.00383513891767944
"GGGAGTACAGATCATC-1_1",-0.073492679540669,-0.00715279010008687
"GGGATGACATGGGATG-1_1",0.0559191563593428,-0.0138981574699669
"GGGCCATGTCAACCTA-1_1",0.00342295648622737,-0.0211431501796548
"GGGCCATTCAAAGCCT-1_1",-0.0395543558366271,-0.00804152699756554
"GGGCTACGTTAAGGAT-1_1",-0.00368483274680043,-0.0120424294134585
"GGGTAGAGTCACTGAT-1_1",0.0282337360972117,-0.0421712682832791
"GGGTAGAGTTGAGTCT-1_1",0.0335740948188218,-0.0388953525940828
"GGGTCTGGTCATTCCC-1_1",-0.0233947918559841,-0.000886789210338637
"GGGTGAATCGGACTGC-1_1",-0.0574679556810271,0.00837871899972992
"GGGTGTCAGGATTCCT-1_1",-0.0283689181989367,-0.0110238719480508
"GGGTGTCCAAGATGTA-1_1",-0.0965039437208233,0.00274481740387226
"GGTAACTTCCTTTAGT-1_1",0.0118090243563736,-0.0267384481493237
"GGTAATCAGATCCAAA-1_1",0.0206804031558695,0.0290580367845914
"GGTAGAGAGGTGCAGT-1_1",-0.067685093954095,-0.0193701068599181
"GGTCACGTCGTCTAAG-1_1",-0.0549118803960969,0.00567560123223602
"GGTCTGGCAACAGATA-1_1",0.0245804650941677,-0.0231472695244597
"GGTCTGGCAGCCTTCT-1_1",-0.0582672598306756,-0.0240903314777576
"GGTGAAGAGTGAACAT-1_1",-0.0383921405974499,-0.00621707194907482
"GGTGAAGTCGACCCAG-1_1",-0.132784941777734,-0.00709082430313097
"GGTGATTAGATGTTGA-1_1",-0.000747613559433871,-0.0158495802471928
"GGTGATTCAGTGTATC-1_1",0.0331015935214651,0.014447697935454
"GGTGATTGTGTTGCCG-1_1",0.0979823871979835,0.0781318922469624
"GGTGGCTAGCCGTCGT-1_1",0.00112406445255748,-0.0196484701018008
"GGTGTCGAGTGGAAGA-1_1",-0.018555219365436,-0.00117646290048319
"GGTGTCGCAGCTGAGA-1_1",-0.0135895811817601,-0.01286067108219
"GGTGTTAAGACCCGCT-1_1",-0.00923424652662908,-0.00870358753550581
"GGTGTTAGTTCTCCAC-1_1",-0.0572315459616394,-0.0169700809385182
"GGTTAACCACAAATAG-1_1",-0.0477076712984055,-0.00185947647266616
"GGTTAACGTACTAAGA-1_1",-0.062667680009861,-0.00857045405454699
"GGTTCTCAGAGGTATT-1_1",-0.0151791287788537,-0.012747453885076
"GGTTGTATCACGGTCG-1_1",-0.0549386716372291,0.017453574996783
"GTAACACCACAAATGA-1_1",-0.0262125576933659,-0.0224131337399337
"GTAACCACAGGACATG-1_1",0.176499346929168,0.253966916810102
"GTAAGTCAGCCAGACA-1_1",-0.0228086557520859,-0.00924539343578297
"GTAAGTCTCATAGCAC-1_1",-0.0401486789236923,-0.0291192888364417
"GTAAGTCTCTCTAGGA-1_1",-0.0813525948845452,-0.00205747516322884
"GTACAACGTCAAGCCC-1_1",-0.0707194925878414,-0.0129595694696169
"GTACAACTCACAATGC-1_1",0.0219896449938265,-0.0155508574618505
"GTACAGTTCATCTACT-1_1",-0.0253711685899946,-0.0130399341598108
"GTAGAAAGTTAATCGC-1_1",-0.110907602697519,-0.00446803663968342
"GTAGAGGAGCTCTGTA-1_1",0.147718495005676,0.136194551085891
"GTAGAGGCAAAGGGTC-1_1",-0.00538212057825597,-0.0123255944788733
"GTAGCTAAGCGAGTCA-1_1",-0.0661124015386837,0.0270454276733488
"GTAGCTAGTTCGGACC-1_1",-0.0659977360910967,0.0204834711181013
"GTAGGAGAGTTGGAAT-1_1",-0.0572876533383316,-0.0214097600639237
"GTAGGAGGTACCTGTA-1_1",-0.0857367587989787,-0.0290853727325872
"GTAGGTTTCGACCATA-1_1",-0.0602494603461051,-0.0217253790025565
"GTATTGGAGAGTCGAC-1_1",0.00516562261938507,-0.00819756826056646
"GTATTGGCAGCAAGAC-1_1",-0.00395352908474932,-0.0290790266992419
"GTATTGGTCACGAACT-1_1",-0.00535456650743878,-0.0160793906853178
"GTCAAACGTGCTTCAA-1_1",0.0945534008190842,0.059438271478476
"GTCAAGTGTTCTCTCG-1_1",0.020065852358176,-0.0219183535870331
"GTCAAGTTCCACTGGG-1_1",-0.0210560649681101,-0.0187539582203184
"GTCACTCCACTGTGTA-1_1",0.16459276069148,0.17013261632849
"GTCACTCCAGTGCGCT-1_1",0.0345735460407885,-0.0386491715034253
"GTCACTCGTCGTTGCG-1_1",-0.0264039201271312,-0.0205906944646735
"GTCACTCTCGTCAGAT-1_1",-0.0554555062277363,0.00756079888543335
"GTCAGCGGTTCCCAAA-1_1",0.0313750194463172,0.00732308243549073
"GTCATCCCACTCAAGT-1_1",-0.0285259029438996,-0.00598184072942942
"GTCATGACAACTGCCG-1_1",-0.0486837611187083,-0.0269535127009019
"GTCCACTCACCTAAAC-1_1",-0.0628841487881821,-0.0224258566498524
"GTCCACTCAGCTTCGG-1_1",-0.068498276777327,-0.0223025165518399
"GTCCTCAGTCGTTGGC-1_1",-0.0168831515273631,-0.0273025909542552
"GTCCTCATCTCCAATT-1_1",0.0373033136197691,-0.0151443165645674
"GTCGAATCAGAAGTTA-1_1",0.0189728655004847,0.0213062426103985
"GTCGCGACATTACGGT-1_1",0.192426802739255,0.282149362345331
"GTCGCGAGTCCACATA-1_1",0.019993817574934,-0.0269904031001667
"GTCGCGAGTCCTACAA-1_1",-0.0731388938799417,0.00373040945143322
"GTCGCGATCTCCTGTG-1_1",-0.0140740156304337,0.0489861300509542
"GTCGTAATCATGCCGG-1_1",-0.0147433999597232,-0.0234711769696865
"GTCTACCAGCAAACAT-1_1",-0.0903308419320027,0.00636053471341171
"GTCTACCTCGAACTCA-1_1",0.0503371160555232,0.0286579251651951
"GTCTAGAGTCGCATGC-1_1",-0.0692902299785029,0.00384447642715778
"GTCTAGATCGACGCGT-1_1",-0.00101916989296809,-0.0207448902678171
"GTCTCACCAAGATGGC-1_1",-0.0185476183848954,0.00182314574072002
"GTCTCACCAGAACTAA-1_1",-0.0577019288617318,-0.000405382910907535
"GTCTCACCATCTTCGC-1_1",-0.0498644931725766,-0.0125343743272089
"GTCTCACTCCGGCAAC-1_1",0.06387996742816,0.0496957713328481
"GTCTGTCCAAACTAAG-1_1",-0.0589362242356759,-0.00239069082233083
"GTCTGTCGTATCGTGT-1_1",-0.0425381141832764,-0.0111308811949946
"GTCTTTAGTCTTGAAC-1_1",0.0520880853197727,0.0261420084789884
"GTGAGGAAGACTGTTC-1_1",-0.0107754242415775,-0.0230727975401718
"GTGAGGACAACCGCCA-1_1",-0.0277895258184881,-0.0196325165695792
"GTGAGGATCAGACCGC-1_1",0.0509829307878677,-0.0557872086801553
"GTGAGGATCTTGCGCT-1_1",-0.0362516490206188,-0.0154608158678328
"GTGAGGATCTTTGCTA-1_1",-0.0461666886863254,-0.0111157014710131
"GTGATGTAGGAACGCT-1_1",0.153203363317705,0.157767738142604
"GTGATGTCAAACCGGA-1_1",-0.00495012167694051,-0.0176796149937944
"GTGATGTGTCCGATCG-1_1",0.143170929571782,0.119173934953373
"GTGCACGCAAGGCCTC-1_1",-0.0632889078401227,-0.00611668313101468
"GTGCACGCAGGCAATG-1_1",0.0110946920559117,0.00769965593251528
"GTGCGTGAGAAGGATG-1_1",-0.058829220210897,0.00203833455172546
"GTGCGTGAGGTCACCC-1_1",-0.061941957001949,0.0183724120518207
"GTGCGTGCATAGCTGT-1_1",0.109232707085561,0.0891498406282255
"GTGCGTGTCAAAGACA-1_1",-0.0627246505022847,0.0154744428541967
"GTGCTTCGTGGATACG-1_1",-0.0523972327252756,-0.0143269766083076
"GTGCTTCTCGTCAGAT-1_1",-0.0421953905132088,0.0154792672346579
"GTGGAAGTCTCGACGG-1_1",-0.0697619102878267,-0.00638588619359892
"GTGGAGATCACTGTCC-1_1",-0.0622463999743702,-0.0130913132207181
"GTGGCGTCAGCACGAA-1_1",-0.0264248887377424,0.0295904927389432
"GTGGCGTGTGCAAGAC-1_1",-0.107571400137697,-0.00563314483031279
"GTGGCGTGTTGCGGAA-1_1",-0.063464641686547,0.0142600559775708
"GTGGTTACACCGAATT-1_1",0.0411351528682948,-0.0455364798556189
"GTGGTTAGTACTAACC-1_1",0.0098120941855008,-0.0162935400944506
"GTGTAACAGAGCAACC-1_1",-0.0766919426119991,-0.00240971898611392
"GTGTAACAGATCCTAC-1_1",-0.0186461188202779,-0.0278816617647382
"GTGTAACGTTGGGAAC-1_1",0.179002917264912,0.265872492908883
"GTGTCCTAGATGGTCG-1_1",-0.0699980792276017,0.0228070750471521
"GTGTGATCAGTGGGTA-1_1",-0.0695860442769096,0.00273499754192732
"GTGTGATTCCAACCGG-1_1",-0.0408419989922308,-0.0172644675502457
"GTGTGGCAGGTAAGGA-1_1",-0.0167543840087505,0.0253386422222191
"GTGTTAGAGGGTCAAC-1_1",-0.101435135012568,-0.0133953807626323
"GTTACAGAGTTGTACC-1_1",0.0584824649454027,0.0154030910369124
"GTTACAGTCACCCTTG-1_1",-0.0905953678455106,0.00761869042269284
"GTTACAGTCCGTGCGA-1_1",-0.0979453792716894,-0.0133497940205836
"GTTACCCCAAGGCTTT-1_1",0.00658674222099612,-0.0364840354201867
"GTTACGAAGCCGAACA-1_1",0.139857556779598,0.174582065138827
"GTTAGACAGTAGTGCG-1_1",0.0145378000015613,-0.0245218225462515
"GTTAGACCACTGCTTC-1_1",-0.0328019354731902,-0.0268933180619105
"GTTAGTGAGTCAACAA-1_1",-0.011888993319238,-0.0186514804136155
"GTTAGTGTCCTACCAC-1_1",0.0931176214413932,0.0781566257329677
"GTTAGTGTCTCTATAC-1_1",0.0115213610311388,-0.0210107324535685
"GTTATGGCATGCGTGC-1_1",0.0346090929141777,-0.00687002740437101
"GTTATGGGTAATGATG-1_1",-0.0147818809566198,-0.0204218170291315
"GTTCATTGTTGGCCTG-1_1",-0.0262653312163061,-0.0244325545926622
"GTTCCGTAGTTGGAGC-1_1",-0.0276879239958093,-0.0084920477015788
"GTTCCGTGTATGAAAC-1_1",-0.0487505533370403,-0.00714419874926747
"GTTCCGTGTTTCCAAG-1_1",-0.0493826133009089,-0.0798706460356373
"GTTCGCTAGTAGACAT-1_1",-0.109632249202972,0.00579992862715942
"GTTGCGGAGCGACAGT-1_1",0.174614947051783,0.254734144930967
"GTTGCTCGTCTGTAGT-1_1",-0.0383325273152872,0.00648392729554791
"GTTGCTCGTGAGCGAT-1_1",-0.0732225514855561,-0.0165562367990389
"GTTGCTCTCTTGCAAG-1_1",0.0664331409529271,0.0552037077442839
"GTTGTAGGTAGACGGT-1_1",-0.0331877942591141,-0.00153617130735389
"GTTGTCCGTGAAGCGT-1_1",-0.0854459696731918,0.00371308998701368
"GTTGTCCGTGATATAG-1_1",0.0375857674212392,-0.0308722542844439
"GTTGTGATCTTTGCGC-1_1",-0.015839302098702,-0.0144844113967531
"GTTTACTCACAGTCGC-1_1",0.0300318787224524,0.00728104882328786
"GTTTACTGTTCCGCAG-1_1",-0.00664055980615758,-0.0035181504229525
"GTTTACTTCACTGAAC-1_1",-0.0570088765982084,0.0126168762297676
"GTTTGGAAGCGCCTCA-1_1",0.21562647454809,0.235466662794462
"GTTTGGATCGGTAGAG-1_1",0.0559163478995999,0.0412759276503939
"TAACACGCAACACTAC-1_1",-0.0776081577607423,-0.0213833416024586
"TAACACGCAGATACTC-1_1",0.0143986794833209,-0.0181567383227163
"TAACCAGCAGACGGAT-1_1",-0.0459669517441183,-0.00332464303371342
"TAACGACGTTACTCAG-1_1",-0.0197042253612864,-0.0191886176978465
"TAACTTCAGGAACTCG-1_1",-0.0576881332760655,-0.0109156295487184
"TAAGCACGTCGGAAAC-1_1",-0.0656119731490554,0.00174986578880448
"TAAGCACTCACTCGAA-1_1",-0.0531391244448685,0.0123499713338813
"TAAGCACTCCCGGTAG-1_1",-0.0133233956305239,-0.0223442450227508
"TAAGCCATCCGATAAC-1_1",0.0471458881317459,0.0262620558200884
"TAAGCGTAGCACCTGC-1_1",-0.000746214632030851,-0.00351579831112532
"TAAGCGTCAATCGAAA-1_1",-0.0434087946049945,0.0180272306604832
"TAAGCGTGTCAAAGCG-1_1",-0.0100060328988474,-0.0169745259356779
"TAAGCGTGTCACTTCC-1_1",-0.0637530144433681,0.00641842417686471
"TAAGCGTGTGGCTCTG-1_1",-0.0319228680445804,0.0189314244284054
"TAAGCGTTCACCGGGT-1_1",0.000916520303221831,-0.0217591777807908
"TAAGCGTTCGCTTACC-1_1",-0.051156954801893,0.0285503447341189
"TAAGTCGTCCGACATA-1_1",-0.0883687243258627,-0.0129499708500107
"TAATCTCCAACTCATG-1_1",0.0762697269399603,0.036435889408205
"TAATTCCCATCCGAGC-1_1",-0.0782163262053505,0.0132346114087162
"TAATTCCCATGGAAGC-1_1",0.0735175329182516,0.0672440282340713
"TACACCCAGAGTAACT-1_1",-0.028150501310064,-0.0020469923639907
"TACATTCTCAAACGTC-1_1",0.00673472796044705,-0.0210343277700959
"TACATTCTCAAGTGTC-1_1",-0.0445000184965827,-0.0130114735477829
"TACCCACCACGTCATA-1_1",0.0136962522783056,-0.0411277937070263
"TACCCACTCCTCTCTT-1_1",0.00817730037175864,0.00500412108831555
"TACCCGTAGAGTCTTC-1_1",0.00800814357481053,-0.0383018448617763
"TACCGAACACTCTAGA-1_1",-0.0691289860871785,0.0136190643263834
"TACCGGGAGTATGGAT-1_1",-0.0300105802974046,-0.00508252594800948
"TACCTCGGTTGAGTCT-1_1",-0.023143107384816,-0.0269668885827623
"TACCTCGTCACCGGTG-1_1",-0.0674550984333045,-0.0172737915581586
"TACCTGCAGCGTCTCG-1_1",-0.0705874283378258,0.0198682665032768
"TACGCTCAGTGTCATC-1_1",-0.086259132427548,-0.0183739209155191
"TACGCTCTCTCTTCAA-1_1",-0.0707752938924337,0.00999797798517684
"TACGGTAAGGATCACG-1_1",-0.109761381240648,-0.00874694699725386
"TACGGTACACAAAGCG-1_1",0.00775151709676766,0.0215461944858852
"TACGGTATCGAACCTA-1_1",-0.106898472978539,-0.0169495632133516
"TACGGTATCGGCAGTC-1_1",0.00589932708331782,-0.0254471486214367
"TACTGCCTCTAATTCC-1_1",-0.0709439363200543,0.00111869175849959
"TACTGCCTCTTCGTGC-1_1",-0.0203517470359496,-0.0155851955223474
"TACTTACAGAGAGAAC-1_1",0.0652138302248892,0.0497776342211853
"TACTTCAAGGCTTCCG-1_1",-0.00465453689337473,-0.0310218719246906
"TACTTCAGTTGCCGAC-1_1",0.0144942677247223,0.0238312285501073
"TACTTGTTCAGCGTCG-1_1",-0.114563434417777,-0.0193146586125977
"TACTTGTTCCTCGCAT-1_1",-0.051931919468889,-0.00929721613196665
"TAGACCAAGACCTCAT-1_1",-0.0137477011862223,-0.0189550107282313
"TAGACCAAGGAAGAAC-1_1",0.0214351347358844,-0.0347059908536182
"TAGACCATCTAGCATG-1_1",-0.0469950003189741,0.0230373385482999
"TAGACTGCAATCCTAG-1_1",-0.0578417334225589,0.0212809599428243
"TAGACTGGTAGCGTCC-1_1",-0.12746703266422,-0.00994463598013141
"TAGAGTCTCGACGTCG-1_1",-0.0275059717756731,0.00875580910485064
"TAGATCGCAGCTCCTT-1_1",-0.0613392208950383,0.0203869246579733
"TAGCACAGTCGTGATT-1_1",-0.00528463147632574,-0.0189777981225726
"TAGCACAGTGCAATGG-1_1",-0.0164262296135617,-0.013018684022359
"TAGCACATCGATTGGT-1_1",-0.0600730500578514,-0.0063356531457566
"TAGCACATCTATCACT-1_1",-0.0316682009947829,0.0111388006350597
"TAGGAGGGTTTACTTC-1_1",0.00360118110157208,-0.0332727797397389
"TAGGAGGTCAAGGTGG-1_1",-0.00388810307213876,-0.012802100518759
"TAGGGTTGTCTCTCTG-1_1",-0.0678791647979533,-0.00862981411415463
"TAGGTACAGAATTGCA-1_1",-0.0133109875522911,-0.00642605868404187
"TAGGTTGAGTGATAAC-1_1",-0.021138527632467,-0.00518494197005648
"TAGGTTGTCACAAGAA-1_1",0.0518957543000058,-0.0564277921428624
"TAGGTTGTCTGAGATC-1_1",-0.068844448636293,0.0025189233503146
"TAGTGCAAGGTTGAGC-1_1",-0.0169910824832386,-0.00614324452787734
"TATACCTGTTGCACGC-1_1",0.0595388147469631,-0.0736984187807278
"TATCAGGCATGCCGAC-1_1",-0.0521126452572253,0.000175793247309365
"TATCAGGTCGCTTTAT-1_1",-0.0251382898313188,-0.011078589779284
"TATCCTAAGACCATTC-1_1",-0.0889104954600727,0.00052833770885729
"TATCCTAAGTAGGTTA-1_1",-0.0597058171713269,0.00219227085271752
"TATCCTATCAACCTCC-1_1",0.123457283498507,-0.000597752108067419
"TATCCTATCTCAGAAC-1_1",-0.0760635430006213,-0.00921119758541445
"TATTGCTTCGTCCTCA-1_1",0.0313923306656393,-0.0256610977674901
"TATTGCTTCTTACGTT-1_1",-0.0397584573009832,-0.00691466500924746
"TATTGGGCAACGTAAA-1_1",-0.0746409203767319,-0.0100456367893531
"TATTGGGTCCAGCCTT-1_1",-0.0964425431200185,-0.00877571247272284
"TATTGGGTCTTACCGC-1_1",-0.0737082417343551,-0.00350533296966571
"TCAAGCAAGTATTAGG-1_1",-0.0165797697752399,0.0036909776777058
"TCAAGCATCCAACTAG-1_1",-0.0550141203979266,0.00510912871030292
"TCAAGCATCGGTTCAA-1_1",-0.070964257679032,-0.0148280679487576
"TCAATCTAGTAAGCAT-1_1",0.0397514245432958,-0.0434650856964711
"TCAATTCAGCATCCCG-1_1",-0.0597479467279926,-0.00209371454816424
"TCAATTCGTGCTGTCG-1_1",-0.0573046390532709,-0.0157364276667307
"TCAATTCGTTCTCGCT-1_1",-0.0154968296119879,-0.00436739366333031
"TCACAAGAGTCAGGGT-1_1",-0.0438122780160512,-0.017148958720999
"TCACAAGCAAGACGGT-1_1",-0.0475226449696748,-0.015583467612838
"TCACAAGGTCCATACA-1_1",-0.1214430652421,0.00113516370855967
"TCACACCGTACCGTGC-1_1",-0.0419823833562375,-0.0100981887104159
"TCACACCGTTCAATCG-1_1",-0.0143730404175423,-0.138626577081576
"TCACATTCACTTGACA-1_1",-0.0845317631511324,-0.0114054022102896
"TCACGGGAGAATAGTC-1_1",-0.0250470323209242,-0.0372213294908727
"TCACTATAGCAATTCC-1_1",-0.110858140088586,0.0110890135112757
"TCACTATAGTAGACCG-1_1",0.0410964868381821,0.00598816186828854
"TCACTATCACTACACA-1_1",-0.00815978624926826,-0.0112422475265181
"TCACTCGAGAACCGCA-1_1",-0.0597606739877536,0.00554967305708138
"TCACTCGAGTAGTCTC-1_1",-0.00708967161649653,0.00519482975356007
"TCACTCGCAACTAGAA-1_1",-0.0727880971722039,-0.0198903429690822
"TCAGCAAAGTACCGGA-1_1",-0.0210093488817219,-0.00850005359783192
"TCAGCAAAGTATGGCG-1_1",0.019355511634342,-0.023886060505431
"TCAGGGCCAAGTGGAC-1_1",-0.0503129130658251,0.0112160250762127
"TCAGGTACAATCTAGC-1_1",-0.0647004284936181,-0.033175612972898
"TCAGGTACAGAATGTA-1_1",0.039912126986229,0.0144486606579484
"TCAGGTAGTATGCGTT-1_1",0.0201182332629041,0.0392241415548808
"TCAGTGACACACAGAG-1_1",-0.0841138852659757,0.0135859586572258
"TCAGTGAGTAAGCGGT-1_1",-0.0645774786979283,-0.00777204826166201
"TCAGTGAGTACTCGAT-1_1",-0.0440455182868432,0.0175441091793199
"TCAGTTTAGTTATGGA-1_1",-0.0528992169714796,-0.0301347277015996
"TCAGTTTCAAGAGGTC-1_1",0.0210524899562379,-0.0131365158833413
"TCAGTTTGTGAGAGGG-1_1",0.228837040802652,0.26582007624178
"TCAGTTTTCGTTCCTG-1_1",0.0652893005809003,-0.0738721642076
"TCATACTGTTGTATGC-1_1",0.069059674052953,0.0580455803664262
"TCATATCTCAGTCACA-1_1",0.0339132286750738,0.0297512710173401
"TCATCCGCACAACCGC-1_1",-0.0766831835768976,-0.0242304928552343
"TCATCCGGTCACATTG-1_1",0.00599241096871606,-0.0347246518077814
"TCATCCGGTCGTGATT-1_1",-0.0920440056495649,-0.0210595594320276
"TCATCCGGTCGTTGCG-1_1",-0.0201848057416061,-0.000273445364013861
"TCATGCCGTGAGGATC-1_1",0.135316769169857,0.0972135371392448
"TCATGGAAGGGACCAT-1_1",0.203056913227647,0.269514470773063
"TCATGGACACACGCCA-1_1",0.0822642048506149,0.0200993583726105
"TCATGGACAGCCGTCA-1_1",-0.0871962841138632,-1.73835311903076e-05
"TCATGGATCATTTGCT-1_1",-0.0902540402184434,0.0106035960750551
"TCATGGATCCGGCAAC-1_1",0.0330176727096873,-0.0117782771340772
"TCATTGTTCGACATCA-1_1",-0.0235638075753228,-0.00697850884892668
"TCATTTGGTCTTGAAC-1_1",0.0359365844662492,-0.0396079270960963
"TCCACCAAGTCCCGAC-1_1",-0.0501516675100992,0.020604996349881
"TCCACCATCATCCTGC-1_1",-0.0639112697298786,-0.0219063233833067
"TCCACCATCGGCTGAC-1_1",-0.0897485129255271,-0.0188805665907194
"TCCACGTTCTCCCAAC-1_1",0.0140275851573222,-0.0404309713565363
"TCCAGAAGTCCAGGTC-1_1",0.0616079537916421,0.048207588858277
"TCCATCGCAGAGGCAT-1_1",-0.0711026149465831,0.0232474754475831
"TCCATCGTCGGTATGT-1_1",-0.0364691454945793,-0.0167192660378466
"TCCATGCCAGGTTACT-1_1",-0.0763426654012862,-0.0152078538983511
"TCCATGCGTCTCACGG-1_1",-0.0539356193094334,0.00930041959852275
"TCCCACAAGCTCAGAG-1_1",-0.0017164911204158,-0.0164827175176925
"TCCCACACAAGTGCAG-1_1",-0.0164213628416679,-0.024626829187832
"TCCCACACACCTGTCT-1_1",-0.146590064523974,-0.0103802253148955
"TCCCAGTCACGTTGGC-1_1",-0.00352132255830448,-0.0266123262273864
"TCCCATGTCGAGTCCG-1_1",-0.0298807406191523,-0.00216367940021315
"TCCGAAAAGCGCCTTG-1_1",-0.116292970931391,-0.00849337171773924
"TCCGAAACAAGTCCAT-1_1",0.183270465380611,0.296191851149701
"TCCGAAAGTATAGGGC-1_1",-0.0474190899126084,-0.00420535359925133
"TCCGGGAAGTCATAGA-1_1",-0.113927341853683,-0.00908295297375681
"TCCGGGAGTCCGTACG-1_1",0.134055622607062,0.093637139510581
"TCCTAATAGCACTCAT-1_1",0.0599288778240243,-0.056808411100061
"TCCTCCCCATCAACCA-1_1",0.0198614040458123,-0.0325488891037967
"TCCTCGACACAAGCAG-1_1",0.0699519011709379,0.0562764844326895
"TCCTCGATCGATACAC-1_1",-0.0533323128769993,-0.0111508943544153
"TCCTCTTAGGAGCTGT-1_1",-0.0605291506007826,-0.0244183356988085
"TCCTCTTTCCAACACA-1_1",-0.0315114974684018,0.0143369858222609
"TCCTGCAGTTGGAGAC-1_1",0.00215374248632329,-0.0181739416320232
"TCCTGCATCTGTGTGA-1_1",-0.0575100497800871,-0.00693859770205782
"TCCTTCTCAGAATGTA-1_1",-0.0209598221042407,0.0323065696822926
"TCCTTCTGTACTGCGC-1_1",-0.019834775689393,-0.00877026027224628
"TCCTTCTGTAGCGCTC-1_1",-0.0471742398146341,-0.0179354362839612
"TCCTTCTGTATGAGAT-1_1",-0.0244473646909891,-0.0283564688717281
"TCGAACAAGGTAAGTT-1_1",0.0128063112661237,0.0175444796306981
"TCGAACACACAACCGC-1_1",-0.0753462493147653,0.0249289187766263
"TCGAACACACACCTGG-1_1",-0.0976044935597969,-0.0174999272673986
"TCGACCTGTCAAAGAT-1_1",-0.0965406137389657,0.00917438913953916
"TCGACCTTCGAGAAAT-1_1",-0.0695771533539667,0.0245517617786307
"TCGACCTTCTGGACCG-1_1",0.0105608391565108,-0.0357238754786885
"TCGACGGAGAGAGCCT-1_1",-0.0264179630375964,-0.0160926926168266
"TCGATTTAGAGCACTG-1_1",-0.0917508654505071,-0.0219195569906554
"TCGATTTCAGACATCT-1_1",0.00939901839319847,0.0207377034151642
"TCGCACTCACGCCAGT-1_1",0.00510629733136775,0.00968466305560852
"TCGCTCATCTGGACTA-1_1",-0.0434724426513949,-0.0139791658165926
"TCGCTTGAGGCGCTTC-1_1",0.0289153735334479,-0.0344901251265202
"TCGCTTGTCGCTTGCT-1_1",0.1087091159828,0.0855683960405806
"TCGGATAGTGTCATGT-1_1",0.194913387741732,0.296998494418141
"TCGGGCAAGCCACTCG-1_1",-0.0548845926440379,0.00416739437023509
"TCGGGCACAGGTGGAT-1_1",0.0318033065605784,0.0237683628964223
"TCGGGCATCGGTCACG-1_1",-0.0336925560471506,0.0249648945508749
"TCGGTCTCAACTTCTT-1_1",-0.0625271172620591,0.0303958522912323
"TCGTAGAAGCCATTGT-1_1",-0.0301459182585608,0.0185490917135366
"TCGTAGACAGTTGAAA-1_1",-0.00735489336913466,-0.0134826043847755
"TCGTAGATCATCGCAA-1_1",-0.0340795158463751,0.00345620784404126
"TCGTCCAGTGTACATC-1_1",0.0026864247284726,-0.0281688475217492
"TCGTCCATCATTTGGG-1_1",-0.0436608293396005,-0.000990200521336627
"TCGTCCATCTACCCAC-1_1",0.0922537268087762,0.108554332728393
"TCGTGGGAGGTGCTGA-1_1",-0.0638097149058544,-0.0141661757040556
"TCTAACTCACCAGTTA-1_1",-0.117235727235184,-0.013438164465647
"TCTAACTCACCCTCTA-1_1",-0.0106244702319421,-0.0279236695677265
"TCTAACTCACGCGCTA-1_1",0.0674098407572582,0.0560729679611193
"TCTACATAGCTTCTAG-1_1",-0.0565557259068843,-0.0355878203604049
"TCTACATAGGGTATAT-1_1",-0.010863479073045,-0.0191091836445509
"TCTACATCAATGCAGG-1_1",-0.0786408387759863,0.014158844105336
"TCTACATGTGTCCATA-1_1",-0.0174928133962822,-0.0252317662883789
"TCTACATTCTTGGCTC-1_1",-0.00298198538050679,-0.0130345648228434
"TCTACCGCAGAATCGG-1_1",0.0200798478755179,-0.00139800916160321
"TCTATACGTCTGCGCA-1_1",-0.103282216663981,-0.0149799977595882
"TCTATCATCGGTGAAG-1_1",-0.0508833162000712,0.00157843977784292
"TCTCACGGTCACAATC-1_1",0.0763571382583553,0.050607925888836
"TCTCAGCAGTGTACCT-1_1",-0.0869639792968943,-0.0249809516036988
"TCTCAGCCAGTTCCAA-1_1",-0.0146871931378907,0.00856492946289364
"TCTCAGCTCAGAATAG-1_1",-0.0746057117984843,-0.0156766439799273
"TCTCAGCTCCAAACCA-1_1",-0.136048454711902,0.0223122635245843
"TCTCCGACAAGAGTAT-1_1",-0.0289547772772802,-0.0230095306814995
"TCTCCGAGTAAGGCCA-1_1",-0.0127467370641705,0.012903570608568
"TCTCCGAGTCTACAAC-1_1",0.0252808386884856,-0.0354945880150897
"TCTCCGATCAGCCTTC-1_1",0.0104560304810564,0.0259255353421805
"TCTGCCAAGGTAAGTT-1_1",-0.102226236866972,-0.0327875948992933
"TCTGGCTTCCAGCCTT-1_1",-0.00303397795630885,-0.0271593979086548
"TCTGTCGAGGCATTTC-1_1",-0.0516992834811558,-0.00128062723746373
"TCTGTCGTCGTCGCTT-1_1",-0.0438453538971669,-0.00646006596991687
"TCTTCCTCATGACCCG-1_1",-0.00140482249283495,-0.0293172989220908
"TCTTGCGTCATGCCAA-1_1",-0.0997769170813899,-0.0139106254716282
"TCTTTGACACCCTAGG-1_1",-0.0291803606514948,-0.0270676908257744
"TGAATGCGTTGTCTAG-1_1",0.039567277842865,-0.0479227894235334
"TGACCCTCAGCGACCT-1_1",0.0994027706084174,0.00787539357361267
"TGACCCTCAGGCAATG-1_1",-0.0349921921102567,-0.0132568370370058
"TGACGCGAGTAGTCCT-1_1",0.0707990863262295,0.0639827918406909
"TGAGACTAGATAGTGT-1_1",-0.10146925249237,-0.0155318799544051
"TGAGCGCAGCACTAAA-1_1",-0.0160120623709348,-0.0160983930403046
"TGAGCGCAGCTCGTGC-1_1",-0.0918653170257224,0.0276455951862665
"TGAGCGCGTTTCGATG-1_1",-0.026703305197009,-0.0122957198990152
"TGAGGGAAGCCTTTCC-1_1",-0.0629478331376773,0.00040661597046904
"TGAGGTTTCCACTTTA-1_1",0.0392903647073835,0.0480702271026684
"TGAGGTTTCCTGCTAC-1_1",-0.00314635865687437,0.0179025460897624
"TGAGGTTTCGGATAAA-1_1",0.00691936247415956,-0.027319068764314
"TGAGTCAAGGGCAATC-1_1",-0.0375494069587059,0.0162395457373523
"TGAGTCATCTTCCGTG-1_1",-0.0394074761130262,-0.0151354317667683
"TGATCAGAGGCGAAGG-1_1",0.15368616782054,0.160845086934759
"TGATCAGAGTCACTAC-1_1",-0.0262808677587392,-0.0152420380362675
"TGATCAGGTGACAACG-1_1",-0.0253548478658172,-0.015018982670621
"TGATCAGTCATCACAG-1_1",0.00434211316778172,-0.019972017799495
"TGATCTTAGACTGGGT-1_1",0.0425091471191425,-0.0111493635394183
"TGATCTTTCGTCTCAC-1_1",-0.0586423266053898,0.00732254393578164
"TGATGCACATGGCACC-1_1",-0.0249558151549991,0.00733370801068594
"TGATGCACATGGGAAC-1_1",-0.0448488550615984,0.0203676723243372
"TGATGCATCTGGTGCG-1_1",-0.0571242864380614,-0.00511167587565862
"TGATGGTAGGCACGAT-1_1",-0.0686455792733254,0.0221981370914076
"TGATTCTCAAAGCTCT-1_1",-0.0709461807208959,0.0269385178320394
"TGATTCTTCCGGCTTT-1_1",-0.0375003308962539,-0.00750802614418891
"TGATTTCTCAGTGTTG-1_1",-0.0848764534989502,0.010797453331461
"TGCACGGAGCGATGAC-1_1",-0.00308431100436829,-0.00110021266376313
"TGCACGGGTCGAGCTC-1_1",0.0145293329052375,0.0373687472147413
"TGCAGATCAAGAATGT-1_1",-0.0174006079766704,-0.0148359265451859
"TGCAGGCAGGGCAATC-1_1",-0.0426479845781971,-0.0767655942151936
"TGCAGTAAGCATAGGC-1_1",0.00233889865652264,-0.0203602037623385
"TGCATCCAGACGCCAA-1_1",0.0204565955298919,0.0218807084777419
"TGCATGAGTCGACTTA-1_1",0.0422534035663838,-0.0501931155654265
"TGCATGAGTTCGTACA-1_1",-0.0790518578417769,0.00148550357506166
"TGCCGAGCAAGGCAAC-1_1",-0.0912434138114479,-0.0157569899869802
"TGCGACGTCGCAAGAG-1_1",0.00684565694953809,-0.0229080944867797
"TGCGATATCAGTAGGG-1_1",-0.0167054926525308,-0.0238430953220243
"TGCGGGTGTCTTTCAT-1_1",-0.00953387730081977,-0.0205785319500859
"TGCTCCAGTGTCTCCT-1_1",0.118796663179528,0.104356955907579
"TGCTTCGGTAAGTTGA-1_1",0.0301851385555849,-0.0358362871433474
"TGCTTCGTCAACTGAC-1_1",0.0125243223453151,-0.00501290027094092
"TGCTTGCAGAGTCAAT-1_1",0.0130255853944428,-0.0215589473927426
"TGCTTGCCAAGATTGA-1_1",-0.0759786293469454,-0.019210841201819
"TGCTTGCCACTATCCC-1_1",0.0324339843516305,0.0317068866927172
"TGCTTGCGTGCGAGTA-1_1",-0.0118565327823799,-0.0214949502311843
"TGCTTGCTCGACCTAA-1_1",-0.0027017627448011,-0.0254696784533768
"TGGAACTTCTAGTCAG-1_1",-0.0454178803961563,-0.0195762993299436
"TGGAGAGAGAGAGGTA-1_1",-0.0406346902658578,-0.0107907552313395
"TGGAGGACATGCCATA-1_1",-0.0594283689719198,0.0314481499568746
"TGGATCATCGGCTGGT-1_1",0.0340008234380929,-0.0425923506171431
"TGGATGTCAGCCTATA-1_1",-0.0759169347935692,0.00208388362375148
"TGGGAAGTCACTCTTA-1_1",-0.0267459718712379,-0.00949690736453163
"TGGGAGAGTCCGAAGA-1_1",0.0510368598273331,-0.052148708726886
"TGGGAGAGTCCTATAG-1_1",-0.111487139345213,-0.0426431436547235
"TGGGCGTGTTATTCTC-1_1",-0.0582986959681048,0.024910881733232
"TGGGCTGAGTATCCTG-1_1",-0.128557594979545,-0.0127559411692994
"TGGTTAGTCCACCTGT-1_1",0.0371642105945504,0.0350004780038827
"TGGTTAGTCTGGGATT-1_1",-0.0319828981205974,-0.00448305580960079
"TGTAACGGTAATGTGA-1_1",-0.00956644161791929,-0.0210499140853254
"TGTAACGTCTCTAAGG-1_1",0.0678225457084917,0.052991977575423
"TGTAAGCGTCGGTACC-1_1",-0.0657015191901312,0.0247031948489752
"TGTAAGCTCCTCTGCA-1_1",-7.5004801713024e-05,-0.00421732684894542
"TGTACAGAGCACCGTC-1_1",-0.0173693276261438,-0.000876937469343315
"TGTACAGTCACCTTAT-1_1",-0.0253125187898832,0.00599849336046864
"TGTAGACAGGCCTAGA-1_1",-0.0814258055909954,-0.00396361996920688
"TGTCAGAGTTGGGACA-1_1",0.133240004738957,0.095048027312745
"TGTCCACCAACGTATC-1_1",-0.073518417449075,-0.0181277729189065
"TGTCCCATCTGGTTGA-1_1",0.00595893800673716,0.0224599962272116
"TGTCCTGAGGATACGC-1_1",-0.0813910610363815,-0.0214611266101575
"TGTGAGTCAGAGCGTA-1_1",0.183103992992548,0.190444472353977
"TGTGAGTGTGGAACCA-1_1",0.0398996304547764,-0.0492107385674922
"TGTGATGAGACCCGCT-1_1",0.0743749497528526,-0.0713744172827493
"TGTGATGAGCCTCATA-1_1",-0.058869906686197,-0.0112168203820609
"TGTGCGGCAGGACTTT-1_1",0.021495659266088,-0.0258857366862808
"TGTGCGGGTAAGATTG-1_1",0.00871992729581611,-0.034486872150261
"TGTGGCGTCACCTCGT-1_1",-0.0554188033901226,-0.0116390277756406
"TGTGTGAAGGTAACTA-1_1",-0.0318066128266016,-0.0070681876891794
"TGTGTGACAGGCAATG-1_1",-0.18047926823431,0.0141320566018745
"TGTGTGACATAGATCC-1_1",-0.0250958213930729,0.00390406827142788
"TGTTCATGTATGCTAC-1_1",-0.0705644758177369,-0.0192200798737775
"TGTTCCGAGTGGGAAA-1_1",-0.0209502514249469,0.0128221308305411
"TGTTCTAAGCGTCTGC-1_1",0.00163612055461472,0.0180436819501825
"TGTTCTATCATACAGC-1_1",-0.0363748078939538,-0.0519046160904851
"TGTTGGAAGGAAGTGA-1_1",-0.0316046866379167,0.00231684402851187
"TGTTTGTAGATTCGAA-1_1",-0.00688076955555138,-0.00154513844207166
"TGTTTGTCAACATACC-1_1",-0.113638956544966,-0.00827852641056345
"TTAATCCCAGCGTGAA-1_1",-0.0346653327113623,-0.0205560380520168
"TTAATCCGTAACATAG-1_1",0.00216085453043288,-0.0265932416322531
"TTAATCCTCCTGGGTG-1_1",-0.101630048447616,-0.0223152996912077
"TTAATCCTCGGTGAAG-1_1",0.038115613846568,0.0424216868107079
"TTACAGGAGAGCCCAA-1_1",-0.0624278392031118,-0.0283652691996511
"TTACAGGCAAATGGAT-1_1",0.142073272986422,0.151008533173949
"TTACAGGGTAGCGAGT-1_1",0.0569512947644906,0.0561403474863239
"TTACAGGGTTCGGCTG-1_1",-0.0184788376160672,-0.0158422207785789
"TTACCATGTAATGCGG-1_1",0.0104587828580836,-0.0118573648692004
"TTACCATTCTCAGTCC-1_1",0.0337906278064192,-0.0373044578539749
"TTACCATTCTCGTCAC-1_1",-0.070451532821874,0.0157506581202732
"TTACCGCCAGATTTCG-1_1",-0.0836434536593158,0.00526683737745386
"TTACCGCTCCTCTGCA-1_1",-0.0862419420423938,0.0101813804921091
"TTACCGCTCGCTTTAT-1_1",-0.0518889050670459,0.0333713093971732
"TTACGCCGTATCGCAT-1_1",-0.0619842050737851,-0.017371676037791
"TTACGCCTCCAATCCC-1_1",-0.0788127885765436,-0.0198017660600861
"TTACGTTTCGTGGGTC-1_1",0.0634696022042753,-0.107563358921119
"TTACTGTAGAGCCTGA-1_1",0.0361293314045244,0.0438218325321106
"TTACTGTAGCGAGGAG-1_1",-0.0214738693101654,-0.0230480265493596
"TTACTGTCAATCAGCT-1_1",0.0150566104372067,-0.0045765511366133
"TTACTGTTCGTTAGAC-1_1",-0.0420078834257844,-0.0241933552097685
"TTAGGCAAGCCTAGGA-1_1",0.0330887401038449,0.0270382766558283
"TTAGGGTGTTGCTCGG-1_1",-0.11889189864092,0.00584720459573411
"TTCAATCAGCATGTTC-1_1",-0.0505312525984843,-0.0148688290693657
"TTCACCGCACAATCTG-1_1",0.0146672513277367,0.00942021378711607
"TTCACCGCACATCATG-1_1",-0.0209624241447236,0.0414864000223693
"TTCACCGCATTACTCT-1_1",0.0149878916584415,-0.0315722579732304
"TTCACGCCACAAGCAG-1_1",-0.0626312329332257,-0.0112914571679579
"TTCATGTAGCACCTGC-1_1",-0.0916695508075858,-0.00934759126783949
"TTCATGTTCAAGTCGT-1_1",-0.0333413330320994,-0.0670755238252066
"TTCCAATAGTCCGTCG-1_1",0.0235333569899713,-0.0240938700343549
"TTCCGGTTCAAATGCC-1_1",0.0279561417330855,-0.0445241414249458
"TTCCTTCCATGTGACT-1_1",0.0137061718670075,-0.0131645480565814
"TTCCTTCGTTAAGTCC-1_1",-0.0372727840324066,-0.011697068343931
"TTCCTTCTCCCATACC-1_1",0.0853584822444431,-0.0672738799384964
"TTCGCTGAGACTAGAT-1_1",0.135794586824125,0.114925468449959
"TTCGCTGGTTGCACGC-1_1",-0.0119468354186409,-0.00880492453831132
"TTCGCTGTCCCACAGG-1_1",-0.023617685647529,-0.0207804198138488
"TTCGGTCCAGGCATTT-1_1",-0.0546001767918062,-0.00859877711834369
"TTCGGTCGTTTCTATC-1_1",-0.033002061280872,0.0266440522843453
"TTCTAGTAGCCTCTTC-1_1",0.0031954572755444,0.0358966563020634
"TTCTAGTGTCGCGTCA-1_1",-0.0786376511919007,0.00364537450218769
"TTCTAGTGTTTACGAC-1_1",-0.0565841577600463,-0.0166402379833683
"TTCTCTCAGCCGTAAG-1_1",0.108168149961948,0.0787888864539531
"TTCTTCCCAAGTTCGT-1_1",-0.0467013941372279,-0.0207839331334014
"TTGAACGAGTAGATCA-1_1",0.101171841205378,0.103972047625725
"TTGATGGCACATTCTT-1_1",0.0457033778391716,0.0135225666507347
"TTGATGGTCGCGAAGA-1_1",-0.0527478905307901,0.00228579694644682
"TTGCATTCAGAGATTA-1_1",0.154439820153802,0.156170281442267
"TTGCCTGAGACCGTTT-1_1",-0.101325842675344,0.0016688415888293
"TTGCCTGGTCGTATTG-1_1",0.065144069410803,0.0436447268471747
"TTGCCTGGTCTTGTCC-1_1",-0.0246250833506822,-0.0329374560615711
"TTGCCTGGTTATGGTC-1_1",0.0493404745733232,-0.0315764749894696
"TTGCGTCTCACGATCA-1_1",0.0543957083589387,-0.148726400489621
"TTGCTGCAGTGGATTA-1_1",-0.0259984673329047,-0.0084246099335274
"TTGCTGCTCGAGCCTG-1_1",-0.0165291605386351,-0.0106041429447273
"TTGGGATAGCGTCTCG-1_1",-0.0599098495154046,-0.010500231273482
"TTGGGATCATTGTGCA-1_1",-0.0557650416994036,-0.0136812715461976
"TTGGGATTCGGCGATC-1_1",-0.014452257543149,-0.00362972832930807
"TTGGGCGGTGCGCTCA-1_1",-0.0106998579962639,-0.00686195363423455
"TTGGGTAAGAGTCCGA-1_1",0.0554418113319324,-0.0572568863372834
"TTGGGTACACCGTGAC-1_1",-0.0722290792214661,-0.0171258301739539
"TTGTGTTCAATGGCCC-1_1",-0.0172096179143253,0.0218971810146696
"TTGTTCAGTTCAAGTC-1_1",0.231396455560415,0.26501160284282
"TTGTTGTCACTCAAGT-1_1",-0.0679500883483591,0.014921975124926
"TTGTTTGCACTGCATA-1_1",-0.238159539105147,0.0214162153918297
"TTTACCAAGGAAGAAC-1_1",-0.0484611227379073,-0.0148526673057417
"TTTACCAGTATCAAGA-1_1",-0.0623933226723494,-0.00230394804121966
"TTTACTGGTAGCACAG-1_1",-0.0120235052580568,0.00186871478867759
"TTTAGTCTCCCGAATA-1_1",0.0119578917360447,-0.0326844529145115
"TTTATGCCAGCGTGCT-1_1",0.00681209400240437,-0.00741018584614566
"TTTATGCGTCAAAGTA-1_1",0.179764351589659,0.236239872852849
"TTTCACAAGTGAGGTC-1_1",0.0214917949332008,-0.0214667346010481
"TTTCAGTAGGAGATAG-1_1",-0.0325777409522902,-0.0024113680639174
"TTTCAGTCACTCCGGA-1_1",0.162039745164139,0.1684818342544
"TTTCAGTGTGTTACAC-1_1",-0.051589716090674,-0.0531710541755304
"TTTCATGAGGTTCCAT-1_1",-0.0253284137375857,-0.0143343547055287
"TTTCCTCAGCATCCTA-1_1",-0.0738737634375869,-0.0093710506092194
"TTTCGATAGGCACTCC-1_1",-0.0730331665331979,0.0248277783212684
"TTTCGATCAATACGAA-1_1",-0.0974141983863659,-0.028901104236097
"TTTCGATGTCTTGCTC-1_1",0.0146127652613497,0.00192637022853414
"TTTCGATTCGTTACCC-1_1",-0.113760562488434,-0.0100677688813428
"TTTCGATTCTGTCCCA-1_1",-0.0673000767258239,0.0245921020324421
"TTTGACTGTAGTCACT-1_1",-0.139369851823197,0.0206679761696639
"TTTGATCGTGGGATTG-1_1",-0.0325179671240744,-0.00828900385299736
"TTTGATCTCGCATTAG-1_1",0.00101195224799938,0.016255769011544
"TTTGGAGAGTTGCGAG-1_1",-0.0684807202415663,-0.0118197493138891
"TTTGGTTTCCATTTGT-1_1",-0.0582275293772058,-0.00121336953906862
"TTTGTTGGTCTTACAG-1_1",-0.0535019461594457,0.0140939677995806
"TTTGTTGGTTAGGGTG-1_1",-0.0554995972810977,0.0164330421558051
"AAACCCAAGAGCCCAA-1_1",0.0747415042761474,-0.22647767168378
"AAACCCAGTTTAGAGA-1_1",0.0220053101628742,-0.192683039391557
"AAACGAACATAATCCG-1_1",0.217506667801369,0.280441454347575
"AAACGAAGTGCTCGTG-1_1",0.130610447995277,-0.144612026377899
"AAACGAATCGCTCCTA-1_1",-0.0768624715902674,-0.0870838943119984
"AAAGAACCACAGCCAC-1_1",0.0749564320843304,-0.214895593752595
"AAAGAACCATCGGAGA-1_1",-0.012198086244903,-0.18890409839729
"AAAGAACGTGACTCTA-1_1",0.11105591907716,-0.188194382477693
"AAAGAACTCGGTAACT-1_1",-0.00113961077129058,-0.198944104663623
"AAAGGATAGGTGCCTC-1_1",-0.0137025342404285,-0.178343319171413
"AAAGGGCTCATGCAGT-1_1",-0.000639279791434296,-0.176167946558228
"AAAGGGCTCTTCCCGA-1_1",0.124605337540138,-0.190753892947274
"AAAGGTATCAGCCCAG-1_1",0.00106039766010564,-0.195353132323327
"AAAGTCCCAAGCGGAT-1_1",-0.04142564457165,-0.138518248539506
"AACAAGACATACGCAT-1_1",-0.0228492699824355,-0.177420186677876
"AACACACGTCTGCGCA-1_1",-0.108835063499953,-0.0490377267271751
"AACCACAGTGAATTGA-1_1",0.00222904251446355,-0.177970247457232
"AACCATGCATACCGTA-1_1",0.022193199883718,-0.193971042232676
"AACCATGTCCCGTTCA-1_1",0.0133785582539952,-0.194203274694205
"AACCATGTCTTGTTAC-1_1",-0.0648667788735759,-0.101988028689141
"AACCCAAGTTTGTTCT-1_1",0.139784691627636,-0.186326271252273
"AACGAAACAATGAAAC-1_1",0.0553416550277023,-0.190260882451463
"AACGAAACAGAGTTGG-1_1",0.118376968239078,-0.222494227426962
"AACGAAATCGAGAAAT-1_1",0.0593436935759169,-0.207645976786199
"AACGGGACAGATACCT-1_1",0.0696255969147088,-0.199290197671525
"AAGAACATCGAGAGAC-1_1",0.167090712336714,-0.187339858652694
"AAGACAACAAGACGGT-1_1",0.0794650464159435,-0.228498894984734
"AAGACTCGTGGAAATT-1_1",0.0177427147428293,-0.179060229078292
"AAGACTCTCTGGGAGA-1_1",0.0955057863801188,-0.221630636543696
"AAGATAGCATCACGGC-1_1",-0.0201310401649745,-0.173044469811375
"AAGCATCAGGTATTGA-1_1",-0.0569711651939405,-0.115299475905186
"AAGCATCAGTGGAAAG-1_1",0.000723295606526108,-0.189406831017761
"AAGCATCGTTCTTAGG-1_1",0.0885330453377936,-0.226265753247564
"AAGCGAGGTAAGATAC-1_1",0.119275412895261,-0.219189439952727
"AAGCGTTGTTCCTAGA-1_1",0.127834101688947,-0.0146840447603369
"AAGCGTTTCCTTCTTC-1_1",-0.199574964092592,0.00633800487767129
"AAGGAATAGCATAGGC-1_1",-0.059490984655744,-0.127352696821725
"AAGGAATAGGGAACAA-1_1",0.0393615374366584,-0.181191632880239
"AAGGTAACATGGCCCA-1_1",0.0665448600698873,-0.218920127353015
"AAGTACCTCTTGGAAC-1_1",0.0603267658838661,-0.222418228889544
"AAGTCGTCAACTCCAA-1_1",0.0150282312114393,-0.184130547642967
"AAGTGAAGTAGGTACG-1_1",0.195946585526816,0.255053202934559
"AAGTGAAGTGACAGGT-1_1",0.0177851524030788,-0.149991159900177
"AAGTTCGGTACGTTCA-1_1",0.105917106678218,-0.222491845659631
"AATAGAGCATAGATGA-1_1",0.0722957983427906,-0.218249473462307
"AATAGAGGTAACATAG-1_1",0.110645693893032,-0.1370466302302
"AATCACGCAGCTCGGT-1_1",0.135970597391799,-0.206599713077916
"AATCGACGTAGGCTGA-1_1",0.012096990821611,-0.151866907356999
"AATCGACTCCGTCAAA-1_1",0.0273719190757712,-0.205860509191801
"AATCGTGAGATCCGAG-1_1",0.0133056658280194,-0.165717067400025
"AATGAAGAGACTACCT-1_1",0.0375341119293849,-0.204655157599623
"AATGAAGCAAGTGCAG-1_1",0.0319712193860157,-0.159705730510371
"AATGAAGGTAGCTTGT-1_1",0.0893977902663892,-0.171199662349761
"AATGACCCATTGTGCA-1_1",0.18460065704673,-0.191721876711848
"AATGACCTCCCAAGCG-1_1",-0.0238172377934978,-0.178942855557643
"AATGCCACAGCTTTCC-1_1",-0.0382831547502805,-0.0952528652400795
"AATGCCATCTCAACCC-1_1",-0.0290861784128286,-0.154449650713173
"AATGGAAAGGATGGCT-1_1",-0.0369748790233701,-0.135047739686321
"AATGGAACAGTCTACA-1_1",-0.0321759365063631,-0.161235211728653
"AATGGAAGTCCATACA-1_1",-0.012401143381255,-0.19033187627822
"AATGGCTAGACATACA-1_1",0.0519061656574515,-0.200547727169295
"AATGGCTAGGTCACAG-1_1",0.0500256364641229,-0.214087662930755
"AATGGCTCAGGTGGAT-1_1",0.130629719926866,-0.0364446830678524
"AATTTCCAGAGGATCC-1_1",0.0166944738329494,-0.194665964103897
"AATTTCCCAGAACATA-1_1",-0.0547362807501802,-0.0808661339669624
"AATTTCCTCATTATCC-1_1",0.067038062250793,-0.225632691225375
"ACAAAGACACGAAGAC-1_1",-0.0384247772896491,-0.0863502085171751
"ACAAAGACAGCCATTA-1_1",0.0963751117380799,-0.19683152865523
"ACAAAGATCGAATCCA-1_1",-0.0321850241187009,-0.169163944754147
"ACAACCACATCGAACT-1_1",0.0404649840502795,-0.180757907896346
"ACACCAAGTATCATGC-1_1",0.188555780221592,0.2723017025776
"ACACCAAGTTAGAAAC-1_1",-0.0232020927338583,-0.175131834605312
"ACACCAATCCGAAGGA-1_1",0.0520798464095794,-0.18339676446187
"ACACTGATCCGTGACG-1_1",-0.0896675723820005,-0.057642180536794
"ACAGCCGCAGGACGAT-1_1",0.130224756127144,-0.21566729544027
"ACAGGGAGTCGAAACG-1_1",-0.298547360608316,0.0435071304274907
"ACATCCCAGTATGATG-1_1",-0.0406557385623821,-0.135387647718805
"ACATTTCTCGCTAATG-1_1",0.0175482150144436,-0.194833389443805
"ACCAAACAGTAGAGTT-1_1",-0.00575251357073248,-0.190245729783988
"ACCAACAAGTCTCCTC-1_1",0.118780182631811,-0.229794142712159
"ACCATTTAGCACGATG-1_1",0.109730546784574,-0.211163245822875
"ACCATTTCAACTGCCG-1_1",0.0653481021680113,-0.212715312474399
"ACCATTTGTATAGGGC-1_1",-0.0189231828809245,-0.187256695589041
"ACCCAAACAACACAAA-1_1",0.103516674987232,-0.158168917255089
"ACCCAAACAAGACGAC-1_1",0.00298585587999965,-0.157202549123046
"ACCCAAACACGCTGCA-1_1",0.124660077090018,-0.215499748044375
"ACCCTCAAGAGGGTCT-1_1",0.0608889844240368,-0.220464389141246
"ACCCTCAAGGGTAATT-1_1",-0.11094081751533,-0.0271967275310126
"ACCCTCAAGTCTGTAC-1_1",-0.0221871436726944,-0.168514690078178
"ACCCTCAGTGATACTC-1_1",0.060284266490961,-0.220975001133248
"ACCCTCATCACCTCAC-1_1",0.0420086398946418,-0.170159993950798
"ACCCTTGGTGGCTGAA-1_1",-0.0259624395274066,-0.156546724534286
"ACCCTTGGTTCAAGGG-1_1",0.00753210303530539,-0.177470471721303
"ACCCTTGTCGCGCTGA-1_1",0.000475165138080309,-0.171669504595622
"ACCTACCAGAGGCGGA-1_1",0.0413736163935088,-0.173150691348595
"ACCTACCGTTCCGGTG-1_1",-0.0236948332696496,-0.169948413002907
"ACCTGAATCGCATAGT-1_1",-0.0194523191053619,-0.178349449538347
"ACCTGTCAGTATGCAA-1_1",0.129246829081859,-0.0392841739755519
"ACGATCAAGACGCCAA-1_1",0.0533173186411714,-0.178665831374511
"ACGCACGCAAATCCCA-1_1",-0.0188848351983701,-0.167120213899181
"ACGGAAGGTTCGGTCG-1_1",0.0996109262338645,-0.219857275686231
"ACGGTCGAGCATGATA-1_1",-0.000802187222022568,-0.0839574792239993
"ACGGTCGTCGGAATTC-1_1",0.0182609691479712,-0.199001128848539
"ACGGTTAGTCCGGTCA-1_1",-0.0149310880090394,-0.176416500543943
"ACGGTTATCGTGTGAT-1_1",0.0262946413174092,-0.213477088578272
"ACGTAACGTCTACTGA-1_1",-0.0180713389747644,-0.158008696627726
"ACGTACACACAGTGAG-1_1",-0.0262597629296123,-0.158316569425897
"ACGTACATCCGTGCGA-1_1",-0.0191930878824965,-0.174087939236455
"ACGTCCTAGATGAACT-1_1",-0.0485743667418761,-0.140124356858743
"ACGTCCTCAGGTGTTT-1_1",-0.0471150428909741,-0.132307120403422
"ACTACGAAGTGAACAT-1_1",-0.0346937327615984,-0.161398910112078
"ACTATCTTCGACATAC-1_1",0.011548349621894,-0.20419356711891
"ACTATGGCAATCGAAA-1_1",0.174759233690645,-0.174728520278477
"ACTATGGCACTTACAG-1_1",0.205828545653831,0.289588858627584
"ACTATGGTCGAACCAT-1_1",0.0759100671751973,-0.22002717720681
"ACTATTCCATTGAGGG-1_1",0.0978052315386291,-0.213469451650665
"ACTCCCAGTCATCCGG-1_1",0.186863006779654,0.295394418207843
"ACTCCCATCGGCCTTT-1_1",0.0536776477996802,-0.205414722053728
"ACTCTCGCAGATACCT-1_1",0.10869894053158,-0.056645154138043
"ACTGCAAAGGTCCAGA-1_1",0.0646052678057964,-0.17580100136468
"ACTGTGACATAGCTGT-1_1",0.0337237027732771,-0.181105510050074
"ACTGTGACATCGAAGG-1_1",0.000238496201739392,-0.032671045311486
"ACTGTGAGTAATGCTC-1_1",0.0135466825823966,-0.194939323035861
"ACTTAGGAGTCATACC-1_1",0.0177047358386488,-0.188395972353358
"ACTTAGGCAGGCGTTC-1_1",-0.0455302750845966,-0.104050297311131
"ACTTATCCAATACGCT-1_1",0.120135955890843,-0.231481428677217
"ACTTATCTCACAAGAA-1_1",0.0597432777043755,-0.189597286397074
"ACTTCGCAGTGCGACA-1_1",-0.0251415367324977,-0.138758273944453
"ACTTCGCGTAGACAGC-1_1",-0.0224824489675145,-0.17146938502908
"ACTTCGCTCCACGGGT-1_1",-0.0240178340951,-0.175923609592309
"ACTTTCAAGCGATCGA-1_1",0.0377634302772702,-0.202295065410726
"ACTTTCAGTGTTTACG-1_1",0.00324011365424208,-0.186109196426053
"ACTTTGTCACACGGAA-1_1",0.00233240141267201,-0.162507238218955
"ACTTTGTGTTGCTAGT-1_1",0.00595181192896887,-0.175033439498056
"ACTTTGTTCCCGTGTT-1_1",0.0695009405389251,-0.157653662239465
"AGAAATGCAGAAATTG-1_1",0.0809255652263215,-0.224254363414163
"AGAACCTAGATGGCGT-1_1",0.0507841842402932,-0.180227677295525
"AGAAGTAAGTGGCCTC-1_1",0.0209964216730634,-0.153243745515869
"AGAAGTAGTGCGTTTA-1_1",0.0661230248495311,-0.1845307361708
"AGAAGTATCTGAGAGG-1_1",0.113637699394354,-0.227749738585135
"AGAAGTATCTTTGATC-1_1",-0.039264935863654,-0.154337638817303
"AGACAAACAATCGCGC-1_1",0.00545510453753735,-0.189166830273795
"AGACAAAGTACTCGCG-1_1",0.0318720824894966,-0.185947088696803
"AGACACTGTGGATTTC-1_1",-0.0475853148592864,-0.13859107192314
"AGACACTTCGCTGTCT-1_1",0.0712132595364968,-0.161347836685983
"AGACAGGGTTGCAAGG-1_1",-0.0475784727013479,-0.128644405907914
"AGACCATCAACAGCCC-1_1",0.00194131087801905,-0.145862608469881
"AGACCATCACTCATAG-1_1",0.179639247620347,0.293256769107263
"AGACTCATCTCGTTTA-1_1",-0.00824797436940028,-0.173039276755904
"AGAGAATAGATACAGT-1_1",-0.00422515715248901,-0.191893140730957
"AGAGAATTCGAGCCTG-1_1",0.0724936040688449,-0.208893323146677
"AGAGAGCGTATGGAGC-1_1",-0.00290927775522739,-0.19271008095991
"AGAGAGCGTGATACCT-1_1",0.028569000841791,-0.195359414198495
"AGAGCCCTCCGTATGA-1_1",0.0893983537392808,-0.164302716400451
"AGATAGAAGCAAGGAA-1_1",-0.0093253702530492,-0.169394526493768
"AGATAGACAACGAGGT-1_1",0.0360952065825717,-0.16904508598933
"AGATCCACACTGAGGA-1_1",0.201614050889722,0.291239133618682
"AGATCCAGTCACGACC-1_1",0.0674199754682551,-0.169123626334914
"AGATCGTAGGCCTAAG-1_1",-0.0246562060453833,-0.175774416681731
"AGATGAATCTCCGAAA-1_1",0.029392951186299,-0.156111251993467
"AGCATCAAGGCACCAA-1_1",0.0973799602032998,-0.191161520237965
"AGCATCAAGTCATACC-1_1",-0.0171699653177155,-0.174652270432597
"AGCATCAGTCCCGCAA-1_1",0.0490296944085281,-0.220546619333998
"AGCATCAGTCCGAAAG-1_1",0.0846565344410926,-0.210362639548079
"AGCATCAGTTCCTAAG-1_1",0.0532552561448898,-0.205422242111744
"AGCATCATCCGGCAAC-1_1",0.219100050402386,0.269150351836948
"AGCCAATAGTAAGCAT-1_1",-0.0552644240247865,-0.135586134732869
"AGCCAATAGTGACCTT-1_1",0.0348467472323278,-0.210320836407424
"AGCCAATGTGCGTGCT-1_1",-0.0115888475231269,-0.189099461403482
"AGCCAATTCATGAAAG-1_1",-0.074602146626488,-0.0439769453456322
"AGCCACGAGAATCGCG-1_1",-0.0427914119728365,-0.142391372617489
"AGCCACGGTATTGGCT-1_1",0.0574307958632195,-0.216525365724213
"AGCCACGGTCTCAGAT-1_1",-0.0513929801154957,0.0391125809276279
"AGCCAGCGTATGTCTG-1_1",0.0484990772632634,-0.212864589924471
"AGCGATTCAGACACAG-1_1",0.000819231507527462,-0.18035292896937
"AGCGATTCATCTTTCA-1_1",-0.0142485133144963,-0.186295400246853
"AGCGCCAGTGTGTTTG-1_1",0.0952030978215552,-0.227163587585837
"AGCGCTGAGTTACGGG-1_1",0.140736038827104,-0.165129891696946
"AGCGTATTCATATGGC-1_1",-0.0387897497613807,-0.149789018829528
"AGCTACAGTTTACTTC-1_1",0.0410894688677074,-0.184511549690014
"AGCTTCCAGCGTACAG-1_1",0.106709633191877,-0.220899550898748
"AGCTTCCTCTTACACT-1_1",0.130725335244249,-0.0700177758268427
"AGGAATACAGGCTTGC-1_1",0.115835357254352,-0.222883973143681
"AGGAATAGTACGAGCA-1_1",0.0723312200070594,-0.178740483779999
"AGGACGAAGAGCATTA-1_1",0.0250833729089434,-0.151383347020936
"AGGACGAAGTATGCAA-1_1",-0.0243658248078206,-0.125539393503187
"AGGACGAGTCACTGAT-1_1",-0.0421937166713688,-0.152264677207932
"AGGACTTAGGTGTGAC-1_1",-0.0412590854917576,-0.146470757034051
"AGGACTTTCTCCACTG-1_1",-0.013023206160193,-0.177336846435938
"AGGACTTTCTTAGCTT-1_1",-0.0592817276082962,0.00808719135738019
"AGGAGGTTCCCTCATG-1_1",-0.00145843084236689,-0.191700493504967
"AGGATCTTCAGCATTG-1_1",-0.043107999473287,-0.0711170198697983
"AGGCCACAGGTCGTAG-1_1",-0.0822767472999644,-0.0788989209139585
"AGGCCACCATTGGATC-1_1",0.229131391493978,0.267874348096272
"AGGCTGCGTAGCTGTT-1_1",0.0159203154595983,-0.178674379083964
"AGGGAGTAGAGAATCT-1_1",0.041554481434008,-0.17242382530303
"AGGGAGTAGGTATAGT-1_1",0.0879731362577169,-0.205900080736253
"AGGGAGTTCGGAACTT-1_1",0.0571258342899397,-0.0851136877185389
"AGGGAGTTCTGGGATT-1_1",0.120760355376929,-0.215433508104075
"AGGGCCTAGAGATGCC-1_1",0.118011161863385,-0.195566406849034
"AGGGCCTCACTCAGAT-1_1",-0.0921603194082037,-0.0919097542756824
"AGGGCCTGTAATTAGG-1_1",0.132487437370255,-0.208464626022275
"AGGGCTCGTTACCCTC-1_1",-0.0192884544815261,-0.153626649490081
"AGGGTCCGTTCGTAAC-1_1",0.0595594732265722,-0.184607267529706
"AGGGTCCGTTGTAAAG-1_1",0.00372712515721168,-0.193576406496653
"AGGGTTTCATTAAAGG-1_1",-0.00035477100235219,-0.193421843638478
"AGGTCATGTGAGACGT-1_1",-0.141875850915186,-0.00280062879366346
"AGGTCTATCATTGTTC-1_1",-0.0233384576905676,-0.147405373676954
"AGGTCTATCCTATTGT-1_1",0.0402777451846333,-0.183876229113117
"AGGTGTTTCAGCGTCG-1_1",0.043806938218694,-0.183987224493383
"AGGTGTTTCCATTTGT-1_1",0.031726765389894,-0.172736778256774
"AGGTTGTCATCCCGTT-1_1",-0.0526645696162342,-0.114218859938836
"AGTACCAGTAGATCCT-1_1",0.00497168215458792,-0.191383202789796
"AGTACCAGTCCTCCAT-1_1",-0.0552159507818528,-0.119069672516791
"AGTACTGGTAGCCCTG-1_1",-0.0454353778988673,-0.141412042307273
"AGTAGCTGTTACACAC-1_1",-0.0395735767646622,-0.157328198105552
"AGTAGCTTCAGCAATC-1_1",0.0463634522382508,-0.183368443908475
"AGTAGTCAGAACGTGC-1_1",0.072516052273909,-0.211113942888482
"AGTAGTCAGTGTTCAC-1_1",0.0897270729829058,-0.22714285632123
"AGTCAACAGAGCTGCA-1_1",-0.0403482241171008,-0.147583166753611
"AGTCACATCGATTGGT-1_1",0.0349505301872369,-0.160095475222908
"AGTCATGGTCAAGTTC-1_1",0.110313792426554,-0.00725848265544652
"AGTGACTGTTGAGGAC-1_1",0.0248393377319409,-0.19025284105954
"AGTGATCAGGCCACCT-1_1",0.121718188799005,-0.155167800825461
"AGTGATCGTCATATGC-1_1",0.0851190089882353,-0.21926959582662
"AGTGATCTCATTACGG-1_1",-0.0723814464087996,-0.0875243613037941
"AGTGCCGAGAAGCTCG-1_1",-0.017684403720429,-0.16072153993299
"AGTGCCGAGATCCCAT-1_1",0.083388534244336,-0.178454298932756
"AGTGCCGGTATTGAGA-1_1",0.14428394920265,-0.176186758920705
"AGTTCGAAGCCGTTGC-1_1",0.0392630769109474,-0.177951852425245
"AGTTCGATCACTACTT-1_1",-0.0159523413999846,-0.139332773665151
"ATACCGAGTAGCGTCC-1_1",0.072591415520586,-0.223077448612938
"ATACCTTAGTCCCAAT-1_1",-0.0102192321974857,-0.185773906656163
"ATACCTTGTTGGCTAT-1_1",0.0472811092070696,-0.171038518277287
"ATACCTTTCGATACAC-1_1",0.0425275796995065,-0.201761846793738
"ATACTTCCAAGTGCAG-1_1",-0.0363680866611742,-0.15533622499457
"ATAGACCAGCTACTGT-1_1",-0.194877066049645,0.0185044929699705
"ATCACAGCACGCTGCA-1_1",0.0741231024490416,-0.209358626077075
"ATCACTTTCTCGTCGT-1_1",0.00339154995294833,-0.181149106759467
"ATCAGGTCATAGATCC-1_1",0.0319530535978179,-0.205823886753968
"ATCATTCAGCCTCTGG-1_1",0.0883713904244958,-0.178147564065022
"ATCATTCTCCCTTCCC-1_1",-0.0651607351351668,-0.0653243190604993
"ATCCACCCACCCTAAA-1_1",-0.0196461830605876,-0.165700818580438
"ATCCACCCAGGCGTTC-1_1",-0.0136937737134846,-0.18999347182513
"ATCCACCGTCGAGATG-1_1",0.100474411246099,-0.231611706796012
"ATCCCTGAGAGCTGCA-1_1",-9.87623055002174e-06,-0.171974172134689
"ATCCGTCCAGGCACAA-1_1",-0.0765495457572455,-0.0212964717104441
"ATCCGTCGTAACGTTC-1_1",-0.026795347402726,-0.166093251660045
"ATCCGTCGTAGATCCT-1_1",0.197109241751351,0.287603283471857
"ATCCGTCTCTTCTTCC-1_1",0.0461719916730211,-0.173654606036291
"ATCCTATAGCGCCCAT-1_1",-0.00895710522282244,-0.129272539398858
"ATCCTATGTATCGCGC-1_1",0.0518448904378581,-0.206345396766366
"ATCGATGTCATTGCGA-1_1",0.109797421183602,0.0445479068200591
"ATCGCCTCAACCCTAA-1_1",0.127233222672926,-0.230116954487909
"ATCGCCTCAAGTGACG-1_1",0.0173005102011688,-0.179636247698634
"ATCGGATCAAGAATGT-1_1",0.135190919200534,-0.154641539258724
"ATCGGATTCCGACGGT-1_1",-0.0282978101874528,-0.171494927788066
"ATCGGCGAGGGTTTCT-1_1",-0.000484626782413138,-0.19732859166292
"ATCGGCGCAGTCCCGA-1_1",0.126174604002322,-0.173583518086276
"ATCGTCCGTTCTCCAC-1_1",0.00293696826552321,-0.180583841433574
"ATCGTCCTCACAATGC-1_1",0.0122693710878089,-0.169939507036381
"ATCGTCCTCATGCCAA-1_1",0.00582702875185848,-0.195777958745257
"ATCGTCCTCGAACACT-1_1",-0.03879815332407,-0.149268544016032
"ATCGTGATCACGATAC-1_1",-0.0174328502602403,-0.186869558431366
"ATCTCTACATGGCCAC-1_1",0.0488576526735491,-0.217187144896679
"ATCTCTACATGTCTAG-1_1",0.0431921731208064,-0.198140783430501
"ATGAGGGAGGCACCAA-1_1",0.0231500677407264,-0.149993828710964
"ATGAGGGGTATCCTTT-1_1",0.0538588071542323,-0.159357456046161
"ATGAGGGGTCCGGCAT-1_1",0.0484271147152999,-0.199315306064319
"ATGAGTCGTTGCCGCA-1_1",-0.0212489035252754,-0.160787073482126
"ATGATCGAGCTCGACC-1_1",0.0826329619284495,-0.194577882953389
"ATGCATGAGAGGTTTA-1_1",0.0507311413507556,-0.219004093047232
"ATGCCTCAGCCATGCC-1_1",0.031051814559841,-0.216182413256194
"ATGCCTCCACGACAAG-1_1",0.0541290525761498,-0.204407971826031
"ATGCCTCTCAAGGCTT-1_1",-0.00312945934638627,-0.163580668835363
"ATGGAGGCATCTGCGG-1_1",0.0129987069517952,-0.181791461533964
"ATGGAGGTCATTCTTG-1_1",0.125731278569646,-0.211658182991455
"ATGGATCCACTCTAGA-1_1",-0.0385723745582284,-0.153851862098945
"ATGGTTGGTAGGCAAC-1_1",-0.0144358088096736,-0.159077459039116
"ATGTCCCAGCAGTAAT-1_1",0.0034986331651053,-0.185482557690029
"ATGTCCCCACATTGTG-1_1",0.175978516772706,-0.183902317498104
"ATGTCCCGTCACCGCA-1_1",-0.0676783476498171,-0.0639562638878104
"ATGTCCCGTGGAAGTC-1_1",-0.0380386774349746,-0.127523616396816
"ATGTCCCTCACTGGGC-1_1",-0.0497203385012244,-0.104375650733499
"ATGTCTTTCGGACGTC-1_1",0.121062594288849,-0.214124408688194
"ATTACCTCACACCTAA-1_1",0.119927687232636,-0.21928830838959
"ATTACCTGTCTCTCTG-1_1",-0.0618042458086006,-0.02107223303765
"ATTACCTGTTCAGTAC-1_1",-0.0264937828899159,-0.151864485089586
"ATTACTCTCGATTGGT-1_1",0.142078437897367,0.119212955968813
"ATTATCCTCGCTAATG-1_1",-0.190609882591386,0.0125278987109885
"ATTCACTGTGGAACAC-1_1",0.0412896255760128,-0.203611231950972
"ATTCAGGAGCTATCTG-1_1",0.126329483992875,-0.224689416103779
"ATTCAGGCACGACTAT-1_1",0.0361643228627912,-0.162529074400633
"ATTCCATCATAGACTC-1_1",0.0917054909722221,-0.223022214812634
"ATTCCATGTTCGCGTG-1_1",-0.0398801394239991,-0.141825807806399
"ATTCCCGTCGAAGGAC-1_1",0.0339129920712605,-0.172653863673311
"ATTCCTAAGAGTCAAT-1_1",0.128214681345089,-0.190991703127751
"ATTCGTTAGATAGTCA-1_1",0.0691949236242323,-0.141736853580315
"ATTCTACGTTAAAGTG-1_1",0.0560545437942106,-0.196047198726721
"ATTCTACTCGGTCGGT-1_1",0.0544544072981935,-0.192712551850399
"ATTCTTGGTAGATTGA-1_1",-0.000271404520768322,-0.182588535662897
"ATTCTTGGTCGATTTG-1_1",0.00448183965099838,-0.194722903102019
"ATTTACCAGCTAATCC-1_1",-0.000384176295001275,-0.127071578159858
"ATTTCACCAGAATCGG-1_1",-0.0043297336144685,-0.17736989915277
"ATTTCTGAGCAAACAT-1_1",-0.0246129403566991,-0.149348317461303
"ATTTCTGCAGAGCCCT-1_1",0.0346189247214849,-0.179936619915222
"ATTTCTGTCACACCCT-1_1",-0.0183549593353856,-0.166993596569918
"ATTTCTGTCTCCCAAC-1_1",0.0295692514860697,-0.158426785660965
"CAACAACAGAGGCGTT-1_1",0.00516430733959626,-0.182985991567811
"CAACAACGTTTCAGAC-1_1",0.100454219236123,-0.186733653354471
"CAACAACTCCTATTTG-1_1",0.0303094556573959,-0.197321071030517
"CAACAGTAGCCGGATA-1_1",0.0554314361544985,-0.188263920146958
"CAACAGTCATCCGTGG-1_1",0.103228701781462,-0.170307757817626
"CAACAGTTCCTCTAAT-1_1",-0.0302196115488482,-0.13714563836567
"CAACCAACATCGGCCA-1_1",-0.0106484900412874,-0.177546470635443
"CAACCTCCAAGTGATA-1_1",0.0596492846544703,-0.212109956684099
"CAAGACTGTCTAGGCC-1_1",-0.0423362069878947,-0.138357905122112
"CAAGACTGTTGCATCA-1_1",-0.0229491224969792,-0.114362076812824
"CAAGCTAAGTTACGTC-1_1",0.00715836711249191,-0.164255952148273
"CAATACGTCGGAAACG-1_1",-0.0033351656422313,-0.183120103940435
"CAATCGACACCGCTAG-1_1",0.00433910517254883,-0.0522109601822223
"CAATCGATCGCCATAA-1_1",0.030249583681839,-0.204027427284055
"CAATGACAGAAGTGTT-1_1",0.0479312231185504,-0.189361850693528
"CAATGACCAATGCAAA-1_1",0.0700609164502355,-0.21562004655335
"CAATGACGTTAGGGAC-1_1",-0.0404907638860045,-0.153049618974822
"CAATTTCAGCATCTTG-1_1",-0.0108001307055309,-0.168059797174509
"CAATTTCCACCCTTAC-1_1",-0.013151893443304,-0.181210103552569
"CACAACACAAAGGGTC-1_1",-0.0192450247049128,-0.190182344108454
"CACACAAAGACCGTTT-1_1",0.101721079528407,-0.175353541769994
"CACACAAAGGATTCCT-1_1",0.08448647635267,-0.159748188118076
"CACACAACACTTCTCG-1_1",0.0305479338513569,-0.202385852887127
"CACAGATAGCTCCACG-1_1",0.0698304625572155,-0.194281267196779
"CACAGATAGGATTTAG-1_1",0.0857782647285045,-0.216681456789605
"CACAGATGTCACTACA-1_1",0.0564508272175378,-0.180467652063228
"CACAGATGTTGAGTCT-1_1",0.146683612025887,0.109301044962825
"CACAGGCAGCCTTTCC-1_1",0.0215846285368823,-0.180393798138238
"CACAGGCGTCGATTCA-1_1",0.0869304898621857,-0.219373787024451
"CACAGGCTCACCATGA-1_1",0.0471454915816168,-0.222251705380688
"CACAGGCTCGAGATGG-1_1",0.0802726689248975,-0.219218035270222
"CACCAAAAGAGGTCGT-1_1",0.122755733213475,-0.156882779932571
"CACCAAAGTCCAGCAC-1_1",-0.0116900924013213,-0.171532381290045
"CACCAAAGTCGGTGTC-1_1",0.050416278467038,-0.205349404100947
"CACGAATCACGTTCGG-1_1",-0.0370418523792014,-0.160521074423601
"CACGAATCATCCGGCA-1_1",0.0555465103385525,-0.18691005103452
"CACGTGGTCGTAGCCG-1_1",0.0904637668879573,-0.218983104226976
"CACGTTCTCTACCCAC-1_1",0.075300559781723,-0.229475583210692
"CACTAAGGTCAGTTTG-1_1",-0.0348354239241165,-0.13041731292442
"CACTAAGTCAAGCCAT-1_1",0.0466488988182588,-0.213869769919223
"CACTGAAAGTAATTGG-1_1",0.0674015094353324,-0.223457096851271
"CACTGAATCATGGAGG-1_1",-0.0139597540532099,-0.17913481596175
"CACTGGGCACCTGATA-1_1",0.0454566671211782,-0.210559141672223
"CACTTCGCAAGTGACG-1_1",-0.0491054634908166,-0.135875469951774
"CAGAGCCCATCTGTTT-1_1",-0.0245139765332098,-0.175091609454394
"CAGATCACATGTGACT-1_1",0.0364352715156997,-0.201261564575731
"CAGATCAGTGCACATT-1_1",-0.0512035699396022,-0.081244111117237
"CAGCAATAGTGGAAAG-1_1",0.0773006137254261,-0.202931494893983
"CAGCAGCCAAATGAAC-1_1",-0.00952717612763589,-0.19259622704982
"CAGCCAGAGCACCTGC-1_1",-0.033280778562363,-0.157497737319207
"CAGCCAGAGGGACACT-1_1",-0.00567953621671785,-0.190209443261124
"CAGCGTGAGAACTGAT-1_1",0.0601022718036428,-0.157596365482948
"CAGCGTGAGACCGTTT-1_1",0.126516104157492,-0.21975982805151
"CAGCGTGCACTCTAGA-1_1",-0.0255139902814947,-0.153317056107117
"CAGCGTGGTCATCCCT-1_1",0.0831597222240569,-0.219099890971296
"CAGCGTGTCTCCAAGA-1_1",-0.0132592810710876,-0.176344123155672
"CAGGCCACATGACGTT-1_1",-0.0111318891664377,-0.174986667482788
"CAGTGCGCAGATTAAG-1_1",0.0966696452981955,-0.227494106510273
"CAGTGCGTCAGCGTCG-1_1",0.0394090517475046,-0.214571656734188
"CAGTTCCGTAGCGCCT-1_1",-0.0264444132235571,-0.147239333683878
"CAGTTCCTCCCTTGTG-1_1",0.00847137066435501,-0.194683761557235
"CATAAGCCACTTTAGG-1_1",0.0830494642162112,-0.0663155302519074
"CATAAGCCAGCAGACA-1_1",-0.00806041003214584,-0.185141148358908
"CATAAGCTCAAGTGTC-1_1",0.0186519400586184,-0.181509758778198
"CATAAGCTCTTCCCGA-1_1",-0.0887520655741087,-0.072963440054956
"CATACAGCATGTCAGT-1_1",0.0383498586031061,-0.195072990573602
"CATACCCAGTAAGGGA-1_1",-0.0191552974962573,-0.15125836660791
"CATCAAGTCATTGCGA-1_1",0.051982122103716,-0.179009373390331
"CATCCACAGATGAAGG-1_1",0.0903727981676657,-0.169530438163428
"CATCCACGTTGTTGAC-1_1",-0.022933271902241,-0.109465643163007
"CATCCCAAGTCCTGCG-1_1",-0.0180183980434225,-0.148878820070086
"CATCGTCAGTGCGTCC-1_1",0.10387995877607,-0.226145108104812
"CATCGTCGTATCGGTT-1_1",-0.0368832295314571,-0.0848751546003713
"CATCGTCGTCCAGCAC-1_1",0.0667980134690945,-0.210688843561766
"CATGAGTAGCAGGCTA-1_1",0.051275005132225,0.123124476012548
"CATGAGTAGCCTCTGG-1_1",0.0905105837636501,0.0591887649817823
"CATGCCTAGGGCCCTT-1_1",0.0547379925379462,-0.173861045904377
"CATGCCTTCGCAATGT-1_1",0.0227017020353927,-0.180399853341802
"CATGCCTTCTATACTC-1_1",0.0377938176432062,-0.210136699486158
"CATGCGGAGAAGCTGC-1_1",-0.0165291413724427,-0.175812180010976
"CATGCGGGTCGCTCGA-1_1",0.10626745347539,-0.183886074993646
"CATGCTCTCTTAGCCC-1_1",0.0169708174543941,-0.163797891400438
"CATGGATAGCTCTGTA-1_1",-0.0470263521368987,-0.0843705546526452
"CATGGATCAGGTCCCA-1_1",0.124646535964079,-0.162488709338482
"CATGGTACATAAGCGG-1_1",0.0631114221913356,-0.214612227659424
"CATGGTACATTCTCCG-1_1",-0.0110378497713268,-0.164993102519659
"CATTCATAGTACTGTC-1_1",0.0482341086063183,-0.219925229718773
"CATTCATGTTCGAAGG-1_1",0.0149790018580749,-0.179901222607764
"CATTCATGTTTGAACC-1_1",-0.0288601065458829,-0.155782012881266
"CATTCCGAGATTCGCT-1_1",-0.0142733500517325,-0.157910172470009
"CATTCCGCACGACAAG-1_1",0.0921721408998204,-0.226985840146736
"CATTCTAAGTGGAAAG-1_1",0.0529476375585632,-0.213622244366727
"CATTCTAGTAACGCGA-1_1",0.107427468463223,-0.2224976537493
"CATTGAGGTAGGCAAC-1_1",0.110084823609195,-0.231289407735743
"CATTGAGGTTCCACGG-1_1",0.0487051360070443,-0.206281652835327
"CATTGCCTCCCGAGTG-1_1",0.172379108235835,0.254976006965396
"CATTGTTAGAATCGAT-1_1",-0.137079044394158,-0.029861785973633
"CATTGTTAGTACGTCT-1_1",-0.0325119446561008,-0.152813665658642
"CATTGTTGTGTCCACG-1_1",-0.0238751238652373,-0.118986643884691
"CCAAGCGAGAGATCGC-1_1",0.0885612295374653,-0.22955149624476
"CCAAGCGTCAATCTCT-1_1",-0.00674379566795405,-0.0863421499774373
"CCAATGAGTCAGGAGT-1_1",-0.0101569499142251,-0.174838666546166
"CCAATGATCCCAGGAC-1_1",0.058399168815878,-0.177803806391358
"CCAATTTAGAATCCCT-1_1",-0.0382436294191185,-0.123804805046378
"CCACACTCATCGTCCT-1_1",-0.0108950165100551,-0.184434786997672
"CCACACTGTGCATGTT-1_1",0.0192884820653794,-0.199101814321902
"CCACACTGTTCGGGTC-1_1",0.00275296675919903,-0.0767765120648654
"CCACACTTCCTGTAAG-1_1",0.0827781974631075,-0.186805886485696
"CCACGAGCACTCCACT-1_1",0.0281807912862019,-0.190965171045517
"CCACGTTAGTAACGTA-1_1",-0.0576071061429537,-0.0776887963452952
"CCACGTTCAGGAATCG-1_1",0.0360690499784796,-0.172124256855559
"CCACTTGAGTAACCTC-1_1",0.125990561405886,-0.166069752823767
"CCACTTGCATCGGATT-1_1",-0.0170387620090838,-0.157444754819159
"CCATAAGTCGTTAGTG-1_1",-0.0329248121440924,-0.151101360094663
"CCATCACCAACAACAA-1_1",0.081448881424806,-0.15943180479664
"CCATCACGTGTGGTCC-1_1",-0.0313692039257907,-0.108999091308443
"CCCAACTAGGTACATA-1_1",-0.0275791782244676,-0.164603926384468
"CCCAACTCAATTGGTC-1_1",-0.00103109404939583,-0.1698584673155
"CCCAACTCACGAGGTA-1_1",-0.0501922000633936,-0.125708872576503
"CCCAACTGTCATCTAG-1_1",-0.0368039371478163,-0.0378732353291088
"CCCAACTTCATCGGGC-1_1",-0.0162572096461203,-0.178947991117185
"CCCATTGGTCAAACGG-1_1",-0.010007347374851,-0.167756237940709
"CCCATTGTCAGCGTCG-1_1",0.0738679777792119,-0.224645738097494
"CCCATTGTCCATAGAC-1_1",0.0584387390497654,-0.190281372952356
"CCCGAAGAGCAGCAGT-1_1",-0.00721071237539519,-0.168636906232293
"CCCGAAGGTATCTTCT-1_1",0.0887842526641783,-0.188715200620916
"CCCGGAAAGCTCCCTT-1_1",0.12411894979287,-0.14532713432017
"CCCGGAATCAACGTGT-1_1",-0.0870405874769228,-0.0559349994820129
"CCCTCAAAGATGCCGA-1_1",0.113521767556059,-0.228459818414782
"CCCTCAACAGGGTCTC-1_1",0.0745429836483,-0.211242295616625
"CCCTCAAGTTGGCTAT-1_1",0.143189402138993,-0.153052512088423
"CCCTCAATCCATCGTC-1_1",0.0505074988641926,-0.199445529467897
"CCCTCTCTCCACGTCT-1_1",0.0829664133875237,-0.226649646280716
"CCCTCTCTCGGTAACT-1_1",0.120383966529407,-0.226680849474517
"CCCTTAGTCTTAGTTC-1_1",0.0863768849307945,-0.206394457330787
"CCGAACGCAGTCTGGC-1_1",0.127841846402217,-0.160876381808875
"CCGAACGGTCCGCAGT-1_1",0.0868156587187138,-0.22158925474488
"CCGATCTCAAATGAAC-1_1",0.113030314676421,-0.184165155393416
"CCGATCTCAGAGCTAG-1_1",-0.0167798544655728,-0.153016372522637
"CCGATCTGTGCTCGTG-1_1",0.102630521983864,-0.231826166651857
"CCGATGGAGTTGTAGA-1_1",0.00660165076553111,-0.182965740775185
"CCGGACAGTCTGCATA-1_1",0.0242431093415991,-0.20255828122491
"CCGGTAGCAGTAGTTC-1_1",0.0657013698396085,-0.211850059912066
"CCGGTGACAAGCGAGT-1_1",0.0443883624760699,-0.212839258588603
"CCGGTGAGTCTGTCCT-1_1",0.23075285495184,0.267361962024911
"CCGTAGGAGAGTTCGG-1_1",0.166714402434181,-0.181662407969691
"CCGTAGGAGTTGCTGT-1_1",0.00993577148090195,-0.125984237833553
"CCGTAGGGTCACATTG-1_1",-0.032689369801613,-0.160002164066948
"CCGTGAGTCTCTAGGA-1_1",-0.0222718523993212,-0.15254103028586
"CCTAAGAGTCATCACA-1_1",-0.270765442099149,0.0311583300421226
"CCTACGTTCCAATCCC-1_1",0.0427759589732601,-0.183482587473628
"CCTATCGAGCACTAGG-1_1",0.0203760967288896,-0.198944791033226
"CCTCAACAGTTGCCCG-1_1",-0.0268313333824534,-0.163144158577133
"CCTCACAAGCAACCAG-1_1",-0.070501441451143,-0.0658277788493018
"CCTCACAGTGTAGTGG-1_1",-0.0401259501386375,-0.147188036238753
"CCTCATGCAAGCTGCC-1_1",-0.115406642947613,-0.0381510611020699
"CCTCATGGTTGCCGCA-1_1",-0.00411536839677269,-0.16081284212554
"CCTCATGTCATAGACC-1_1",0.0601625573912689,-0.187511567008866
"CCTCCAACAGTTTCGA-1_1",0.0407175806257805,-0.127132652931947
"CCTCCAATCCGATAGT-1_1",0.0234783998196301,-0.207459841465719
"CCTCCTCTCTCTTAAC-1_1",-0.0280126740255395,-0.141048563241257
"CCTCTAGTCAGCAATC-1_1",0.0945071944677948,-0.225105973583629
"CCTGCATAGGATATAC-1_1",-7.85388672741029e-05,-0.0191799976911602
"CCTGCATAGTCATTGC-1_1",-0.00563693162203577,-0.183298080597935
"CCTGCATGTGCGACAA-1_1",0.0624116772399168,-0.218292210385842
"CCTGCATTCTGCGGAC-1_1",0.0578924761661067,-0.215667906240826
"CCTGTTGAGCCATATC-1_1",0.0727501669853233,-0.190812026550439
"CCTTGTGAGCCGATTT-1_1",-0.0474023664826031,-0.137419500367053
"CCTTGTGAGTACGAGC-1_1",-0.0260960364850595,-0.153892958431325
"CCTTTGGGTTAACCTG-1_1",0.139220055432119,0.190877148447474
"CGAATTGAGAAGTATC-1_1",-0.0476918548839088,-0.147650595279498
"CGAATTGCAATATCCG-1_1",0.224915060575423,0.270003771116365
"CGACAGCCATTGGATC-1_1",0.0351542357226611,-0.186406696499859
"CGACAGCTCAGCAATC-1_1",0.115270787125984,-0.216201037610499
"CGACAGCTCTTACCGC-1_1",0.133892594120476,-0.220246336339299
"CGAGAAGCAATATCCG-1_1",-0.00114182563943955,-0.138033792606292
"CGAGGAAAGCAACAAT-1_1",-0.0571405739664927,-0.126860065832846
"CGAGTTATCAAGCCGC-1_1",-0.00894013256149087,-0.167298882722425
"CGATCGGAGAATCTAG-1_1",-0.0359044245059666,-0.16365552629066
"CGATCGGCACAGCTGC-1_1",0.0978622348448662,-0.223272318060873
"CGATCGGGTTTCGATG-1_1",-0.014427247310662,-0.146849814938928
"CGATCGGTCCAACCAA-1_1",0.0322753955221782,-0.205258871820095
"CGATGCGTCTGGCCGA-1_1",-0.0329061222729785,-0.161821904132932
"CGCAGGTCAGGTACGA-1_1",0.0474978566409463,-0.208025046464909
"CGCATAAAGGTTGAGC-1_1",0.0743994735947555,-0.208126859517109
"CGCATAAGTCGTTATG-1_1",0.116583933386341,-0.224040917998042
"CGCATAAGTGTTAAAG-1_1",0.0544797562127532,-0.216615584804904
"CGCATAAGTTTCGTAG-1_1",0.00895215868900453,-0.186646175827969
"CGCCAGAAGATACATG-1_1",-0.0247238341090853,-0.163836938158388
"CGCCAGAGTATTTCTC-1_1",0.0233156627392725,-0.197242713047455
"CGCCAGATCGGTGCAC-1_1",0.0716705686174406,-0.215416045211585
"CGCGTGAAGTTAACAG-1_1",0.0420481368551971,-0.189610732968936
"CGCGTGAGTGGGTATG-1_1",-0.00785423064915998,-0.154273287636904
"CGGAACCAGAGGATCC-1_1",-0.00972426819789011,-0.188524255119702
"CGGAACCAGGAGTACC-1_1",0.114724127468921,-0.22696180010672
"CGGAACCAGGGCAGGA-1_1",0.0181479258154449,-0.165359553607587
"CGGAATTAGAAGGTAG-1_1",-0.00183944744747178,-0.185424825020439
"CGGAATTAGATGACAT-1_1",-0.0528131145343362,-0.126939202805798
"CGGAATTGTTGCCAAT-1_1",-0.0363834616963913,-0.120415315994495
"CGGACACGTCAGCGTC-1_1",-0.012522647541586,-0.162852301813644
"CGGACACGTTCGCGTG-1_1",0.0998310106712416,-0.229513291512676
"CGGAGAATCTCCAAGA-1_1",-0.00307519883755199,-0.0945392555583912
"CGGAGAATCTGGTCAA-1_1",0.0969927517380961,-0.216941862543445
"CGGCAGTGTTGTTGTG-1_1",0.125161275615928,-0.191257997760325
"CGGGCATCACCAGGTC-1_1",0.0604667335004236,-0.204109755638116
"CGGGCATTCTCTCTTC-1_1",-0.0278500149340216,-0.13502563778499
"CGGGTCACAAATTAGG-1_1",0.123109555752966,-0.220776215732504
"CGGGTCATCGCCATAA-1_1",0.0598390971376195,-0.21319889493822
"CGGGTGTAGTGTACCT-1_1",0.0728176196565852,-0.184300808237662
"CGGGTGTCAACGGTAG-1_1",-0.034704113545585,-0.116940520667599
"CGGTCAGTCGCTGTCT-1_1",0.0392369516087459,-0.166914906579808
"CGTAAGTTCGACGCGT-1_1",0.056951502529537,-0.205154163489447
"CGTCCATAGCCGATAG-1_1",0.0789103088907445,-0.21646696175258
"CGTCCATAGGAGACCT-1_1",0.0509640175594603,-0.204162667230174
"CGTCCATCACTGAGTT-1_1",-0.0480590203114909,-0.135857520566528
"CGTGATACACTATCGA-1_1",-0.00353011492083571,-0.179512533519344
"CGTGTCTCAAAGTATG-1_1",-0.0283017710243521,-0.170042416849291
"CGTGTCTCACTCCCTA-1_1",0.0428818132871055,-0.178871147756074
"CGTGTCTGTAGGGAGG-1_1",0.0180507122509849,-0.193948615078736
"CGTGTCTGTTTGTTCT-1_1",0.0707122606914718,-0.221923911373006
"CGTGTCTTCTTCCCGA-1_1",-0.0175311737461459,-0.155373952944387
"CGTTAGAAGTTGCATC-1_1",0.115433850629102,-0.00223637449170291
"CGTTAGACAATTGGTC-1_1",0.151445197604149,0.193051075434905
"CGTTAGACATCCCGTT-1_1",0.0627615583712036,-0.217679463581087
"CGTTGGGAGTCTCGTA-1_1",-0.0141191804046013,-0.133384983991867
"CGTTGGGCATAGACTC-1_1",0.118136789955423,-0.226952389913069
"CTAACCCCAACTGCCG-1_1",0.00388566058638202,-0.182889011961305
"CTAACTTGTCACTTAG-1_1",-0.0326005444964429,-0.166538209145561
"CTAAGTGGTCCTCCTA-1_1",-0.000779869114210473,-0.201609597056612
"CTAAGTGTCGACTCCT-1_1",0.0213346718139837,-0.195679430326938
"CTACATTCAGTTGTTG-1_1",0.0555057351741682,-0.223292483263148
"CTACCCATCGCTGTCT-1_1",0.0624095027158853,-0.202051883764963
"CTACCTGCACAGCCAC-1_1",0.105945376827753,-0.18215024295769
"CTACCTGGTACTGGGA-1_1",-0.0256919030759789,-0.147165363065158
"CTACGGGTCATTCCTA-1_1",0.0684982198191145,-0.198847363628897
"CTAGACAAGAGATTCA-1_1",-0.0132372308309283,-0.166717143975765
"CTAGACAGTCAGTCTA-1_1",0.0771692673692793,-0.212452703355918
"CTAGACATCGCGGTAC-1_1",0.0838190391263016,-0.202125704869845
"CTAGGTACAAGTTTGC-1_1",0.0633438747723723,-0.193729657674108
"CTAGGTAGTAGGCTCC-1_1",0.145245119310325,-0.179634586892649
"CTATAGGAGTTATGGA-1_1",0.0545240037026114,-0.188217923557217
"CTATAGGCAAGAGATT-1_1",0.0262960762188738,-0.200514756670209
"CTATCCGCAAGTCCAT-1_1",-0.0310474048504404,-0.15373793798677
"CTATCCGGTCCTACAA-1_1",0.0490552784261064,-0.210645222008698
"CTCAAGATCAAACTGC-1_1",0.0812282049987026,-0.216642925096469
"CTCAAGATCTCATTGT-1_1",-0.0223963173382115,-0.116750836128863
"CTCAATTCACGACGTC-1_1",0.00338472092646777,-0.194633632514138
"CTCAATTCAGACCCGT-1_1",0.00920564845729121,-0.192991544009012
"CTCAATTCAGCTGTGC-1_1",-0.00739206261753435,-0.177955621389488
"CTCAATTCATAATCCG-1_1",0.139146747409863,-0.219769707248585
"CTCAGAAAGCCAAGTG-1_1",0.133810143994152,0.00876933934662392
"CTCAGTCCATTGCAAC-1_1",-0.00299731935320775,-0.17969220935642
"CTCAGTCGTACCAGAG-1_1",-0.048908297622476,-0.130521066114489
"CTCATCGCAGGATGAC-1_1",-0.00712823076881225,-0.0832628653166347
"CTCATCGTCAATCGGT-1_1",0.0705476916956501,-0.205832041068645
"CTCATGCTCCCACAGG-1_1",0.0210005126412944,-0.196523929979297
"CTCATTAAGATCACTC-1_1",0.0391677729731031,-0.172477617949538
"CTCATTACAGTTTCAG-1_1",0.0822092033045188,-0.20760975580626
"CTCATTATCTTCGTAT-1_1",-0.0374537694563961,-0.114634065866787
"CTCCAACGTATGCGTT-1_1",-0.00963059508641216,-0.185779436347314
"CTCCACAAGAACTTCC-1_1",0.0381639823535308,-0.205797583889973
"CTCCATGAGGTTGAGC-1_1",-0.027719023319871,-0.145767548997268
"CTCCCAAGTGCTGATT-1_1",-0.0178033203715306,-0.178975601426902
"CTCCCAATCGCCTTTG-1_1",0.069134174471897,-0.215337424640166
"CTCCCTCTCTCGCAGG-1_1",0.0193734365827111,-0.205438449582529
"CTCCGATGTGTAGGAC-1_1",0.140532247454143,0.0982410120011176
"CTCCTCCAGCATGCAG-1_1",-0.00228859500217135,-0.199812595390592
"CTCCTCCAGGGAGGAC-1_1",-0.0355489205250498,-0.161299288130128
"CTCCTCCGTAGCTGAG-1_1",0.0255518978230129,-0.199490317572599
"CTCCTCCGTCTTGCGG-1_1",0.0415130975740909,-0.163905171229319
"CTCCTCCTCACCACAA-1_1",-0.00738064917670317,-0.0651264402124366
"CTCCTTTGTTCTCCTG-1_1",0.0524024145452832,-0.175601601909221
"CTCGAGGCATCGTGCG-1_1",-0.0513616045013349,-0.0105263570280609
"CTCGAGGTCTCATTAC-1_1",0.0738181058636096,-0.223451937227084
"CTCGAGGTCTTGTTAC-1_1",0.0182219354781422,-0.17410977519662
"CTCTCAGCAACACTAC-1_1",0.0275220818152699,-0.203894440520285
"CTCTGGTAGCTAAATG-1_1",-0.0382084919364673,-0.152118532452051
"CTCTGGTGTCTGCCTT-1_1",0.0432293055100409,-0.190203655505455
"CTGAATGCAAGCTCTA-1_1",0.0588327314719801,-0.213456646876526
"CTGAATGGTAGTCGGA-1_1",0.0302904531538955,-0.176667102664524
"CTGAATGTCCTGGGTG-1_1",0.0617309355070405,-0.216762346067308
"CTGAGCGCATATCGGT-1_1",0.0317246583028537,-0.171901635775218
"CTGAGCGTCGATAACC-1_1",0.0757639044589232,-0.212696276789882
"CTGAGGCGTCTGGTTA-1_1",0.0470919135439539,-0.174406320479276
"CTGAGGCTCGCACGAC-1_1",0.0687374609949216,-0.205366101825484
"CTGCAGGCATGTGACT-1_1",0.0817815107016996,-0.204966697070786
"CTGCAGGTCACGAGGA-1_1",-0.0338396536331489,-0.132336308218903
"CTGCCTAAGCTAGTTC-1_1",0.0535167842553627,-0.182221086836285
"CTGCCTATCGAACTCA-1_1",-0.00399984615032905,-0.186895671029855
"CTGGACGTCGCTGACG-1_1",0.181990343002547,0.254430932332459
"CTGGCAGTCTCTGCTG-1_1",0.0627913164177336,-0.104796479594268
"CTGTAGAGTGATGGCA-1_1",0.0193484233107072,-0.194362955199323
"CTGTAGATCCTGTAAG-1_1",0.0588369337867527,-0.17953704048533
"CTGTATTAGCACTCCG-1_1",0.00526055763998506,-0.185961700176997
"CTGTATTTCACTTATC-1_1",0.12836030016523,-0.220309515939918
"CTGTATTTCCCAGGAC-1_1",-0.00460163221753342,-0.190909118265333
"CTGTCGTAGAAACCCG-1_1",-0.19751488425365,0.00542182096714301
"CTGTCGTAGCTAGAGC-1_1",-0.0413023910191125,-0.0806408875973511
"CTGTCGTGTATCGGTT-1_1",-0.0508571835090069,-0.135540525827449
"CTGTGAAAGGTCTGGA-1_1",-0.0248738797366341,-0.151885143109047
"CTGTGAAGTCAAGTTC-1_1",0.120998658244218,-0.218375028697481
"CTGTGGGGTGCACAAG-1_1",-0.0216361220661548,-0.170909764020098
"CTTACCGGTGGATTTC-1_1",-0.0225277436083595,-0.158089746066511
"CTTAGGAGTCAGGTGA-1_1",-0.0200255620903482,-0.188326094556487
"CTTAGGAGTGAACTAA-1_1",-0.0112250632319189,-0.190838224551928
"CTTCAATGTAAGTTAG-1_1",-0.010890430742346,-0.186031255471273
"CTTCCGAAGACGCTCC-1_1",0.0479251530626478,-0.18763667075608
"CTTCCTTCAACATACC-1_1",0.0461763646321187,-0.193278809761168
"CTTCGGTAGTCAGAGC-1_1",-0.146012750570383,-1.77883837897475e-05
"CTTCGGTAGTCCCGAC-1_1",0.139484471904669,-0.205700425983777
"CTTCTAAGTCTATGAC-1_1",-0.0103622942319713,-0.171825742319774
"CTTCTAAGTGTACGCC-1_1",0.013460155144688,-0.128992885554107
"CTTCTAATCTCGGTCT-1_1",0.0781192158626771,-0.214803284624263
"CTTGAGATCAGTAGGG-1_1",0.00883802146320654,-0.181193602163748
"CTTGATTTCAGCTGTA-1_1",0.0171602291432452,-0.0492115601543484
"CTTGATTTCGGCCCAA-1_1",0.0433507452375425,-0.215206405295599
"CTTTCAACAAATCAAG-1_1",-0.0254564180726123,-0.180277813544862
"CTTTCAACAGGATTCT-1_1",-0.00872325420277187,-0.182818666521526
"CTTTCGGGTTGGTACT-1_1",0.05398498598814,-0.187681251292848
"CTTTCGGTCCGTAGGC-1_1",0.0644320927108026,-0.211923260842081
"GAAATGACATGGCCCA-1_1",0.083408340012854,-0.227729932751273
"GAAATGACATGTTCGA-1_1",0.0523740195552265,0.00888625803421015
"GAACACTTCAAGCCGC-1_1",0.0271762093666448,-0.182816306921021
"GAACGTTAGGGTCACA-1_1",0.027433039565137,-0.200957472793533
"GAAGCCCTCCGATGTA-1_1",0.0216825689365842,-0.160687563875714
"GAAGCGACATGACCCG-1_1",-0.0254221387490707,-0.182688794010113
"GAAGGACAGTGGATTA-1_1",-0.0100717474372286,-0.113231871274221
"GAAGGACTCCTTTAGT-1_1",-0.0929979332693395,-0.0429637339223628
"GAAGGACTCGCGTGCA-1_1",0.126266493328567,-0.214914427684133
"GAAGGGTAGATACAGT-1_1",0.108960865372809,-0.223967968742635
"GAAGGGTCAACCGGAA-1_1",0.00905582220155948,-0.192291456367178
"GAAGGGTCATCGGAAG-1_1",0.061546929105388,-0.188450305320272
"GAAGGGTCATGCAGCC-1_1",0.0425085042188361,-0.174351857639242
"GAAGGGTGTAGTCGGA-1_1",0.00424930449915123,-0.155355107896362
"GAAGTAAGTTCTTAGG-1_1",0.00348355725074228,-0.171851008160628
"GAATAGAAGTCCCAGC-1_1",0.0606558482565618,-0.191887758812024
"GAATCACCAATAGTGA-1_1",0.0768233321750601,-0.184749814704404
"GAATCACCATGGCCAC-1_1",0.113360775761541,-0.114856919415871
"GAATCACGTGACACAG-1_1",0.0059713683969472,-0.19684158532172
"GAATCGTAGGGTCAAC-1_1",-0.0310209079605949,-0.0644324872329961
"GACACGCGTTCGTACA-1_1",0.101418052405353,-0.229010674169181
"GACAGCCGTAGGAGGG-1_1",0.00537713717696222,-0.196884163884207
"GACAGCCGTCGGAAAC-1_1",-0.0309953493660891,-0.135934107077814
"GACCGTGTCTCTGGTC-1_1",0.0851171041074537,-0.208399400588995
"GACCTTCCACCGGAAA-1_1",-0.00105983046768983,-0.175521095457228
"GACCTTCGTGAGACGT-1_1",0.115830266494841,-0.232707319028902
"GACGCTGCATGTCTAG-1_1",0.163145268346631,-0.175900094681822
"GACGTTAAGCGTCTGC-1_1",-0.118161777260318,-0.00927664900459782
"GACTATGCATCGCTGG-1_1",0.0847379004790413,-0.226547838501507
"GACTATGTCAATGTCG-1_1",-0.0174666994495183,-0.126132805174741
"GACTATGTCAGGTAAA-1_1",-0.0450580453836415,-0.133505070036671
"GACTCTCGTCCGATCG-1_1",0.00472652471394919,-0.171946228351346
"GACTTCCGTAACAGTA-1_1",0.0636421785239768,-0.211834826813052
"GAGAAATAGGCCTAGA-1_1",0.0364899167473219,-0.169010549192882
"GAGACCCAGAAGATCT-1_1",-0.0148728240569753,-0.181983155681071
"GAGACCCAGTGACACG-1_1",0.207171258976875,0.287600177778824
"GAGACTTAGTACCATC-1_1",0.06424785306052,-0.211500698746837
"GAGACTTTCGAAGAAT-1_1",-0.04847340167127,-0.126745972766172
"GAGAGGTCAAGTGCAG-1_1",-0.00926626692694273,-0.184882532190816
"GAGAGGTCAGTCCCGA-1_1",-0.046729892898409,-0.129526426967601
"GAGAGGTGTGTTTCTT-1_1",0.0319211970862094,-0.200873673595448
"GAGAGGTTCAGCATTG-1_1",-0.0354311853865088,-0.0969023216804073
"GAGAGGTTCTGCCTGT-1_1",0.0580860728757317,-0.211164570765293
"GAGATGGGTCGAACAG-1_1",-0.0401422882751644,-0.143523246359026
"GAGCCTGCAAGCAATA-1_1",0.0597325694743591,-0.190245913369515
"GAGCCTGCAGCGTATT-1_1",0.0526171489639708,-0.209965994068754
"GAGGCAACACCATATG-1_1",-0.0632647807953741,-0.068871261804356
"GAGGCAAGTCAGGTAG-1_1",-0.00785532085037601,-0.191914809109387
"GAGGCAATCCTTGGAA-1_1",0.173074957307361,0.254253791305403
"GAGGCCTGTACACGCC-1_1",0.0163439116224366,-0.19911311149426
"GAGGCCTGTCCGGACT-1_1",0.00877496185363953,-0.183022993452338
"GAGGGATCACGGTGAA-1_1",0.0350242824558537,-0.167610282995116
"GAGGGATGTGAAAGTT-1_1",-0.0246425401702123,-0.178626550087107
"GAGGGATTCCGCTGTT-1_1",0.0101034825994939,-0.195018269141203
"GAGTCATAGGTGATCG-1_1",-0.0444281270538896,-0.1260740882479
"GAGTCTACATCCGGTG-1_1",0.0748894839720431,-0.198091163665608
"GAGTCTAGTATAATGG-1_1",0.0210238352072618,-0.199961371129741
"GAGTGAGAGGTAAGTT-1_1",0.127814166300287,-0.138533881250401
"GAGTGAGAGGTCATTC-1_1",0.119884182036952,-0.221078202091147
"GAGTGAGGTTGTCAGT-1_1",0.0833027885310692,-0.195284279257812
"GAGTGAGTCTGTCCGT-1_1",0.0562327060673674,-0.185588930496984
"GAGTGTTAGGCCTAAG-1_1",-0.0348455112119602,-0.144474752547894
"GAGTGTTCAGACAAAT-1_1",0.053245598338824,-0.0120084620712409
"GAGTTGTCACATTCGA-1_1",0.125161823259434,-0.201210322053419
"GAGTTTGAGTTGGGAC-1_1",0.0360956485505338,-0.165861208319127
"GATAGAAAGAATTCAG-1_1",0.0456033771130806,-0.213760352053848
"GATAGAAGTCTTTCAT-1_1",0.0577167932086234,-0.219845686617409
"GATAGCTGTTATTCCT-1_1",0.179136255785607,-0.185652838021962
"GATCACACAACACGTT-1_1",-0.0318175886229214,-0.151439943855622
"GATCACACACGACAGA-1_1",-0.0548273777902478,-0.12332636201982
"GATCACAGTCAGATTC-1_1",0.0618528726688851,-0.214437719256113
"GATCATGAGCACTCCG-1_1",-0.0541839118298777,-0.0793015653314058
"GATCATGCAGTGACCC-1_1",-0.0159659816000105,-0.100534413535189
"GATCCCTGTAATGATG-1_1",-0.0191678774990179,-0.156502213463799
"GATCCCTTCTAAGAAG-1_1",0.0531213964997031,-0.194505230758333
"GATCGTACACTGTTCC-1_1",-0.0151130143661638,-0.178896766404342
"GATCGTACAGTCTGGC-1_1",0.117905548114736,-0.216682135865999
"GATCGTACATCTGCGG-1_1",0.0477259053738518,-0.213500515545359
"GATCGTATCCCTAGGG-1_1",-0.0173949360316196,-0.166412673727726
"GATGACTAGACTCCGC-1_1",0.0446404561584254,-0.20149632020025
"GATGATCCACACCTGG-1_1",0.143742954617624,-0.183377199210677
"GATGGAGCAGGAGGAG-1_1",0.0418016914485559,-0.199609331424047
"GATGGAGTCCGTATGA-1_1",0.125089894416207,-0.158200595555981
"GATGGAGTCCTTATGT-1_1",0.029345113480135,-0.209031370857732
"GATGTTGTCTTCCCGA-1_1",-0.0885859784158217,-0.0812484190215657
"GATTCGAGTTCCTACC-1_1",0.0275478158265653,-0.202531994568301
"GATTCTTTCGAACCAT-1_1",0.0152827292738828,-0.200384858718979
"GATTGGTTCACCTTGC-1_1",-0.00199460644810638,-0.182653235487636
"GATTGGTTCCCGTTCA-1_1",0.12218460631365,-0.169270729821416
"GATTTCTAGCATCCCG-1_1",-0.0313253779706443,-0.151712090457092
"GATTTCTGTGCTGTCG-1_1",-0.0248515531885848,-0.164872537912984
"GCACATAAGGTGCCTC-1_1",0.19205879976424,0.230599582417166
"GCACATACACGCAGTC-1_1",0.0902006827489135,-0.214486883082501
"GCACATAGTAGCGAGT-1_1",0.0922198228077384,-0.183692605787846
"GCACGTGTCATTCGGA-1_1",-0.0158079884866872,-0.179146668665781
"GCAGCCAGTAGCACGA-1_1",0.0311501360101452,-0.20558400452004
"GCAGCTGAGCGTCTCG-1_1",0.0382810090014273,-0.166710250022952
"GCAGGCTCATCTTTCA-1_1",0.00587590121167172,-0.182177814525252
"GCAGGCTTCACAATGC-1_1",0.204219981028465,0.28971728862778
"GCAGTTACATGCCGCA-1_1",0.14272987360766,-0.223240731850995
"GCATCGGAGCGTGTCC-1_1",-2.02026236696022e-06,-0.159555516281173
"GCATCGGGTCCAAAGG-1_1",-0.0135983257047881,-0.177684054344996
"GCATCGGTCTCCATAT-1_1",0.0605354284246098,-0.208405553990683
"GCATCTCCACAACCGC-1_1",0.0737874560501791,-0.208691412416484
"GCATCTCGTATCGCTA-1_1",0.0791725411481327,-0.213920569912092
"GCATGATTCGTGTTCC-1_1",0.0750970386459968,-0.220620503003223
"GCATTAGAGGCACCAA-1_1",0.000957096044925196,-0.183445857043568
"GCATTAGAGGCTCTCG-1_1",0.0773794120484155,-0.226357130782776
"GCATTAGCACCGGTCA-1_1",-0.0119992733618746,-0.149385005982076
"GCATTAGGTACCTATG-1_1",0.0259125574867123,-0.164940193756451
"GCATTAGGTGCCTGAC-1_1",0.0410225151438548,-0.204836712989425
"GCATTAGGTGGCATCC-1_1",-0.0283456520664543,-0.148727009871967
"GCCAACGAGTGGCGAT-1_1",0.105634046826687,-0.219555944408901
"GCCAGCAAGGATGGCT-1_1",0.0665150988682282,-0.216356997755393
"GCCAGGTTCTGGAAGG-1_1",-0.0199606294605565,-0.161396737077532
"GCCAGTGTCGGAATTC-1_1",0.0688937671635105,-0.193734855333144
"GCCATGGAGTATTAGG-1_1",0.0832053279582638,-0.200380707511798
"GCCATGGGTGAGATCG-1_1",-0.0203385446228684,-0.16878795126203
"GCCATTCAGGGTCAAC-1_1",0.0136698277388067,-0.193262032294227
"GCCATTCGTTTGGGAG-1_1",-0.00435658026518929,-0.184437338678603
"GCCCAGAGTGTTAGCT-1_1",0.0118663792295725,-0.176712333315228
"GCCCAGATCGTAGAGG-1_1",-0.0422136250402172,-0.1320950502893
"GCCCAGATCGTCCTCA-1_1",0.00673217842697587,-0.187174965347536
"GCCCGAATCATTGAGC-1_1",-0.0342328458536428,-0.15723157984628
"GCCGTGACATCCGAGC-1_1",0.0077108000032981,-0.162768730074234
"GCCTGTTTCGCCGAAC-1_1",0.0124943454325267,-0.196197797325152
"GCGATCGAGGCTATCT-1_1",0.0127045653893303,-0.179203714889748
"GCGGAAATCAAGTAAG-1_1",-0.00872298566775162,-0.180834092414221
"GCGTGCAAGCCTTTGA-1_1",-0.0141720302043163,-0.154275992346242
"GCGTTTCAGCTGCCAC-1_1",-0.0266514252009343,-0.169780809927264
"GCTACAAAGCCTATCA-1_1",0.0758083193457777,-0.222347051075985
"GCTCAAAGTCAACACT-1_1",0.0396149595631962,-0.169635908419002
"GCTCAAAGTCCTTGTC-1_1",0.00580185859502023,-0.142421122118425
"GCTGAATTCGACCATA-1_1",0.0585782035550742,-0.206326447528195
"GCTGCAGCACCAGCGT-1_1",0.0446430679531662,-0.212920435277801
"GCTGCAGCAGTAACAA-1_1",0.0335167380068929,-0.166057733910149
"GCTGCAGTCCAAGCTA-1_1",0.0732005321134291,-0.216648353035011
"GCTGGGTAGGAATGTT-1_1",0.0750687272614399,-0.224539208727235
"GCTGGGTCAAGGCGTA-1_1",0.0177746244820804,-0.176158648498261
"GCTTCACTCATTACCT-1_1",0.0923641441273455,-0.226241717745465
"GCTTGGGCATTCGGGC-1_1",-0.0911880334598946,0.00504304010240251
"GGAACCCCACGGTAGA-1_1",-0.00870042804551563,-0.128194451610169
"GGAAGTGTCCAAACCA-1_1",-0.0597355304319737,-0.129593830423063
"GGAATCTGTGGGAGAG-1_1",0.0020347400266546,-0.195242388821825
"GGAATGGGTTAGGGTG-1_1",0.130330346619778,-0.220779665075027
"GGAATGGTCCATAGGT-1_1",0.000103997277418205,-0.179504705175461
"GGACGTCAGGTCATAA-1_1",0.0803310269004884,-0.150050588059612
"GGACGTCGTACAGTAA-1_1",0.020880908868523,-0.193523225277405
"GGACGTCGTCAGCGTC-1_1",-0.0535878576997308,-0.0442593341960458
"GGAGAACAGAAACTAC-1_1",-0.0215661809270247,-0.185139150989892
"GGAGATGCACCTCGTT-1_1",0.0895161569293385,-0.23325019728594
"GGAGATGGTCAGGTAG-1_1",-0.0263179890506242,-0.166615067286437
"GGAGATGTCCACTTTA-1_1",-0.0375490067122052,-0.132382278846639
"GGAGCAATCTTCGGTC-1_1",0.14483199891196,-0.190707617701634
"GGAGGATGTCGGCACT-1_1",0.134009556635187,-0.165809754997042
"GGATCTATCGCATTAG-1_1",0.0434278235111566,-0.176124203149109
"GGATGTTTCTGGGATT-1_1",0.0919668111838582,-0.17253302144162
"GGCACGTCAGCTACAT-1_1",0.0729037678503847,-0.188054138824805
"GGCACGTGTTCTCGCT-1_1",0.0322497178312879,-0.202087878967577
"GGCAGTCCAAGCGAGT-1_1",-0.0313307548126981,-0.157049402235292
"GGCTGTGCACCTGATA-1_1",0.0589359016498876,-0.181353459681351
"GGCTGTGGTCCCGGTA-1_1",-0.0347528562443035,-0.153655948939055
"GGCTTTCAGCACGTCC-1_1",-0.039215563754321,-0.156687033597087
"GGCTTTCCACTTCATT-1_1",-0.0196390791549051,-0.169378831572
"GGCTTTCCATGTGCCG-1_1",0.0472716069805201,-0.214365452658805
"GGGAAGTCACTAGGCC-1_1",0.0240173092278631,-0.204238336098779
"GGGACAAAGTTACTCG-1_1",0.0309215680647263,-0.206048029633566
"GGGACAAGTTGTCATG-1_1",0.0267042718682844,-0.186327599564971
"GGGACTCAGACTCTTG-1_1",-0.0202318399387752,-0.172376206757222
"GGGACTCAGGAAGTAG-1_1",0.0245796582689911,-0.183964769222947
"GGGAGTACACAAATCC-1_1",0.0284565958225768,-0.155264271707283
"GGGAGTATCCTTCTTC-1_1",0.0995332444267867,-0.228718321756164
"GGGATCCTCATTATCC-1_1",-0.0155451166213503,-0.185810900568077
"GGGATCCTCCACGTCT-1_1",-0.0274220240568448,-0.167891967728699
"GGGATGACAGGTTCCG-1_1",-0.0525019099365026,-0.129644823681749
"GGGCGTTGTTTGGAGG-1_1",-0.114128429119302,-0.033980883938593
"GGGCGTTTCGTCAACA-1_1",-0.016905308237404,-0.178050519408704
"GGGCTACTCAGTGGGA-1_1",0.0236263155165885,-0.152575184845852
"GGGCTCACAAAGAACT-1_1",0.0443555676636688,-0.176222892636638
"GGGTAGAAGACATAGT-1_1",0.0538814246518897,-0.170669708730621
"GGGTAGACAGTCTTCC-1_1",-0.0314705328232604,-0.134512428285019
"GGGTAGACAGTTCCAA-1_1",0.0600352833243533,-0.2172914956322
"GGGTATTCAAGAATGT-1_1",0.0468701350697914,-0.200997233176084
"GGGTCACGTCACTCGG-1_1",0.122988798602083,-0.170632251483241
"GGGTGAAAGGTGCTGA-1_1",-0.000106688650429244,-0.172597488161715
"GGGTGAAAGTGTAGTA-1_1",0.0201897896353799,-0.14346347252154
"GGGTGTCGTGTCACAT-1_1",-0.0132888642006506,-0.156037226687104
"GGGTTATAGGGTATAT-1_1",-0.0171970483629914,-0.184780871516569
"GGGTTATAGGTCGTGA-1_1",0.119240831867888,-0.0635541591888213
"GGGTTATCATCATTTC-1_1",-0.00470909858791929,-0.178614505174798
"GGGTTATTCTGTCCCA-1_1",0.0533428718389008,-0.18831125753606
"GGGTTTAAGCATTGTC-1_1",-0.0313350801266072,-0.168651203146284
"GGTAACTAGGCGTTAG-1_1",0.0278045773045613,-0.193479629575401
"GGTAACTGTATCCTCC-1_1",0.102412774245008,-0.170229996756591
"GGTAATCTCGTCAGAT-1_1",-0.0115903482826031,-0.175902124946289
"GGTAGAGCATCATGAC-1_1",0.0545247351300835,-0.212829429263076
"GGTAGAGGTATCCCTC-1_1",-0.0324148754784128,-0.142763900593737
"GGTAGAGGTATTCCTT-1_1",0.0239808981796457,-0.189387842978425
"GGTAGAGGTGACACAG-1_1",0.0600671977906847,-0.155208887368254
"GGTCACGAGGTCATTC-1_1",0.111288119755736,-0.204684029920531
"GGTCACGGTACGATTC-1_1",-0.0593447948153938,-0.0727539560580168
"GGTGAAGAGACTCCGC-1_1",-0.0514674367569242,-0.132011525506773
"GGTGAAGGTTAGTTCG-1_1",0.188999044953788,0.273498520201731
"GGTGATTAGTGGCCTC-1_1",0.013943313220465,-0.175640333371183
"GGTGATTGTACTGAGG-1_1",0.0659032119785635,-0.210234254339704
"GGTGATTTCCATTGTT-1_1",-0.0222935288428205,-0.175437120438856
"GGTGGCTAGCCTCTGG-1_1",-0.044924488958314,-0.111603003637993
"GGTGGCTTCTATCACT-1_1",0.0313383528593915,-0.209399559257796
"GGTGTCGTCGGCATAT-1_1",0.0512759225738441,-0.176606175060154
"GGTTCTCCAGAACTTC-1_1",-0.0253355042022043,-0.168633201526546
"GGTTCTCGTGGGAGAG-1_1",0.140816436303521,0.102447796186538
"GGTTGTATCAGGGATG-1_1",0.0484597600435969,-0.176490123848281
"GTAACACTCGCCGTGA-1_1",-0.176049119201906,0.012417679768019
"GTAACCAAGTGTAGTA-1_1",0.0308113084334408,-0.215693665530543
"GTAACCAGTCGAGTTT-1_1",0.0616514520766512,-0.189476096108249
"GTAACCATCGGTCATA-1_1",0.101220684320822,-0.15073701315358
"GTAATCGGTAGACAGC-1_1",0.0934672379178752,0.0753443051586059
"GTAATGCAGATCCCGC-1_1",-0.0149260775272079,-0.123209332874345
"GTAATGCCACGGCCAT-1_1",0.122723966669348,-0.222641012872374
"GTACAACAGGTACATA-1_1",0.0718029014183532,-0.212293897714093
"GTACAACCAGGCGAAT-1_1",-0.0810644828299574,-0.101555445991074
"GTAGAGGAGTGGATTA-1_1",-0.0299312718917057,-0.135580034715604
"GTAGAGGGTGATAGTA-1_1",0.0108568089106165,-0.203584609163652
"GTAGATCTCGAGTGGA-1_1",-0.0141246844356574,-0.190466052050141
"GTAGATCTCGCTAAAC-1_1",-0.00176123976621903,-0.183485165274959
"GTAGCTAAGCGTGTCC-1_1",-0.0262999420706891,-0.114003862781537
"GTAGCTAGTAGCACGA-1_1",0.0568858745978241,-0.177829968948724
"GTAGCTATCGAGTACT-1_1",-0.0180175749476788,-0.164502319651047
"GTAGGAGGTGAAGCGT-1_1",-0.0438538351117067,-0.140041298153764
"GTAGGTTAGATGGTCG-1_1",0.0462658512444688,-0.210138547416573
"GTAGTACTCCATTTCA-1_1",0.0793482163789941,-0.20145971985357
"GTAGTACTCCGGTAGC-1_1",0.0849368706438517,-0.225440453886262
"GTAGTACTCTGACGCG-1_1",-0.00350329238439385,-0.178406010060743
"GTATTGGCATTGCCGG-1_1",0.0373166109747572,-0.20669013090606
"GTATTGGGTCCAAGAG-1_1",-0.0340687233963264,-0.144012414171454
"GTATTTCCATCAGCTA-1_1",0.0762960805505066,-0.221065739318778
"GTATTTCGTCAGGTGA-1_1",0.0883611069779138,-0.218194167962043
"GTATTTCTCTGCCTCA-1_1",-0.0278520239177797,-0.15799785420261
"GTATTTCTCTTACGTT-1_1",0.0220025326128485,-0.178649897468561
"GTCAAGTAGTGCACAG-1_1",0.0590008294596343,-0.222100185091809
"GTCAAGTCACCTCGTT-1_1",-0.0224363543527362,-0.164044927886852
"GTCAAGTTCAGAATAG-1_1",0.0163266432407125,-0.167441827946563
"GTCACGGAGGCCCAAA-1_1",-0.0409565563115948,-0.148771987902392
"GTCACTCAGTTAGTAG-1_1",-0.0157273581594297,-0.162243614795326
"GTCACTCCACTTCATT-1_1",0.0723875303918521,-0.222458974119479
"GTCAGCGTCCCGAATA-1_1",0.0363307724396106,-0.177084473185947
"GTCATCCCACGGATCC-1_1",0.0673340014849528,-0.042350763316108
"GTCATCCGTACCACGC-1_1",-0.0323641213838528,-0.0962332088423276
"GTCATCCGTCAATGGG-1_1",0.136825684187868,0.0379564055495088
"GTCATCCTCCTTATAC-1_1",0.109363707782492,-0.23189625029518
"GTCATGACACAAGTGG-1_1",0.0643573111086264,-0.180435622783459
"GTCATGAGTAGTCTGT-1_1",0.110781960078874,-0.226378646096617
"GTCATTTGTTACGATC-1_1",0.0155655048250648,-0.183362740387558
"GTCATTTTCCAGTGCG-1_1",-0.0677018528833224,-0.066401108551879
"GTCCACTCATCATGAC-1_1",0.0632917231619125,-0.211365320611808
"GTCCTCACAGCTAACT-1_1",-0.018202486653273,-0.171962753991451
"GTCGAATGTGAGTTGG-1_1",-0.194110265588434,0.00309907254478428
"GTCGCGATCAGAATAG-1_1",0.00926499218512768,-0.187345043635077
"GTCGTTCGTCGTCTCT-1_1",0.000239197752275672,-0.164380676119519
"GTCGTTCTCCCTATTA-1_1",0.026059029965708,-0.155458801307614
"GTCTACCGTCGCAGTC-1_1",0.102815134879173,-0.131765302198325
"GTCTACCTCACCTACC-1_1",0.0911554020584745,-0.228698476874814
"GTCTCACAGTCGCGAA-1_1",0.0554784419063314,-0.184922583184984
"GTCTCACGTTACACAC-1_1",0.0587651499783929,-0.22146039125339
"GTCTGTCAGTGTAGTA-1_1",-0.0213599434956003,-0.165047399410851
"GTCTTTAAGCATCTTG-1_1",-0.0303758086309028,-0.128199520717414
"GTCTTTAAGTATCCTG-1_1",0.124159729258004,-0.22601615415352
"GTCTTTAAGTCGAATA-1_1",0.0445000586802455,-0.212326142939809
"GTCTTTACATAACCCA-1_1",-0.0308643325322774,-0.151890727875343
"GTCTTTATCATTTACC-1_1",-0.0384691390084565,-0.130415918075019
"GTGAGCCCAGGCTCTG-1_1",0.104726993449862,-0.177359331853576
"GTGAGCCTCGTCCTTG-1_1",-0.00987622607002673,-0.180906050980292
"GTGAGGAGTATGAGGC-1_1",-0.0367319183301515,-0.157465742329506
"GTGAGGATCTTCCCAG-1_1",0.0778047594190298,-0.20519826855108
"GTGAGTTAGTACAACA-1_1",-0.0193995936339657,-0.172993338268601
"GTGAGTTCATCGGTTA-1_1",0.0455593373528591,-0.169941375064643
"GTGAGTTTCATTATCC-1_1",-0.00359167669301843,-0.195925595992575
"GTGATGTGTCAACACT-1_1",-0.0504730714321009,-0.138659366909762
"GTGATGTTCCATGATG-1_1",0.0338966668921473,-0.161782749759183
"GTGATGTTCGTTAGTG-1_1",0.0512788218299135,-0.163291205537344
"GTGCACGAGGAATCGC-1_1",0.0593075480308225,-0.177566471061835
"GTGCACGCAGTCTGGC-1_1",-0.0342520920331621,-0.151172283459561
"GTGCAGCAGCGCTTCG-1_1",0.0845298050097971,-0.192929364473209
"GTGCAGCAGTCTAACC-1_1",-0.141235394234023,-0.00754021854938346
"GTGCAGCCACTTGGCG-1_1",0.0243391583548748,-0.197630528601976
"GTGCAGCTCATCCTAT-1_1",-0.0216594556974834,-0.156739289194096
"GTGCGTGGTTCATCTT-1_1",-0.0112291760387174,-0.147124864261221
"GTGCGTGTCATCACTT-1_1",-0.0177754391159096,-0.18555229536082
"GTGCTGGGTTTGGGTT-1_1",0.0487972109531158,-0.18606643294236
"GTGCTTCAGAGCATAT-1_1",-0.00304720864344585,-0.180372753869964
"GTGCTTCGTGTGTCGC-1_1",-0.0166427313080421,-0.18198262297122
"GTGGAAGGTCTGCGCA-1_1",-0.0209581654946144,-0.124450783355046
"GTGGAGAGTCTACGTA-1_1",0.0602371201230894,-0.178387820300411
"GTGGAGATCCGTGTGG-1_1",-0.0431504639476935,-0.139023095751771
"GTGGAGATCGGTGTTA-1_1",0.0749790115318701,-0.214565970055727
"GTGGCGTCAACACGAG-1_1",0.10710296780256,-0.214767874488434
"GTGGCGTCACGCGTCA-1_1",0.0237992351717572,-0.186397925011934
"GTGGCGTCATGGAGAC-1_1",0.00625030456882508,-0.183750170586838
"GTGGCGTTCGAGCTGC-1_1",0.0503456977037973,-0.179513436523684
"GTGGGAAAGAGGCGGA-1_1",0.0708968366384003,-0.214924209671314
"GTGGGAAGTAGGGAGG-1_1",0.016976972793527,-0.185662143957847
"GTGGGAAGTTAGCTAC-1_1",0.0965189282459289,-0.192494013697507
"GTGGTTATCCAGTACA-1_1",0.0151295044674261,-0.176350000925689
"GTGTAACGTTAACCTG-1_1",0.0862887273300846,-0.223710912468571
"GTGTCCTCATTCTCTA-1_1",-0.0367611973362952,-0.159590803968309
"GTGTCCTGTCCGACGT-1_1",0.05501246990373,-0.208283882717096
"GTGTCCTTCAGAGTGG-1_1",0.0795561942112794,-0.199075738287137
"GTGTCCTTCAGGAGAC-1_1",-0.0219196118258039,-0.179419292530428
"GTGTGATAGTGATAAC-1_1",-0.0240838277966788,-0.166370817769669
"GTGTGATGTAACAAGT-1_1",-0.000435977760281182,-0.174325493150405
"GTGTGGCCATGACACT-1_1",-0.0356918415610227,-0.163085697576924
"GTTACAGCAATCGCGC-1_1",0.00289390403232131,-0.179471732174107
"GTTACAGTCCAAACCA-1_1",-0.058020809254238,-0.128979299886277
"GTTACCCAGGGTTAAT-1_1",0.0347471723844749,-0.201333672358006
"GTTACGAAGAGTACCG-1_1",0.115045901570137,-0.217836653086034
"GTTACGAAGGCCGCTT-1_1",0.0464510420542673,-0.198308739993917
"GTTACGAAGTAGTGCG-1_1",-0.00974867358896429,-0.178934696711305
"GTTAGACAGAGCATCG-1_1",0.115096744929712,-0.215456507523168
"GTTAGACTCACCGCTT-1_1",0.0395851005794888,-0.0874841411585594
"GTTAGTGAGAAGATCT-1_1",0.032112971721186,-0.158708769249766
"GTTAGTGAGTGCTCGC-1_1",-0.0373960804609673,-0.142081381929341
"GTTAGTGCACGAGAAC-1_1",0.0449462166985749,-0.168693724352792
"GTTAGTGTCCAAATGC-1_1",-0.0847226864905735,-0.0543927238433104
"GTTATGGAGCAGCCCT-1_1",-0.0146805615212123,-0.165587330417767
"GTTCATTAGTCACAGG-1_1",0.140385036217163,-0.198315672629107
"GTTCATTGTATACCCA-1_1",0.0371960077210601,-0.202858550030699
"GTTCATTGTCTTCCGT-1_1",0.0663460755187495,-0.208735448600085
"GTTCATTTCAAGGACG-1_1",0.0434405238677,-0.17025601682608
"GTTCATTTCCATAGAC-1_1",-0.0139357200156523,-0.174837074005566
"GTTCCGTAGGCTCCCA-1_1",-0.0398206900788287,-0.117387883274636
"GTTCCGTCACTCCACT-1_1",-0.0656085692606738,-0.103369311933264
"GTTCCGTCATCTCAAG-1_1",-0.0054831611083625,-0.164182515354702
"GTTCCGTTCATCTACT-1_1",0.0780538845407686,-0.186662251848504
"GTTCGCTAGTCGAGGT-1_1",-0.012613213295169,-0.170409590556853
"GTTCTATAGTTCCGTA-1_1",-0.0821884693206463,-0.0812334152355115
"GTTCTATTCCTTATAC-1_1",0.0366878175205592,-0.168224612812319
"GTTGAACAGATGCCGA-1_1",0.0641656493728507,-0.161812036248868
"GTTGCGGAGTGGTCAG-1_1",0.0459065871097594,-0.204764989948529
"GTTGCGGCATTGAAAG-1_1",0.0912456778771127,-0.201586354071005
"GTTGCTCTCTCGTTTA-1_1",0.131560097847931,-0.0939570878678394
"GTTGTAGTCTCTTAAC-1_1",0.0382544396021012,-0.193798838994512
"GTTGTGAAGCTGTCCG-1_1",0.0998358921822235,-0.22319974352017
"GTTTGGACACCGTGAC-1_1",-0.0354792155263832,-0.162265648832737
"GTTTGGAGTGCGAACA-1_1",-0.00211604974110754,-0.155089297486963
"TAACACGAGGTATTGA-1_1",0.079775183540986,-0.204654457104496
"TAACCAGTCACCTACC-1_1",0.0446279604250429,-0.180354360588125
"TAACCAGTCGGCGATC-1_1",0.163686871347937,-0.187070242165945
"TAACGACAGTTCGCAT-1_1",0.062816725047207,-0.219723776491817
"TAACGACTCTTCGATT-1_1",-0.00920859237357856,-0.186289591722819
"TAAGTCGTCTCCGAAA-1_1",0.0611527719274852,-0.208047532650083
"TAATCTCCACATTCGA-1_1",-0.00979362814042954,-0.189575832022945
"TACAACGAGGCTGAAC-1_1",-0.0202548505534437,-0.165919091967137
"TACAACGCAGTTCACA-1_1",-0.0257911522809434,-0.175476896141103
"TACAACGGTACTTGTG-1_1",-0.0416477142585603,-0.145082161358168
"TACACCCCAGAACATA-1_1",0.0336787927110079,-0.169473803730902
"TACACCCTCCCGAATA-1_1",-0.0237693770585772,-0.171490869298057
"TACACCCTCCGACGGT-1_1",-0.0331474194356909,-0.150165705806435
"TACAGGTTCTGGGAGA-1_1",0.0518540188442619,-0.182613121026519
"TACATTCCATAAGCAA-1_1",-0.036876601759905,-0.147551714575395
"TACATTCTCATTGTTC-1_1",-0.00657905833830244,-0.160621753152262
"TACCCACCACTGTGTA-1_1",0.0746203035929294,-0.170804181209505
"TACCCACTCATGCCGG-1_1",-0.00132678157452657,0.0017345950734341
"TACCCGTAGCCTCAAT-1_1",-0.0274891164242535,-0.16920758510258
"TACCCGTGTGGACCTC-1_1",0.115933138334812,-0.214072371821975
"TACCGAATCCGGCTTT-1_1",0.0878455189532833,-0.229123562979748
"TACCGGGTCAATCCGA-1_1",-0.0241562130682346,-0.167188855602939
"TACCTCGCAACACTAC-1_1",0.00375146885637835,-0.154036812521733
"TACCTGCAGTCCCTAA-1_1",0.0720023823544636,-0.218950774218166
"TACCTGCCAGCCTTCT-1_1",0.100439159292334,-0.208508084312736
"TACGCTCGTAATTGGA-1_1",0.0914585942934423,-0.204190851052955
"TACGGGCCACTCAAGT-1_1",0.111666004230016,-0.185677138526145
"TACGGGCCAGGGAATC-1_1",0.049904881248359,-0.18664322514964
"TACGGGCGTACCCAGC-1_1",0.0843784074623706,-0.224577227744929
"TACGGTAAGTTGTAGA-1_1",-0.151483743658876,-0.0220276827851013
"TACTGCCTCAAGGAGC-1_1",0.0412051558588566,-0.189347574997807
"TACTGCCTCATAGCAC-1_1",-0.10075952506929,-0.0554315717951144
"TACTTACCACTAGGCC-1_1",0.080023600095687,-0.205209482183168
"TACTTACCACTATGTG-1_1",0.0844915923159874,-0.221791397685501
"TACTTACTCAGCCTCT-1_1",0.0100417318949116,-0.205750655298867
"TAGACCAAGAATCGTA-1_1",-0.0136086837395916,-0.184663557658797
"TAGACCACAATAACGA-1_1",-0.00932994958160276,-0.195761628858681
"TAGACCACATACTGAC-1_1",0.0895094795129247,-0.228525894602781
"TAGACTGTCCATAGAC-1_1",0.14408825209598,-0.198375053765808
"TAGACTGTCCTAGCGG-1_1",-0.0274894699792106,-0.149690978452484
"TAGAGTCAGCCGGATA-1_1",-0.0142097335360233,-0.184514593344411
"TAGATCGAGATGAAGG-1_1",0.103325729122619,-0.182840481578634
"TAGCACACAAATCAAG-1_1",-0.0647285602818669,-0.0807953688984389
"TAGGAGGCAACACAAA-1_1",-0.0577328533890021,-0.109304960548267
"TAGGTACAGGTGGCTA-1_1",0.00525999872775048,-0.138019197655444
"TAGGTTGAGCTTAAGA-1_1",0.0318987868468208,-0.0701146765670069
"TAGGTTGGTGCTTATG-1_1",0.0203428845870431,-0.17912351689881
"TAGTGCACACTGTGAT-1_1",0.126365712762972,-0.188423438587508
"TATACCTGTCGTACTA-1_1",0.0406521851456518,-0.217826817556029
"TATACCTGTCTAGGCC-1_1",0.055121859692464,-0.188916851406406
"TATATCCAGAGCATAT-1_1",-0.0190564472986432,-0.183198631500041
"TATATCCGTCGCGGTT-1_1",0.0559383379389528,-0.209117425036883
"TATCAGGCATTGGCAT-1_1",-0.0321806842243365,-0.139104172427391
"TATCCTAAGCGAGTAC-1_1",0.0227597811981187,-0.199091245781057
"TATCCTAGTCTGGTTA-1_1",-0.0660888369906703,-0.076389604324324
"TATCGCCAGTGTCATC-1_1",-0.00595367079003271,-0.181325891165273
"TATCTGTCATTATGCG-1_1",0.0575049881885418,-0.19212678608257
"TATCTGTTCAAGTAAG-1_1",0.0390734310724184,-0.19783840354869
"TATCTTGCAGGCGAAT-1_1",-0.0346496484642703,-0.16490678857754
"TATGTTCAGTCGGCAA-1_1",0.071160944466071,-0.222762988970887
"TATGTTCTCAAGGACG-1_1",-0.235729164892957,0.0260621176348887
"TATGTTCTCTGCCTCA-1_1",0.0424457027150311,-0.214849847442211
"TATGTTCTCTTTGGAG-1_1",0.0413066462249255,-0.20758746066453
"TATTCCATCAGTCATG-1_1",-0.0677646857957809,-0.119768226670581
"TATTGCTCACGTCGTG-1_1",-0.00862402884711664,-0.169460176512245
"TATTGCTCAGGCACTC-1_1",0.0529709805876047,-0.179316618259113
"TATTGGGAGGAACTCG-1_1",-0.0332998721704752,-0.16400471486016
"TATTTCGCATCGAACT-1_1",0.0342981205142598,-0.204450412108041
"TCAAGACAGGATACAT-1_1",0.0968654120112698,-0.201161982621086
"TCAAGACCAACCGATT-1_1",0.0657691325984176,-0.216625860709991
"TCAAGCAAGTATTCCG-1_1",0.0587026370431608,-0.189218753368259
"TCAAGCATCATAGAGA-1_1",0.0292245439852454,-0.199848786678587
"TCACACCCAAATGAGT-1_1",0.0381708675522401,-0.201833025858658
"TCACACCCATAGGCGA-1_1",0.0110890958016187,-0.139595258797468
"TCACACCGTCTGTGTA-1_1",0.117841552679263,-0.222954989733477
"TCACATTAGCCTGACC-1_1",0.00326734399329084,-0.174877352784266
"TCACATTCATCTATCT-1_1",0.0146458290121389,-0.178513309894673
"TCACATTGTTAGAGAT-1_1",0.0624941532921165,-0.207667706732604
"TCACGCTTCCTAGAGT-1_1",0.0590435637061128,-0.215346409374061
"TCACGGGGTCATGGCC-1_1",0.0720922972298701,-0.209644571460772
"TCACGGGTCGTCTAAG-1_1",-0.0183650869072605,-0.161264602880103
"TCACTATGTACCCGCA-1_1",-0.0285241474295881,-0.159611665298583
"TCACTCGAGCAATTAG-1_1",0.0506817370125044,-0.177172533627621
"TCAGCAAGTTGACTAC-1_1",0.000995014445806418,-0.149068155196499
"TCAGGTAAGGACTGGT-1_1",-0.196721563740079,0.0168782870757132
"TCAGGTACATGGCGCT-1_1",-0.0174484421838173,-0.17199332977308
"TCAGTCCAGTGGTTAA-1_1",0.167694473909239,0.195823882142802
"TCAGTCCGTCCTCAGG-1_1",0.13263520926946,0.0666690124874034
"TCAGTGAAGTACTGGG-1_1",0.0765568967859993,-0.223341808441611
"TCAGTGAGTTTACTTC-1_1",-0.0403122159410021,-0.146246805389429
"TCATACTTCAGGTGTT-1_1",0.130359163096263,-0.0804748073959829
"TCATACTTCGAGTGAG-1_1",0.0742602542812306,-0.221777804856118
"TCATCATTCCTTCGAC-1_1",0.0618700158587452,-0.183788806991408
"TCATCCGCACCTGCAG-1_1",0.115617453332839,-0.160703993788879
"TCATGAGCAAGTTGGG-1_1",0.038457687081617,-0.20524815120264
"TCATGAGTCCAGTTCC-1_1",0.0147884769413898,-0.176797955702147
"TCATGCCAGAAGTCCG-1_1",0.0597960351886043,-0.209274578981181
"TCATGCCCACCCTGAG-1_1",0.0120923966275327,-0.138485313685531
"TCATGGATCGTGCGAC-1_1",-0.0602103146861716,-0.128738226166165
"TCATGTTAGAATTTGG-1_1",-0.0256030238502356,-0.151217338421737
"TCATTACTCAAGCTGT-1_1",0.0479330116614177,-0.186890391270496
"TCATTCAAGGTGCAGT-1_1",0.0853647691158932,-0.228860541218816
"TCATTGTAGGCTATCT-1_1",0.0146248462958233,-0.103932671419227
"TCATTGTCATGACTGT-1_1",-0.0667225712877784,-0.115903030780592
"TCATTGTTCTCTATAC-1_1",0.0229957158720277,-0.208071176195049
"TCCACCACAATGAACA-1_1",0.022920157551308,-0.188948270297534
"TCCACCAGTAACCAGG-1_1",-0.0268150636637249,-0.156911874717573
"TCCAGAAAGCGTTCCG-1_1",0.086341167119785,-0.170452257532735
"TCCAGAAAGGCCTTGC-1_1",0.094131106252465,-0.220678478914831
"TCCAGAATCGGCGATC-1_1",0.0846615727318537,-0.223180431849365
"TCCAGAATCTTACGGA-1_1",-0.0436758879721071,-0.146601950184672
"TCCATGCGTAGGGTAC-1_1",0.005758083924834,-0.0976765305507465
"TCCATGCTCCGGCAAC-1_1",0.023743947340256,-0.181378124188931
"TCCCAGTCAAATACGA-1_1",0.0524323908837671,-0.208862398857315
"TCCCATGTCTAGCCAA-1_1",0.133848536390273,-0.193961623186234
"TCCGAAAGTCAGATTC-1_1",0.197560201338437,0.271187355981223
"TCCGGGACAATTCACG-1_1",0.128429018680022,-0.200982165913487
"TCCGGGACATGGCTGC-1_1",-0.0921405096435529,-0.0615916067892717
"TCCTAATTCAGAATAG-1_1",0.0167788150292435,-0.192119053595924
"TCCTAATTCGTTTACT-1_1",0.0165051800585631,-0.194144279975026
"TCCTCGAAGCATCGAG-1_1",0.133643922184719,0.10022615087523
"TCCTCGATCATTCACT-1_1",0.124156402129222,-0.182178238046794
"TCCTCGATCCAGCAAT-1_1",-0.000921582362422982,-0.194813936120008
"TCCTCTTCACCAACAT-1_1",0.102960386935828,-0.229699655245812
"TCCTGCAAGGGATCTG-1_1",0.0331025889712788,-0.165742153421206
"TCCTGCAGTACCTAAC-1_1",-0.0536916778902415,-0.116844262108954
"TCCTGCAGTCTTGTCC-1_1",0.128098833701098,-0.146163897178258
"TCCTTTCCAACGACAG-1_1",-0.0347717185010921,-0.122363237749556
"TCCTTTCCAGCTTCCT-1_1",0.11358811157127,-0.23131531571775
"TCCTTTCGTGCTTCAA-1_1",-0.0289622794890517,-0.157724271984713
"TCGAACACAATACAGA-1_1",0.0767178588705221,-0.184152656893976
"TCGAAGTAGTGCACAG-1_1",0.0451214913593134,-0.206029454957457
"TCGAAGTGTACTCGTA-1_1",-0.039761099256643,-0.0702674835447571
"TCGAAGTGTTGCATCA-1_1",-0.00629871722734687,-0.171164701404016
"TCGACCTCATGGACAG-1_1",-0.00500057931866583,-0.195115622043003
"TCGACCTGTACAGTAA-1_1",-0.119954588037775,0.0108777136215664
"TCGATTTGTGCGAACA-1_1",0.102314863772897,-0.182415730998373
"TCGATTTGTTGCCGAC-1_1",-0.0394692854783216,-0.149641672655078
"TCGATTTTCTGGACTA-1_1",-0.0349181592921302,-0.151878961886115
"TCGCAGGCAAGAGTAT-1_1",0.16677831625267,-0.186918760116287
"TCGCAGGCAGCAGTGA-1_1",0.176517186218472,-0.194847611648688
"TCGGATACACAAATAG-1_1",-0.0250332788751873,-0.146302779332475
"TCGGATATCATAGAGA-1_1",0.0876415003061561,-0.187347563226734
"TCGGGACAGATGAAGG-1_1",0.00245964829379478,-0.186301929219568
"TCGGTCTAGCGCTGAA-1_1",-0.0244498292956809,-0.182263077212675
"TCGGTCTAGTGCTACT-1_1",0.00434096286799892,-0.162280960772558
"TCGGTCTGTATCGCGC-1_1",-0.031746761394824,-0.16455632692713
"TCGGTCTTCAGGAGAC-1_1",-0.0117176310656167,-0.182105392367869
"TCGTAGAAGTAGGGTC-1_1",0.184864701590497,-0.180629462836619
"TCGTAGACAGGCCTGT-1_1",0.00873389450113786,-0.183921869067669
"TCGTAGATCGCCACTT-1_1",-0.0214107863278338,-0.176203034904336
"TCGTCCAAGTGAGGCT-1_1",0.0374973840185352,-0.200918419982467
"TCGTCCAGTCTTGTCC-1_1",0.0718366199648043,-0.217221909465141
"TCTAACTAGTTAACAG-1_1",0.1020736905502,-0.177347011107771
"TCTAACTTCATCTATC-1_1",0.0807621218779989,-0.231311392908572
"TCTACCGAGAACTCCT-1_1",0.0148439108013234,-0.195246524533233
"TCTACCGTCGCGGTAC-1_1",0.0665620461732094,-0.187046620658066
"TCTATACGTGTTAGCT-1_1",0.00703580078067076,-0.189644996025061
"TCTATACTCACGGAGA-1_1",0.0412556322709695,-0.182148433234451
"TCTATCACAGAGGCTA-1_1",0.067406571097839,-0.222749408690866
"TCTCACGGTCGGCCTA-1_1",0.103116602706511,0.0714091564076223
"TCTCAGCCACGTACAT-1_1",-0.0399880270249497,-0.0896509361593085
"TCTCAGCCAGCGTATT-1_1",-0.0305795805703951,-0.140654030322095
"TCTCAGCTCCATCGTC-1_1",-0.00365778016450514,-0.165023161622188
"TCTCCGAAGTTCATGC-1_1",0.106569989184353,-0.213761630827205
"TCTCCGAGTTACAGCT-1_1",0.0589887822878397,-0.132846658224179
"TCTCTGGCACAATGTC-1_1",0.0612834262303452,-0.221048327536188
"TCTCTGGTCATCTACT-1_1",0.0418053763340797,-0.170625296815944
"TCTGCCAAGAGCACTG-1_1",0.0833168374603774,-0.199923543549268
"TCTGCCATCGAAACAA-1_1",0.12868072794945,-0.169107090799316
"TCTGGCTTCATCAGTG-1_1",-0.0182675950225898,-0.173568154770658
"TCTTAGTTCTGATTCT-1_1",0.067080265578645,-0.215001819558217
"TCTTGCGGTGAAAGTT-1_1",0.0175747601001525,-0.185045560121754
"TCTTTGACATCCGAAT-1_1",-0.0305053573459214,-0.156376907201384
"TGAACGTAGACTCAAA-1_1",-0.0206533079375607,-0.178852639238282
"TGAATCGAGCCATATC-1_1",0.0383129136314954,-0.206973658309295
"TGAATCGCAACACTAC-1_1",0.0510303411324084,-0.17753122817584
"TGAATGCCATTGTCGA-1_1",0.050714132479333,-0.207414569012206
"TGACAGTCACCGTGGT-1_1",-0.0446673736906817,-0.140892999395547
"TGACAGTCATGCGTGC-1_1",-0.0184913692479026,-0.1781297761414
"TGACAGTTCTTCCAGC-1_1",0.0475224320455256,-0.202836233728894
"TGACGCGGTCGACTGC-1_1",0.0325700787712319,-0.0159412429207802
"TGACGCGGTGTCCTAA-1_1",-0.0293763876972257,-0.114307289012316
"TGACGCGTCAGACTGT-1_1",0.0620363526080611,-0.223832688119421
"TGACGCGTCGAGCTGC-1_1",0.103046785498863,-0.214544088015424
"TGAGACTCACTGGACC-1_1",0.103132447516397,-0.230685556775812
"TGAGACTCATAACAGA-1_1",0.0367432403379884,-0.208360721332648
"TGAGCATAGAGGTCGT-1_1",-0.0723661113010975,-0.0520038392004129
"TGAGCATAGGAACTAT-1_1",-0.0158493056338356,-0.165018438625795
"TGAGCGCCAAACACCT-1_1",-0.00491598754440099,-0.173663756570624
"TGAGCGCTCTCAGAAC-1_1",0.182862621359856,-0.19002302261704
"TGAGGAGAGATTAGCA-1_1",-0.038730475932405,-0.155469384196115
"TGAGGAGCATAGAGGC-1_1",-0.0187685044095588,-0.133115236883942
"TGAGGAGTCTTACGTT-1_1",0.0511487534027727,-0.182594682245045
"TGAGGGAGTAGATCCT-1_1",0.00107278019862591,-0.169846250950887
"TGAGTCACAGGTGGAT-1_1",0.00722114248232458,-0.195095498799958
"TGATCAGCATCGATGT-1_1",-0.244608508147576,0.0291911239597167
"TGATCAGGTTGTTGTG-1_1",-0.0434981751078172,-0.139652933779015
"TGATCAGTCACTCACC-1_1",0.175464979524187,-0.157698974202369
"TGATCTTCACTTGAGT-1_1",0.0847196733592677,-0.211672474723172
"TGATCTTGTCAGTTTG-1_1",0.0769378672210992,-0.219580918269294
"TGATGCAAGTTACGAA-1_1",0.0756892959837071,-0.228479478455884
"TGATGCATCGACGCTG-1_1",0.00874047015544375,-0.130030427997752
"TGATGCATCTACTGCC-1_1",0.0832640981185764,-0.22852144713406
"TGATGGTAGACGGATC-1_1",0.121978829514263,-0.183810799146509
"TGATGGTTCCAGCTCT-1_1",-0.0245848213737714,-0.173078726027061
"TGATGGTTCGAGCTGC-1_1",-0.0300097824565665,-0.156861421685572
"TGATTCTAGATGCTTC-1_1",0.0474186530766979,-0.199621287072242
"TGATTCTTCTCAGGCG-1_1",-0.025079593398526,-0.170781418347605
"TGCACGGAGCAGGGAG-1_1",-0.043091942538522,-0.14046065240407
"TGCAGATGTAGTCGGA-1_1",0.0604373495305561,-0.190798581811817
"TGCAGATGTCCGTTTC-1_1",-0.0555348718476973,-0.111790174339525
"TGCAGATTCGTAGGAG-1_1",0.131824381349118,-0.212054684014993
"TGCAGGCGTAATGTGA-1_1",-0.0806428020640712,-0.0530429569516884
"TGCAGGCGTTCGCGTG-1_1",0.0698486138687393,-0.116295570208992
"TGCATCCAGGACAGTC-1_1",0.00882884303761299,-0.1881922586758
"TGCATCCAGTCAGGGT-1_1",0.104721488971978,-0.18244656106333
"TGCATCCGTCTAGGCC-1_1",-0.0270397067621281,-0.143539445014077
"TGCATGAGTACAACGG-1_1",-0.0615327769401356,-0.117720304755495
"TGCATGATCATGAGGG-1_1",0.125482682183096,-0.215801615416627
"TGCCGAGGTACTAACC-1_1",0.088966716038835,-0.222553594612081
"TGCCGAGGTTGCCGAC-1_1",0.00647580144460194,-0.189124883912479
"TGCGACGCACTGCTTC-1_1",-0.0279309174454985,-0.135773065816717
"TGCGATAAGACTACCT-1_1",-0.0144701900154523,-0.180705130587143
"TGCGATACACAGTCAT-1_1",0.0113574209966839,-0.182986581237815
"TGCGATATCGTAGGAG-1_1",0.206244267052638,0.290190524663702
"TGCGGCAAGCGATCGA-1_1",0.000551088378909253,-0.154847327715529
"TGCGGGTGTCACTTAG-1_1",0.0772413730513058,-0.15599391846266
"TGCTCGTCAACTTGGT-1_1",0.0321951866805713,-0.0786109647098499
"TGCTCGTGTAAGATAC-1_1",-0.020238296551155,-0.175787870986534
"TGCTCGTGTTCAGTAC-1_1",0.0560344004995551,-0.223135264062331
"TGCTGAATCCTACGAA-1_1",0.0907685007256322,-0.167346775082741
"TGGATGTAGTTCCTGA-1_1",-0.075373980149806,-0.0360548308314342
"TGGGAAGAGCTATCCA-1_1",0.061732156383339,-0.180363095272394
"TGGGAGAAGGTGTGAC-1_1",0.0544718986634661,-0.189231281856024
"TGGGAGATCCAGGACC-1_1",0.131308521916416,-0.224973738525411
"TGGGATTCAGTTGTTG-1_1",0.0636077981081407,-0.173410778683415
"TGGGATTTCAGACATC-1_1",0.0851859632979589,-0.205407409926335
"TGGGATTTCTAAGGAA-1_1",0.0830280315305875,-0.232847198716394
"TGGGCGTAGCTGACCC-1_1",0.091369973501458,-0.165867093017908
"TGGGCGTGTACCAGAG-1_1",0.0429348630992214,-0.206325351095871
"TGGGCGTGTGATAGTA-1_1",0.00737253009842867,-0.174439508129312
"TGGGCGTTCAAGAGTA-1_1",0.051375683657446,-0.184446213361384
"TGGGCGTTCACGGTCG-1_1",0.0415996531597179,-0.166872761663329
"TGGGCGTTCGATCCCT-1_1",-0.00298896388035875,-0.198827938581599
"TGGGCTGCATGGTGGA-1_1",-0.035563198010495,-0.129596305994608
"TGGGCTGGTGAGATTA-1_1",0.0581827850313744,-0.177030733700741
"TGGGCTGTCGCTACAA-1_1",0.108695589085067,-0.200845769500179
"TGGGCTGTCTCTCGCA-1_1",-0.0340058571789604,-0.103590187162121
"TGGGTTAAGCAACAAT-1_1",0.0766390414253015,-0.217281005645855
"TGGTTAGTCGGAAGGT-1_1",0.0732823454584434,-0.213249220533131
"TGTAACGAGCCATCCG-1_1",-0.0400047818018532,-0.105010168842853
"TGTAACGCATGTCGTA-1_1",0.0184626333946463,-0.20528125772515
"TGTACAGAGGATGAGA-1_1",0.0154783737297379,-0.179225206847291
"TGTACAGGTTACGGAG-1_1",-0.0362073686857851,-0.140604247120589
"TGTACAGTCACCACAA-1_1",0.0477597335368932,-0.219400242607564
"TGTAGACAGTCGGCCT-1_1",-0.0216727177419962,-0.161327479825412
"TGTCCACGTTCTCACC-1_1",0.0389680845441666,-0.195760930588022
"TGTGATGAGTCTCTGA-1_1",0.104095899649886,-0.229948036277022
"TGTGATGGTTCAAACC-1_1",0.127672379443393,-0.209628028050792
"TGTGATGTCAGCCTCT-1_1",0.0396716107701834,-0.170985090574779
"TGTGATGTCTCTTGCG-1_1",0.0803848714368121,-0.229233093349931
"TGTGCGGCATGGAAGC-1_1",0.113460211034137,-0.206624216909036
"TGTGTGACAGTAGTTC-1_1",0.116059215608419,-0.174054606877097
"TGTGTGAGTCACGACC-1_1",0.0751012159181162,-0.19034850832988
"TGTTCATCACCTTCCA-1_1",-0.0207082617388261,-0.158072238172003
"TGTTCCGAGGTGAGAA-1_1",-0.00564180404232791,-0.181620949231379
"TGTTGAGGTGTACATC-1_1",-0.0434076527416953,-0.147483001017999
"TGTTGAGGTTACCCAA-1_1",0.00730637291143866,-0.190129087974494
"TGTTGGAAGTGAATAC-1_1",0.0844813161208942,-0.130631906191678
"TGTTGGACACCAATTG-1_1",0.0695591753255333,-0.175345671173347
"TGTTGGACAGCAGTCC-1_1",0.0912308688249888,-0.196336448865449
"TGTTGGAGTTAATCGC-1_1",-0.0157552449264384,-0.10773949755769
"TGTTTGTAGAGATTCA-1_1",0.00867598077658103,-0.139848502287577
"TGTTTGTAGCAGGCAT-1_1",0.0752504386289121,-0.215613715735163
"TTAATCCGTTGCTCCT-1_1",-0.0376831505085332,-0.162360471202798
"TTAATCCTCACCTCGT-1_1",0.053854402279875,-0.22262178520537
"TTAATCCTCGCGTAGC-1_1",-0.00735006938318891,-0.19530602916054
"TTACAGGCAGCATTGT-1_1",0.0634865693561443,-0.166002565405507
"TTACAGGCATCCCGTT-1_1",0.00431777779184886,-0.20295252770385
"TTACGCCAGAGATCGC-1_1",-0.0145884122651518,-0.189887971404932
"TTACGCCGTCTGTTAG-1_1",-0.14309020568599,-0.0184445693563018
"TTACGTTCATTATGCG-1_1",-0.0407702844502635,-0.108967141247287
"TTACGTTGTCAGACTT-1_1",-0.0263057904462845,-0.136108549363626
"TTACGTTGTTAACAGA-1_1",0.0650031504978034,-0.201208598113836
"TTACTGTAGTCGGCCT-1_1",0.0754621517893219,-0.216063161103722
"TTAGGGTGTAGCTGTT-1_1",-0.00403216261707424,-0.176849423170992
"TTAGTCTGTGTGTTTG-1_1",-0.0188134331273168,-0.179843682541642
"TTAGTCTGTTCGTAAC-1_1",-0.010825650725864,-0.175786004831577
"TTATTGCTCCGTCAAA-1_1",-0.0127637546830627,-0.192225552132533
"TTCAATCCAGAAATTG-1_1",0.0438484983016575,-0.207981990086576
"TTCAATCGTGTAAACA-1_1",-0.00674448631065976,-0.166618980782937
"TTCAATCGTGTACAGG-1_1",0.133834511923807,-0.130559000032077
"TTCAGGACATGAAAGT-1_1",-0.0632784663469813,-0.0400365548693403
"TTCAGGAGTTCTGAGT-1_1",0.132019020237202,-0.225082058630708
"TTCATTGCACAATGAA-1_1",0.0753611775922084,-0.217206389428058
"TTCCACGAGCCAGTAG-1_1",0.0772423541703088,-0.221008390287089
"TTCCGGTTCAAGTGGG-1_1",0.0392581458696015,-0.205077896637276
"TTCCGGTTCGCGTGCA-1_1",0.203845666129301,0.291073908818735
"TTCCGTGAGGCCTGAA-1_1",0.0745887276396103,-0.222820566125959
"TTCCGTGGTACTCGTA-1_1",0.0441436727586106,-0.209021671980388
"TTCCGTGGTAGAGGAA-1_1",0.0432681047620635,-0.21026775830658
"TTCCTTCAGCTGAAAT-1_1",0.104988464279965,-0.226307132270925
"TTCCTTCAGCTGAAGC-1_1",-0.037861134237691,-0.0258524115302547
"TTCGATTTCCTCATAT-1_1",0.00328563335801184,-0.192348288327888
"TTCGCTGGTACAAACA-1_1",0.0434054725397472,-0.172678010680699
"TTCGCTGTCATTTACC-1_1",0.0463146320587147,-0.212011208892643
"TTCTAGTAGTATAGAC-1_1",0.0826960834925637,-0.221495894348859
"TTCTCTCTCCAATGCA-1_1",0.0812854441080118,-0.229489396676708
"TTCTGTAAGACACACG-1_1",0.119471094502365,-0.187431332137077
"TTCTGTACAGACACAG-1_1",0.00215876715781029,-0.191470748085061
"TTCTGTATCAGCTGTA-1_1",-0.0312841328027524,-0.0989002250351644
"TTGAACGGTAATGTGA-1_1",-0.030516932476015,-0.164286276157834
"TTGAACGGTCCAACGC-1_1",0.0402101070005449,-0.200483754693033
"TTGACCCGTGGACAGT-1_1",0.126351191072029,-0.216953392677982
"TTGAGTGTCATTGAGC-1_1",0.00868291963584399,-0.134667625257034
"TTGCATTAGACGTCCC-1_1",-0.0477593745563881,-0.122862537273222
"TTGCGTCAGTTGAATG-1_1",0.00506631418850237,-0.1921710192411
"TTGCGTCTCAGACCGC-1_1",0.113636257923756,-0.176724316270057
"TTGCGTCTCTCTCTAA-1_1",0.116506484889549,-0.174663058403185
"TTGCTGCCATGGACAG-1_1",-0.0705257133064444,-0.0958480636560297
"TTGGATGAGTAGCCAG-1_1",-0.00466904901850752,-0.167856202422495
"TTGGATGTCGCATTAG-1_1",-0.0126773672945632,-0.123922528173451
"TTGGGATAGTGCACCC-1_1",-0.074394612874572,-0.0706364725022332
"TTGGGATTCCTAGAGT-1_1",0.0812676044774657,-0.226189104868533
"TTGGGCGCAACTCCAA-1_1",0.0478821875869553,-0.215026735848266
"TTGGGCGCAGCTTCCT-1_1",0.11248704893391,-0.22483612246284
"TTGGGCGGTAGAGGAA-1_1",0.191355982472187,0.216164958693832
"TTGGGCGGTCCTGGGT-1_1",0.180076012000916,0.23274644921757
"TTGGGTATCGAACGCC-1_1",-0.0510065789897761,-0.11375975250578
"TTGGTTTAGAGCCCAA-1_1",-0.391081300354792,0.0534073853812912
"TTGGTTTCAAATGAGT-1_1",0.0118379254910458,-0.191739525685345
"TTGGTTTCAGTAACCT-1_1",0.0963306601143593,-0.227107261796412
"TTGGTTTCATATAGCC-1_1",0.0222280988670513,-0.20729499030581
"TTGGTTTGTTGTGTTG-1_1",-0.0182693906810725,-0.163267682078625
"TTGGTTTTCCTTCAGC-1_1",-0.0377838287996316,-0.158974981495762
"TTGTGGACATCCTGTC-1_1",0.0521672701771352,-0.205498123007388
"TTGTGTTCATCATCCC-1_1",0.0314495623526498,-0.206314070263916
"TTGTGTTCATCCTTGC-1_1",-0.0151167133246696,-0.169814622558927
"TTGTTCATCCTAACAG-1_1",0.0395289452332655,-0.170398969785002
"TTGTTGTAGGAGAGGC-1_1",0.00159482649028277,-0.192931351047577
"TTGTTGTTCCAGCTCT-1_1",0.0424987088538671,-0.215774271348354
"TTGTTTGGTATTTCTC-1_1",0.0733378056769391,-0.193153232007307
"TTTACCAAGATCCAAA-1_1",0.0367717351228507,-0.195702883161351
"TTTACCAAGGCATCAG-1_1",-0.0490161820190594,-0.139770760240814
"TTTACCACATTCCTCG-1_1",0.0584119303881027,-0.192779395895504
"TTTACCATCTCGCTTG-1_1",0.0564926900794181,-0.220983637851721
"TTTAGTCGTAATACCC-1_1",0.03122160709991,-0.174187797467154
"TTTATGCTCGCACGAC-1_1",0.00802044653079026,-0.190717028702323
"TTTATGCTCGTCTAAG-1_1",0.0515020269088802,-0.208791657787117
"TTTCAGTAGTAGACAT-1_1",0.051624474213297,-0.211382808395256
"TTTCAGTAGTGCTCAT-1_1",0.0905450541442349,-0.221253291074399
"TTTCATGAGTGTTCCA-1_1",-0.0192531244470222,-0.16851882563394
"TTTGACTCAAGACCGA-1_1",0.0482070858182974,-0.185046617441567
"TTTGACTCACATAACC-1_1",-0.124675852524946,-0.0134389026557113
"TTTGACTCATTCTCTA-1_1",-0.0162812991244898,-0.176865458529066
"TTTGATCAGGTACCTT-1_1",-0.00410253966023868,-0.18744861611477
"TTTGGAGTCCCTCTTT-1_1",-0.00408615763448547,-0.185141168349456
"TTTGGTTAGCCTCTTC-1_1",0.0798164507639626,-0.215853125795716
"AAACCCAAGTGCTCGC-1_1",0.0238442363263878,-0.134697823478916
"AAACGAACACAGCCAC-1_1",-0.22181949137599,0.0150445113056835
"AAACGAAGTACTGGGA-1_1",0.0328313236333919,0.0555813359446021
"AAACGCTAGACAAGCC-1_1",-0.218916715103298,0.0108898319766938
"AAAGAACCAAGATTGA-1_1",-0.194474631421759,0.00450804809796443
"AAAGGATAGATCGACG-1_1",-0.110327036658069,-0.0200630509671234
"AAAGGATGTGAACGGT-1_1",-0.0443106449195203,-0.0943235365472599
"AAAGGGCAGCTGTGCC-1_1",-0.106463661431409,-0.00263338145045247
"AAAGGGCTCGCTACAA-1_1",-0.113770601685456,-0.0143342394958909
"AAAGGTAGTATCGCAT-1_1",-0.200200699599425,0.00762474534850397
"AAAGGTATCGGAACTT-1_1",-0.103875438349326,-0.00299171910434186
"AAAGTCCCACGGATCC-1_1",-0.111570205963934,-0.0495694470904637
"AAAGTCCGTAGATCCT-1_1",-0.155923566173109,-0.00299340822908843
"AAAGTGAAGCTTTCCC-1_1",-0.0795529056084894,0.0179606462740721
"AAAGTGAGTACTTGTG-1_1",-0.131598558633543,0.0220981179933807
"AAAGTGATCAAGGAGC-1_1",-0.120737952095302,0.01047053726165
"AAAGTGATCAGAGTTC-1_1",-0.155391055336041,-0.00399281419681369
"AAATGGAGTGGTCTTA-1_1",-0.142825230261139,0.0171290246014876
"AACAAAGAGCCTGAGA-1_1",-0.193492594040564,0.0109166319930845
"AACAAAGAGTTTGCTG-1_1",-0.0789576002208907,0.00946329263655904
"AACAAAGTCGGTGTAT-1_1",-0.23397564261812,0.0175972745615938
"AACAACCCATCGAAGG-1_1",-0.181636100537357,0.000625375957229026
"AACACACGTGACATCT-1_1",-0.0823023132521838,-0.0310849115618573
"AACCAACGTCGCTGCA-1_1",-0.242939474482219,0.0265955307598956
"AACCCAAAGGCACCAA-1_1",-0.21268333473346,0.0178670544978438
"AACCCAATCGAAGTGG-1_1",-0.190030940554839,0.0164244733825223
"AACCTTTTCCAATCTT-1_1",-0.0840235677995344,-0.0565686077220572
"AACGAAAAGCGGTAGT-1_1",-0.144861304425084,0.00214574257083527
"AACGGGAGTAGGAAAG-1_1",-0.118220146326682,0.0119556795245122
"AACGTCATCGTTCATT-1_1",-0.197872013810689,0.00748542406480932
"AACTTCTTCTACGCAA-1_1",-0.162603139713756,-0.00465081226831789
"AAGACAAAGTCGAGGT-1_1",-0.0615747102519312,-0.0219359739306537
"AAGACAAGTCCTCCTA-1_1",-0.0718983158352148,-0.00836417510782241
"AAGACAATCACCATAG-1_1",-0.0691717808382957,-0.0565608780635757
"AAGACTCCAATAGGGC-1_1",-0.0432720876536609,0.0107183027845176
"AAGATAGTCTCATGGA-1_1",-0.25640363478104,0.0310065232844873
"AAGCATCAGACGACTG-1_1",-0.254215773529604,0.0244278951127045
"AAGCGAGCAATTCTTC-1_1",-0.252539538842473,0.0248938914439638
"AAGCGTTAGTAAACGT-1_1",-0.113897043753944,-0.00487824926318156
"AAGTCGTAGTTGTCGT-1_1",-0.0654385404516474,-0.0072170701473269
"AAGTCGTTCGGCACTG-1_1",-0.230534094371765,0.0148017365646574
"AAGTTCGAGTTGTAGA-1_1",-0.0335202648126693,-0.0415604273226593
"AATAGAGCACAACATC-1_1",-0.150548482877297,-0.00726669048012632
"AATAGAGCATGGGATG-1_1",-0.0975553202334383,0.00969123955990668
"AATAGAGGTTGACGGA-1_1",-0.202757519860585,0.00265466923249858
"AATCGACGTCCCACGA-1_1",-0.169673683204244,-0.00504880968318545
"AATCGACTCTTACACT-1_1",-0.0159483230450991,-0.0232959027223917
"AATCGTGAGCTGGTGA-1_1",-0.164822986601196,-0.00118549724642047
"AATCGTGGTCTTTCAT-1_1",-0.225296886511859,0.0129151072658443
"AATGACCAGTCGAGGT-1_1",-0.08091931547344,0.0185727616790116
"AATGACCGTACACGCC-1_1",-0.115842953598732,0.00201871049939089
"AATGGAAAGGTTGCCC-1_1",-0.22808489095359,0.0266431076328827
"AATGGCTCAAATCGTC-1_1",-0.246162422177433,0.0238132395277386
"ACAAAGAAGTCTGGAG-1_1",-0.204688262813847,0.0147121029587512
"ACAAAGACAGGTTACT-1_1",-0.148508460910322,0.0070370678249346
"ACAACCACAAGTATCC-1_1",-0.202531256706705,0.0182710035722277
"ACAACCAGTCCAGGTC-1_1",-0.087738893390041,-0.0379986587948345
"ACAAGCTAGTCACGAG-1_1",-0.245751085122949,0.0202460290526051
"ACACAGTTCCATCACC-1_1",-0.0812792672710908,0.0178195119281238
"ACACTGAGTAGATCGG-1_1",-0.105685957746778,0.000421032369971712
"ACACTGATCCTCATAT-1_1",-0.101571391378896,0.0312784813851778
"ACAGGGATCCAGTACA-1_1",-0.166873443802822,-0.0117812635800855
"ACATCGAGTTTGAAAG-1_1",-0.0916593002629036,0.0178578029554741
"ACATGCACACTGCGAC-1_1",-0.0956796995467046,-0.0352552781051897
"ACATGCATCGAGTACT-1_1",-0.248522130041744,0.0238037770993377
"ACATGCATCGTTGTTT-1_1",-0.133716026894655,0.000608199236224044
"ACATTTCTCTGAGAAA-1_1",-0.106219639488845,-0.0319250135240232
"ACCAACAAGCTGTTCA-1_1",-0.113031656588384,-0.0277815817338253
"ACCAACAAGGTGAGAA-1_1",-0.118622087482805,-0.0103648962991179
"ACCAACACATCGCTCT-1_1",-0.0639632139220922,-0.0156873741346578
"ACCATTTTCAGAATAG-1_1",-0.0927294589313969,0.0142836020598836
"ACCATTTTCCTAGCGG-1_1",-0.0895739639213757,-0.0553650929894536
"ACCATTTTCGCCGATG-1_1",-0.10159940044699,0.0093846421165529
"ACCCTCATCAGGCGAA-1_1",-0.0618233747849658,-0.0310483987407588
"ACCGTTCAGTTGGAGC-1_1",-0.174682457303329,0.0154098548138972
"ACCGTTCTCGACACTA-1_1",-0.170227180151524,-0.00236178137718836
"ACCTACCGTAGTGGCA-1_1",-0.107846133700376,0.00137245289355391
"ACCTACCGTGCTAGCC-1_1",-0.178571516996528,0.00204944964878517
"ACCTGTCGTCACTGAT-1_1",-0.0758600010400221,0.019267415975204
"ACGATCAGTGGGCTTC-1_1",-0.16070946363653,-0.00323175608210987
"ACGCACGGTATAGCTC-1_1",-0.185922193606258,0.00267182687567868
"ACGGTCGGTGTAGTGG-1_1",-0.108952369476929,-0.0347726957977194
"ACGTAACTCATCTGTT-1_1",-0.109329091213409,-0.0172378502033331
"ACGTAACTCCTGTACC-1_1",-0.0626282694567515,0.019617554433504
"ACGTAGTCACAAATAG-1_1",-0.0845799097489972,-0.0377012303323798
"ACGTTCCTCTTCGGTC-1_1",-0.117312569461122,0.0267053737259238
"ACTACGAAGAGGTCAC-1_1",-0.10854705565451,-0.00771266192555016
"ACTACGAGTGTGAATA-1_1",-0.244971166204529,0.0281047008028115
"ACTATCTCATGTGACT-1_1",-0.264095699300802,0.0371900334387854
"ACTCCCACACATTCTT-1_1",-0.19082168515397,0.00346281708968132
"ACTCCCATCGTCCATC-1_1",-0.187316559987651,0.0187713166828757
"ACTGATGCAACCAACT-1_1",-0.103049565335961,0.00959738478968434
"ACTGCAAAGCGCGTTC-1_1",-0.124074806918389,-0.0218945632575025
"ACTGTGAGTGAGCCAA-1_1",-0.152657669355967,0.00312217855597081
"ACTGTGATCTTGGAAC-1_1",-0.0868943599833606,0.0155828207265371
"ACTTAGGTCTGTCCCA-1_1",-0.250535279637789,0.0269532778413354
"ACTTATCAGACCCTTA-1_1",-0.192951282286652,0.0129835530884226
"ACTTATCTCGTGTCAA-1_1",-0.150650844324391,0.0144756853110505
"ACTTCCGGTGAGCTCC-1_1",-0.110609204786387,-0.0125038643143628
"ACTTTCAGTCGGTAAG-1_1",-0.033817470447218,-0.0317500556458611
"ACTTTGTCAGAGATGC-1_1",-0.238786232856624,0.0166387868043963
"AGAACCTAGCATTTGC-1_1",-0.0703626503263687,-0.00243522155223943
"AGAACCTCAACCGCTG-1_1",-0.248787544210942,0.0223053105713445
"AGAACCTCACTCATAG-1_1",-0.0523498220376085,-0.0243909891626412
"AGAAGCGGTCTACGAT-1_1",-0.0672774067497177,-0.0243633655312987
"AGAAGCGTCAGACCTA-1_1",-0.153768286635086,-0.0073540586654089
"AGACCATGTCGATTTG-1_1",-0.0989274480623832,-0.00853656904366928
"AGACTCAAGCGATGAC-1_1",0.217794702855049,0.248789475362806
"AGACTCAAGTGGATAT-1_1",-0.149448503045296,-0.013246723895175
"AGAGAATAGCTAAGTA-1_1",-0.105048868420695,-0.0104390154086853
"AGAGAATAGGAGTCTG-1_1",-0.112297473239708,0.00623147469355949
"AGAGAATAGGGAGGCA-1_1",-0.26797662909478,0.031820298561709
"AGAGAATCAACAGAGC-1_1",-0.269801738060389,0.0310333345728912
"AGAGAATCAACGGTAG-1_1",-0.111204259283767,0.0236006002051155
"AGAGCCCAGAGACAAG-1_1",-0.134639674418278,-0.011189175534062
"AGATAGAAGCTAGAGC-1_1",-0.126741798612679,0.00157360815675521
"AGATGAATCGTAACAC-1_1",-0.243602418399323,0.0191704281592168
"AGATGCTCAGTGTATC-1_1",-0.0777711695870962,-0.0306150059721156
"AGCATCACATGGAATA-1_1",-0.187182350357947,0.00214053067191508
"AGCATCACATGGCGCT-1_1",-0.171336451267617,-0.00406737086264905
"AGCATCAGTATTCCGA-1_1",-0.0771439050245474,0.0196541991416241
"AGCCAATCAGACGATG-1_1",-0.200412614662251,0.0208358980803789
"AGCCAGCGTCAAGCCC-1_1",-0.0700514322429762,-0.0634846066059985
"AGCGATTAGCTCATAC-1_1",-0.181801418850751,0.0169616227969615
"AGCGCCACATACCGTA-1_1",-0.266191198244071,0.0357749515154609
"AGCGTCGAGGGACAGG-1_1",-0.229085847990105,0.013233081880264
"AGCGTCGGTGTCGATT-1_1",-0.127864473141184,-0.00686578949740921
"AGCTACAAGCAAGGAA-1_1",-0.0716665265947369,-0.0219137981993687
"AGCTACAAGGATACGC-1_1",-0.0916871045748385,-0.0299814394256528
"AGCTACAAGTTACGTC-1_1",-0.116657391422671,-0.00403824566744197
"AGCTCAAAGGCGTTAG-1_1",-0.137686551681994,0.0268713329751481
"AGCTCAAGTCGCAACC-1_1",-0.160900456363874,-0.00143938743018885
"AGCTCAAGTGCCGAAA-1_1",-0.117101792656651,-0.0310057091465392
"AGCTTCCCAGGCTATT-1_1",-0.0905275985912958,0.0123223931514643
"AGCTTCCGTAGATTGA-1_1",-0.138486278147775,0.00852101647254676
"AGCTTCCTCGTACCTC-1_1",-0.212389931586063,0.0129049073483761
"AGGAAATTCCCGAGGT-1_1",-0.103124073330944,-0.0216795858833922
"AGGAATAAGTTCGGTT-1_1",-0.116131800949223,0.00860884901042305
"AGGAATAGTTTGTTCT-1_1",-0.115458657184023,-0.0177069668243374
"AGGACGAGTTGTCCCT-1_1",-0.246078896863661,0.0216116665297113
"AGGACGATCAAAGCCT-1_1",-0.233209961790944,0.0142998934818311
"AGGACTTTCGCTATTT-1_1",-0.109190193473895,-0.00394407730839849
"AGGAGGTCAACTACGT-1_1",-0.0835258769001809,-0.0373006577154587
"AGGATAAGTGGCTACC-1_1",-0.0989286169902157,-0.0290504169432353
"AGGATCTAGCTGTGCC-1_1",-0.103376557343623,0.0181404048573518
"AGGCCACCAAATAAGC-1_1",-0.073975173944821,0.00231049605543935
"AGGCCACCAGGAGACT-1_1",-0.0639086077651497,-0.0736922243980827
"AGGCCACCAGGCGAAT-1_1",-0.110197846290783,0.00801698827160792
"AGGCCACGTGTCTTGA-1_1",-0.217975724488034,0.0152349941869966
"AGGCTGCGTAGTGATA-1_1",-0.246541498080791,0.0222377232118641
"AGGCTGCGTGTGCTTA-1_1",0.070528244075237,-0.101338151952927
"AGGGTGACAGCCATTA-1_1",-0.0766518438861138,-0.0564760962191795
"AGGGTTTAGAGTTCGG-1_1",-0.0827755025389565,0.0127520358526247
"AGGGTTTGTACTCCCT-1_1",-0.105171337131004,-0.0117833685052535
"AGGGTTTGTCACGTGC-1_1",-0.245498795416547,0.0223534385658892
"AGGTAGGAGTGCAACG-1_1",-0.0329453618291014,0.0344806077172179
"AGGTAGGGTCTGTCAA-1_1",-0.112187910515956,-0.0336479256319405
"AGGTCATCAACCAACT-1_1",-0.0838581475455879,0.0100182776128809
"AGGTTACGTGTCTCCT-1_1",-0.135965883261805,-0.0073137418472711
"AGTACCAAGACAACTA-1_1",-0.132214558814636,-0.00130149554846471
"AGTACCAGTTCCTAAG-1_1",-0.0612456718529178,-0.0121083831890801
"AGTACTGTCCACCTGT-1_1",-0.0762395823629971,0.0245431342466628
"AGTCAACAGACTCCGC-1_1",-0.0651163479489377,0.00855289513561834
"AGTCACAGTTGATGTC-1_1",-0.171209925518592,-0.000541779980849421
"AGTTCCCAGTCACAGG-1_1",-0.086753811243869,0.0105376805693965
"ATACCTTGTACGTTCA-1_1",-0.100982392230847,-0.0331261507319154
"ATACTTCTCTCGTGAA-1_1",-0.0900721289270979,-0.0272588410036118
"ATAGGCTGTTGCTCCT-1_1",-0.0981499628713106,-0.0246858070792619
"ATATCCTCATTGTAGC-1_1",-0.0985841954750123,0.00930771382368476
"ATCACAGAGGCGAACT-1_1",-0.191190073958947,0.00578979622105168
"ATCACAGTCCAAGGGA-1_1",-0.0941491629985386,-0.0570953092585854
"ATCACGAAGGTAGACC-1_1",-0.242662447764191,0.0301252909843763
"ATCACTTGTACCGGAA-1_1",-0.130827029288556,-0.0153622603638257
"ATCACTTTCATGAGGG-1_1",-0.0739539902211233,-0.085330522917817
"ATCACTTTCCCGAACG-1_1",-0.26724105887554,0.0365527816196606
"ATCCATTTCACCACAA-1_1",-0.0952436164834954,-0.0560896845734272
"ATCCATTTCGATGCAT-1_1",-0.0780452674194121,-0.0263462097534391
"ATCCCTGAGGTAAGTT-1_1",0.0796818672400439,0.03169588281519
"ATCCGTCGTTCCGTTC-1_1",-0.0520435351301494,-0.107414813730934
"ATCCTATCAAGCCTGC-1_1",-0.224979867370009,0.0191977953425353
"ATCCTATTCAAGCCCG-1_1",-0.138003718919965,0.00945456790423271
"ATCCTATTCTTCACGC-1_1",-0.175198251611902,0.00550392957110981
"ATCGATGAGCTGCCAC-1_1",-0.134434526436112,-0.0149176466648235
"ATCGCCTCAGAACCGA-1_1",-0.241504387519301,0.022600936001206
"ATCGCCTTCGACATCA-1_1",-0.0734214617662514,-0.0336721109560875
"ATCGGATGTCGCTTGG-1_1",0.201842601686437,0.271865356958062
"ATCGGATTCCTGGGTG-1_1",-0.269991298741357,0.0399653803119972
"ATCGTAGAGACTGGGT-1_1",-0.0724303713165398,0.0205146987568049
"ATCGTAGTCCTACGAA-1_1",-0.0707438846483397,-0.000926208262615874
"ATCGTCCAGAGTCAAT-1_1",-0.0861203963867683,-0.0279954845539614
"ATCGTCCAGGGAACAA-1_1",-0.0955442215998617,-0.0118963782467095
"ATCGTCCCAGCGGTTC-1_1",-0.116686425781101,-0.0118812850956829
"ATCGTGACACGTGTGC-1_1",-0.149714932105496,0.000211854494309557
"ATCGTGATCCATCGTC-1_1",-0.186484411260105,0.0184778297287426
"ATCTCTACACTGTGTA-1_1",-0.199896146074893,0.00567175902414765
"ATCTCTATCGATAACC-1_1",-0.142409240455047,-0.0204661928453266
"ATCTTCAGTATGAGAT-1_1",-0.0916383190261349,0.00233834011508409
"ATGAAAGAGGTAGTAT-1_1",-0.0573619995365258,-0.0264749869701597
"ATGACCACACCAATTG-1_1",-0.0982645844108757,-0.000968368278841662
"ATGAGGGGTGCCGTTG-1_1",-0.141147481505482,-0.0167084958652252
"ATGAGTCCAAAGGCGT-1_1",0.108472687482775,-0.0333127022362615
"ATGCCTCTCAGTCAGT-1_1",-0.255640499602863,0.0244955788635446
"ATGCGATCAGTCCGTG-1_1",-0.250053619790984,0.0224415112031257
"ATGGAGGGTCGCATGC-1_1",-0.119792023213241,-0.00665151504630895
"ATGGAGGTCATTCCTA-1_1",-0.0571108774194255,-0.0265465296721022
"ATGGGAGTCGTTCAGA-1_1",-0.116036428257204,-0.00901921258063158
"ATGGGTTCAATTGTGC-1_1",-0.173659380895099,0.0024473548533059
"ATGGTTGAGGGCTGAT-1_1",-0.0777642589384734,0.0185620314118569
"ATGGTTGCAAGTTGGG-1_1",0.191705461195498,0.254654498588627
"ATGTCCCAGCCGTCGT-1_1",-0.169422337236519,0.000684777511238728
"ATGTCCCGTTTCTATC-1_1",-0.242430623612222,0.0185931501612567
"ATTACCTCATGCGTGC-1_1",-0.247019448011741,0.0210784624588347
"ATTCACTAGGAACGAA-1_1",-0.257087689808809,0.0290768020756023
"ATTCACTCAAGTGGAC-1_1",-0.166402936399794,0.00876396863617833
"ATTCACTCACAGTATC-1_1",-0.0525307539935886,-0.0315768796216028
"ATTCCATAGAGTCTGG-1_1",-0.0720215067399635,-0.067001897060395
"ATTCCCGGTAGCTCGC-1_1",-0.106794619361293,0.0127507900246737
"ATTCCCGGTCAGACGA-1_1",0.0374022395539648,0.0209201655354844
"ATTCCTAAGACGTCCC-1_1",-0.093123601109151,-0.0585396740669348
"ATTCCTAAGCTGAGTG-1_1",-0.12005710417582,-0.00271508341117461
"ATTCCTATCCTCTAAT-1_1",-0.0676115515327063,0.0212797988982409
"ATTCTTGGTCATCGGC-1_1",-0.223151235726374,0.0130012598879854
"ATTGTTCGTCCAATCA-1_1",0.196433803216366,0.245059782166808
"ATTGTTCTCCGTTGGG-1_1",-0.0211380145844888,-0.0321877194065565
"ATTTACCGTTGCTCCT-1_1",-0.0803829973497401,-0.029771792920708
"ATTTCACAGCTCGGCT-1_1",-0.127875754736163,-0.0144284484294414
"ATTTCACTCCCAGCGA-1_1",-0.112644077827328,-0.00766981253027334
"CAACCAATCTGATGGT-1_1",-0.0711392439089618,0.0164727027055509
"CAACCTCCACACGTGC-1_1",-0.257106118874445,0.0295320954155991
"CAACCTCGTACAGGTG-1_1",-0.0375440538476792,0.0370429646337193
"CAACCTCTCCGGCAGT-1_1",-0.102169598418675,-0.031519316005173
"CAACGATAGCGAACTG-1_1",-0.167386594997717,-0.00447138650652906
"CAACGATCAACGGCTC-1_1",-0.0609423235881771,-0.0109420606574131
"CAACGGCTCAACTGAC-1_1",-0.0835954292160297,-0.0320941755701212
"CAAGAGGCATTCTTCA-1_1",-0.114865051625178,-0.0237216721085593
"CAAGGGACACATCCCT-1_1",-0.121058490001578,0.00412518406692195
"CAATACGTCTGAGAGG-1_1",-0.0841616724588802,-0.0409352453445446
"CAATCGAGTATCGCTA-1_1",-0.147191455573767,-0.0125632892037111
"CAATCGATCACCCTTG-1_1",-0.106722483744925,0.00856690220020954
"CAATTTCTCCAATCTT-1_1",-0.137758240553876,-0.00258856311722003
"CAATTTCTCCGACGGT-1_1",-0.123141675577126,-0.013579473286804
"CACACAACACCAGCCA-1_1",-0.220293614768521,0.0166083391141389
"CACAGATAGAACAGGA-1_1",-0.047405641842088,-0.087881110902825
"CACAGATCAGAGTGTG-1_1",-0.181753479583549,0.0161341483360058
"CACCAAATCAAGTGTC-1_1",-0.0973404017432361,-0.0354520086751391
"CACCGTTGTTGCGGAA-1_1",-0.0804547817649038,-0.0353199066433862
"CACGGGTAGAACAGGA-1_1",-0.0943448448032536,-0.033663667699516
"CACGTGGTCCGATTAG-1_1",-0.116192208317772,0.0124008915963748
"CACTGAACACGCTGCA-1_1",-0.241145411536221,0.0276906419100616
"CACTGAACAGTGTGCC-1_1",0.0088256789791574,-0.00235444806273717
"CACTGGGGTATGACAA-1_1",-0.130328722837069,-0.0231169978222003
"CACTTCGGTACAGGTG-1_1",-0.0975021173828652,-0.0515961411867087
"CAGATCACAGGTCCGT-1_1",-0.0425677949560806,-0.133682876793772
"CAGATCACAGGTTCCG-1_1",-0.125534892525728,-0.00305945374001163
"CAGATTGCAAGTGCTT-1_1",-0.193944987355831,0.00812000481111831
"CAGCAATAGATTCGCT-1_1",-0.094538440148789,-0.00691456107408137
"CAGCACGAGTTTCTTC-1_1",-0.112975216763278,-0.0195734597766105
"CAGCCAGAGGATCACG-1_1",-0.131001645118222,-0.0268548698637742
"CAGCCAGCATAGTCAC-1_1",-0.0961825764633535,-0.0278745886347209
"CAGCCAGTCAAGTGTC-1_1",-0.12850611838818,-0.015141835445945
"CAGGCCAAGGTGCAGT-1_1",-0.151136875546465,-0.0128815313254395
"CAGTTCCAGCTCTTCC-1_1",-0.0614433907098777,0.0346544520571578
"CATAAGCCAAGTGGCA-1_1",-0.0911437785650005,-0.0267165255750096
"CATAAGCTCCGTTGGG-1_1",-0.0816945910790001,0.0131401388831099
"CATAAGCTCGACGATT-1_1",0.0735545725774958,0.0640710062509365
"CATAAGCTCTCTATAC-1_1",-0.0717700815764228,0.0245233111807838
"CATACAGTCCACGAAT-1_1",-0.0558981460467931,-0.0284815597700784
"CATACTTCATTGTGCA-1_1",-0.0591359043328348,-0.0339851248651023
"CATCAAGTCCCGGTAG-1_1",-0.0916752908372672,0.0135553695194936
"CATCCACTCCGTGTAA-1_1",-0.123096676507535,-0.0364352723993797
"CATCCCAGTCAAAGAT-1_1",-0.06633651591815,0.0306895081908347
"CATCGTCGTGGTCTAT-1_1",-0.083103745301014,0.0152722866650884
"CATGCCTAGGAGGGTG-1_1",-0.106160262232193,-0.0235985300322411
"CATGCGGCAAGACAAT-1_1",-0.0720927903170901,-0.0732389823012937
"CATGCTCAGCAAGCCA-1_1",-0.124932015504701,0.00620482162063976
"CATGGATCAGCTGTAT-1_1",-0.221864541524776,0.0269221305467724
"CATGGTAAGCCGTAAG-1_1",-0.0943580771575641,-0.0492262152742953
"CATGGTACACGTCTCT-1_1",-0.0830265407102077,0.0173449584137593
"CATGGTACACTCCGAG-1_1",-0.110255186395244,-0.0146122274698344
"CATGGTATCAAAGCCT-1_1",0.0533967845739949,-0.166020000968021
"CATTCCGTCCATTTCA-1_1",-0.102453352294299,-0.0556888109357547
"CATTGCCCACTCATAG-1_1",0.0381223791803284,-0.0504542000706806
"CATTGCCGTTTGACAC-1_1",-0.205805212052425,0.00990590716098692
"CATTTCATCGGAGCAA-1_1",-0.103748776041469,-0.0170170803042273
"CCAAGCGGTACGTACT-1_1",-0.110797165203894,-0.0178714788262532
"CCAATGAAGCTCCGAC-1_1",-0.128387040439968,0.000230048120971258
"CCAATGAAGTACTGTC-1_1",-0.111192167979156,-0.0168256306090669
"CCACAAATCTTACACT-1_1",-0.20931761937446,0.00419088062821602
"CCACACTTCGTAACTG-1_1",-0.12061954201083,0.0125599032187747
"CCACCATCACAACATC-1_1",-0.126875846398653,-0.00760766998677373
"CCACCATCAGATTAAG-1_1",-0.0759000140297478,0.0133329938726335
"CCACGAGAGAGCATCG-1_1",-0.140725061868319,-0.0143033047430916
"CCACGAGCACCCAAGC-1_1",-0.162630919557781,0.00260459318644268
"CCACGAGGTGTCATGT-1_1",-0.260567450698393,0.0332059787293761
"CCACGTTGTCTTTCTA-1_1",-0.0766936177686161,-0.0062245191626049
"CCACTTGTCTTCCTAA-1_1",-0.102583293258228,0.00171293574825625
"CCCATTGGTATCAGGG-1_1",0.0150774715336884,0.0447825839692997
"CCCGAAGCATATCGGT-1_1",-0.261007913304294,0.0350909943706184
"CCCGAAGCATCTATCT-1_1",-0.0786405226742921,-0.0136237621549632
"CCCGAAGGTGACCGTC-1_1",-0.120580534860409,-0.00528980493161293
"CCCGGAAGTATGCAAA-1_1",-0.109043811456334,-0.0165699375390341
"CCCTGATAGTTAGTAG-1_1",-0.0964218185441841,-0.0310777058783637
"CCCTGATCAAGAATGT-1_1",-0.183517459225212,0.00419316707881057
"CCCTTAGTCATCGCCT-1_1",-0.25793849501376,0.0266589376173897
"CCGAACGAGGCACTAG-1_1",0.0964901463107686,0.0873491903389524
"CCGAACGTCGCCGAGT-1_1",-0.0391404631004419,-0.0403630310988089
"CCGATGGCAGTCTGGC-1_1",-0.129697054568279,0.00676672597003812
"CCGCAAGAGCTGTACT-1_1",-0.0538561086112884,-0.0243018386037358
"CCGCAAGGTGCCGTTG-1_1",-0.100566523976995,-0.0268509204166193
"CCGGGTACATATTCGG-1_1",-0.122080924032494,-0.0131024105467847
"CCGGTGACAACGGCTC-1_1",-0.239911198655272,0.02571754556923
"CCGGTGATCAGACTGT-1_1",-0.247116895742448,0.0237397764123801
"CCGTAGGAGACTGGGT-1_1",-0.145561556020793,0.0047531205470688
"CCGTAGGGTGCCGTAC-1_1",-0.0861068438134515,-0.0269310629147631
"CCGTGAGGTCAGTTTG-1_1",-0.166536035636667,-0.0010395201711056
"CCGTGAGGTGTAGTGG-1_1",-0.137002457527718,-0.0166013008551516
"CCGTTCAAGACGATAT-1_1",-0.0710732193052784,0.00372343309810306
"CCTATCGCATGGTACT-1_1",-0.120393394767044,-0.0105609430346975
"CCTATCGGTCAACCAT-1_1",-0.103489830664996,0.0105421915474465
"CCTATCGTCTGTACAG-1_1",-0.145726039024511,0.0225597023288911
"CCTCAACAGGGCCTCT-1_1",-0.247553910208734,0.0333070264819636
"CCTCAACTCGGCTGTG-1_1",-0.0826390594024446,0.0312890599166777
"CCTCATGTCATGGAGG-1_1",0.0361971448779672,0.0080779398869809
"CCTCATGTCGTAGCTA-1_1",-0.0785298471465981,0.023072006579659
"CCTCCAAGTAGTCGGA-1_1",-0.251270411557481,0.020495373825208
"CCTCCAATCGCATGAT-1_1",-0.177418945173442,0.00215919583353719
"CCTCCTCGTCAAAGCG-1_1",-0.169327306570576,-0.0024436030842093
"CCTCTAGAGTCCCGGT-1_1",-0.24635169356942,0.0204896496358146
"CCTCTAGTCTGGGCAC-1_1",-0.243320243635326,0.0226032964517338
"CCTCTCCAGTCTTCGA-1_1",-0.258971706209317,0.0362384696717163
"CCTCTCCTCGGTGTTA-1_1",-0.1109718426566,-0.0197373833960806
"CCTGCATAGGAAAGGT-1_1",-0.257499888694016,0.0273478556311034
"CCTGCATGTAGAGATT-1_1",-0.062673558111898,0.00595466161200811
"CCTTCAGTCTTCGGAA-1_1",-0.0238955544387788,-0.0147195970678651
"CCTTTGGTCCATGATG-1_1",-0.229473971037099,0.0199817158239588
"CCTTTGGTCCGTGACG-1_1",-0.103865429745977,-0.0277094790136449
"CGACAGCAGTCGAGGT-1_1",-0.0776247450774229,-0.0222055280673054
"CGAGAAGCAGAGCGTA-1_1",-0.111213382801137,-0.030660513176035
"CGAGAAGTCTAGTACG-1_1",-0.0420068721037875,-0.0342164147952774
"CGAGAAGTCTCTCAAT-1_1",-0.140375289878299,0.00181756212973416
"CGAGGAAAGATGATTG-1_1",-0.0754790686427543,0.0261785842223489
"CGAGGAAAGGTGCTGA-1_1",-0.140862259177012,0.0259967297217911
"CGAGTGCAGTCGCCCA-1_1",-0.0631315095677685,0.0285075526776244
"CGAGTTATCTCATTGT-1_1",-0.0674106191204034,-0.0282989939491135
"CGATCGGTCAACCTCC-1_1",-0.244138869567573,0.0273883232922489
"CGATCGGTCTTTACAC-1_1",-0.177310385629332,0.00290254195460742
"CGATGCGCATGACTTG-1_1",-0.0754020722356804,-0.0248830886825924
"CGATGGCGTTTCGATG-1_1",-0.131989458370846,-0.00421906349433161
"CGCCAGACATGCGGTC-1_1",-0.195857784335327,-0.0108790902542989
"CGCCATTTCAGTCATG-1_1",-0.0938710777465972,-0.0151566616749876
"CGGAACCGTGCATGTT-1_1",-0.221839750621476,0.0160659305599318
"CGGAATTGTCGCGGTT-1_1",-0.114270105996867,0.002812445829934
"CGGACACTCGCAGAGA-1_1",-0.148349000204814,-0.00725043685164235
"CGGAGAACACAATGAA-1_1",-0.104436313576581,-0.0215943093342908
"CGGGACTAGCTGCCTG-1_1",-0.223672550187911,0.0191468448084929
"CGGGCATAGGGAGGAC-1_1",-0.0964052741046907,-0.032509966961826
"CGGGCATAGGTAATCA-1_1",-0.226801972479535,0.0175449969924628
"CGTAAGTCACGGGTAA-1_1",-0.229297066749961,0.0157012050189774
"CGTAATGTCTCTTAAC-1_1",-0.0937345750397858,-0.021705259337241
"CGTCCATGTGTAGTGG-1_1",-0.225544941516827,0.0158659070641445
"CGTGAATTCCTTGACC-1_1",-0.106452671523183,-0.0206338121794391
"CGTGATACAAGCGGAT-1_1",-0.149503507996488,-0.00079973300189996
"CGTGATATCTCGTTTA-1_1",-0.217286968872801,0.0207629645474818
"CGTTAGAAGCTCGGCT-1_1",-0.134080802037322,-0.000510190387777551
"CTAACCCTCGCAGTTA-1_1",-0.116978336625936,-0.0142937309120832
"CTAACTTGTTACCTGA-1_1",-0.136993204427572,-0.00340995018495281
"CTAAGTGGTAGAATAC-1_1",-0.238612617301252,0.0243539711018217
"CTACAGAGTACGTGTT-1_1",-0.129238105512632,0.00194720754468316
"CTACAGATCGCGTGAC-1_1",-0.0961222822295718,-0.00271782171457574
"CTACCCAGTTGCATCA-1_1",-0.0805238262174518,-0.0259928319610014
"CTACCTGGTGGCGCTT-1_1",-0.0908129091152321,0.00854105937561961
"CTACGGGTCATGCTAG-1_1",-0.10311102748658,-0.0239403726674419
"CTACGGGTCCACGGAC-1_1",-0.247768218633377,0.0292059118320432
"CTAGGTAGTTCCTAAG-1_1",-0.258321820329969,0.0349859355753717
"CTATAGGGTTCTCTCG-1_1",-0.0726190181588412,0.00723344805656537
"CTATAGGTCCGGCTTT-1_1",-0.105625604369111,-0.0106661347161163
"CTATCTACAGCGTTTA-1_1",-0.13998861384099,-0.00172463032381998
"CTATCTAGTATAGGGC-1_1",-0.135457905739698,-0.00707605770902301
"CTATCTATCCGACATA-1_1",-0.200119853045366,-0.000150043340708129
"CTCAAGAGTCAACCTA-1_1",-0.145732473512565,-0.00109179332931609
"CTCAATTGTACAGAGC-1_1",-0.136140582950562,0.026502201564481
"CTCACTGGTTGATGTC-1_1",-0.0971524265360543,0.00487292403521635
"CTCAGGGGTCATGGCC-1_1",-0.0576698556890931,-0.0801549556527239
"CTCAGTCCACACCTGG-1_1",-0.214767445966595,0.0112518061976368
"CTCAGTCTCAATCCGA-1_1",-0.161850648715998,0.00136875827594023
"CTCATGCGTAGAGGAA-1_1",-0.215283143557163,0.00913227394109555
"CTCCACACAGCACGAA-1_1",-0.120298564253363,0.0176708113580476
"CTCCCTCCAGAACTTC-1_1",-0.0990843296173952,0.00494234603967879
"CTCCGATCAATCTCGA-1_1",-0.110947069894426,-0.00767325807998541
"CTCTCAGAGTGCAGCA-1_1",-0.105789089653243,-0.0207158746362908
"CTCTGGTCAACGGTAG-1_1",0.070264355382055,0.0727658976223965
"CTCTGGTTCCCATAAG-1_1",-0.113223551651327,0.00533529857491402
"CTGAGCGAGCGCCTAC-1_1",-0.0257295828187406,0.00556573467227632
"CTGCAGGAGAAGATCT-1_1",-0.127137959542779,-0.0108740816924661
"CTGCCATTCATCTATC-1_1",-0.079082011457852,-0.0748896359197031
"CTGCGAGAGAACCCGA-1_1",-0.125884136304988,-0.0025243865943846
"CTGCGAGAGGTCGTCC-1_1",-0.101918861097321,-0.0302436641159261
"CTGCGAGAGTCAGCCC-1_1",-0.158831027019995,0.0147147163489001
"CTGCGAGCAGTAGTTC-1_1",-0.0981263830972263,-0.0116348537764746
"CTGGTCTGTGAGGCAT-1_1",-0.165779357477836,-0.0129839464560443
"CTGGTCTTCCGCTTAC-1_1",-0.0797990230451944,-0.0434274750629442
"CTGTATTTCATTGAGC-1_1",-0.112130953925286,0.00766409125075009
"CTGTCGTTCTACACTT-1_1",-0.106825103924545,-0.031859524682869
"CTGTGAACACTCCTTG-1_1",-0.0904884940149972,-0.0217043017312922
"CTGTGAATCTCTCTAA-1_1",-0.086400902238325,-0.034043721373573
"CTTACCGGTCACTCGG-1_1",-0.102465421814656,-0.00153278139022538
"CTTCAATCAATCTAGC-1_1",-0.279635675900604,0.0373423937775654
"CTTCTAACACCAGCGT-1_1",-0.0902273719630152,0.0287413629583317
"CTTTCGGGTGCATGTT-1_1",-0.0780225956749119,0.0211624534093727
"GAACTGTGTCCTACAA-1_1",-0.179678413810383,0.000666237324299478
"GAAGAATGTAAGGTCG-1_1",-0.141563413629874,0.0267392442123251
"GAAGCGAAGCCTAACT-1_1",-0.105620015712888,-0.00268777075455534
"GAAGGGTAGGACTAAT-1_1",-0.153400752432312,0.0113316856546572
"GAAGGGTGTAGCCCTG-1_1",-0.136271694556851,-0.010876809255944
"GAAGTAAAGCAACTCT-1_1",-0.16543044047331,-0.0103569006288796
"GAAGTAACACCCATAA-1_1",-0.104765916908919,-0.0290156396780633
"GAAGTAAGTTTATGCG-1_1",-0.0299183619972573,-0.0364934079764034
"GAATAGAAGCAGCGAT-1_1",-0.0926840210567598,-0.0111088013132662
"GAATCACGTCGACTGC-1_1",-0.0914279991427305,0.0214305823133563
"GAATCGTAGGAACGAA-1_1",-0.100804060388924,-0.0231479245685426
"GACACGCGTAGTCGTT-1_1",-0.243987451594288,0.0217712215951569
"GACAGCCCAGTCGGTC-1_1",-0.069846572516228,-0.0698178416097165
"GACCAATAGAGGTTAT-1_1",-0.230745258675897,0.020633932472731
"GACCAATCAAATGCGG-1_1",-0.158305415305026,0.0133744996963355
"GACCCTTGTGCTCTTC-1_1",-0.166980152124384,0.00209515547316788
"GACGCTGCAACGTAAA-1_1",-0.0865379152393561,0.00462104923328718
"GACGCTGCAAGAATAC-1_1",-0.139848816297457,-0.00639131898697183
"GACGCTGCATGATGCT-1_1",-0.122148649104754,-0.0210305315811321
"GACTATGAGTGCACAG-1_1",-0.105903406992436,-0.0250133689629691
"GACTCTCCATTGCTGA-1_1",-0.163445885429075,0.0193637936667142
"GACTCTCTCAAAGGTA-1_1",-0.074216289181457,-0.0661232974217372
"GACTTCCAGTCATTGC-1_1",-0.0903914575147837,0.0180864800782777
"GACTTCCCACTCTCGT-1_1",-0.0675248760001008,-0.0328770160177122
"GAGAAATCATATAGCC-1_1",-0.21252837623387,0.0123634252220046
"GAGAAATGTCATCGGC-1_1",-0.157311156279148,-0.00408053039584326
"GAGACCCCAGAGTTCT-1_1",-0.246591445001914,0.0305020259948389
"GAGACTTGTTATTCCT-1_1",-0.102960544148824,-0.0125331193075541
"GAGAGGTAGAGCCTGA-1_1",-0.132795018980852,-0.013913368753794
"GAGAGGTAGCGATGCA-1_1",-0.186622231372695,0.00381798815743327
"GAGATGGGTATTGAGA-1_1",-0.126545765038942,-0.0119482888455523
"GAGATGGTCTATTCGT-1_1",-0.133638902641183,-0.0159021840086296
"GAGCCTGCAAATAGCA-1_1",-0.166614544543405,0.0100811245519896
"GAGCCTGTCTTGGTCC-1_1",-0.123347204211173,-0.0153742865422919
"GAGCTGCCAAAGCTCT-1_1",-0.240574234242328,0.0249895588901899
"GAGGCAAAGTTGGGAC-1_1",-0.155788457871292,0.00906585555683542
"GAGGCAACATTAGGAA-1_1",-0.253512255736827,0.0327585694323146
"GAGGCAAGTTCTCGCT-1_1",-0.122113212805913,-0.0163149985400267
"GAGGGATAGTCATCGT-1_1",-0.0336941179772066,-0.0431030082158269
"GAGGGTAAGAATCCCT-1_1",-0.0959664969877569,0.00312583474874479
"GAGTCATGTGAAAGTT-1_1",-0.259524379460516,0.0339531405886001
"GAGTCTACAGCGAACA-1_1",-0.0678165476109562,-0.0761477347796722
"GAGTCTAGTCGTATTG-1_1",-0.0738498062344794,0.0261452350971926
"GAGTCTAGTGCCTAAT-1_1",-0.125126688325987,-0.00825452413667201
"GAGTGAGCATCTTCGC-1_1",-0.162652830867805,-0.00246185645647179
"GATAGAACATCGTGGC-1_1",-0.0827181178233762,-0.0662806674366576
"GATAGCTAGCTCGGCT-1_1",-0.226006924860196,0.0106138602364327
"GATAGCTGTCAACCAT-1_1",-0.15247497926025,-0.00516619286420718
"GATCACAGTACAGGTG-1_1",-0.111252650663661,0.00792678484559198
"GATCAGTAGCTTCATG-1_1",-0.216508838787383,0.0187450269868575
"GATCAGTGTAGCTGAG-1_1",-0.138440316741481,-0.0187090766889103
"GATCCCTGTACGCGTC-1_1",-0.138741030887966,0.0228641105263809
"GATGACTTCGGCATAT-1_1",-0.164192117889505,-0.00427424012963554
"GATTCGAGTTTCACTT-1_1",-0.117661128241929,-0.00739649906712515
"GATTCGATCGTTATCT-1_1",-0.141843614410728,0.00721457867681825
"GATTCTTGTGAACTAA-1_1",-0.218302297887333,0.00676117961938159
"GATTGGTCATATCTGG-1_1",-0.112093506783045,-0.0309442526098129
"GCAACATAGCCATCCG-1_1",-0.253796434841427,0.0237102628996824
"GCAACATCAATACGCT-1_1",-0.164813215163961,0.000779778903446431
"GCAACATCAGATCACT-1_1",-0.198008253106065,0.0199678506439516
"GCAACCGAGATGCAGC-1_1",-0.173043048814607,0.0176233489892388
"GCACGGTGTCGATTAC-1_1",-0.182818865540771,0.00575695604479799
"GCACGGTGTGGCACTC-1_1",-0.255831592932857,0.0334606312749749
"GCACGGTGTTGGGACA-1_1",-0.117068386095462,0.0108590835431016
"GCACTAACAATGTTGC-1_1",-0.265978673112734,0.0323559546692416
"GCAGCTGAGACAGCTG-1_1",-0.119805848255101,-0.0103882181268453
"GCAGGCTTCTTGAACG-1_1",-0.103683048216427,-0.0247224900219782
"GCAGTTAAGAGCAGAA-1_1",-0.176642131829308,0.00376843934808919
"GCATCGGAGCGAAACC-1_1",-0.103042047398619,-0.00796598933326061
"GCATCGGTCCATAAGC-1_1",-0.1080107313832,0.00682829249327112
"GCATGATAGCGATCGA-1_1",-0.0751462725157896,-0.0229664418540742
"GCATGATCAGCTGAGA-1_1",-0.148013209489757,-0.00378376701136913
"GCATGATTCTTACGGA-1_1",-0.0801803597997314,0.0166559638667492
"GCCAACGTCGAGATGG-1_1",-0.248479554794031,0.0212989330921786
"GCCAGCAGTATTGGCT-1_1",-0.178351781714392,-0.00852006090012009
"GCCAGGTAGCATATGA-1_1",-0.108834358245218,-0.00256216941953138
"GCCAGGTCATAATGCC-1_1",-0.224471570259641,0.015493362188839
"GCCAGGTGTACCGCGT-1_1",-0.1466580052334,0.0151608641981004
"GCCAGGTTCAACACGT-1_1",-0.168768626436513,0.000989443485024233
"GCCAGGTTCGTACACA-1_1",-0.106311268027279,-0.0121018371989073
"GCCAGTGAGAAGTATC-1_1",-0.115979443045433,-0.00372889866487936
"GCCAGTGGTAGCTGTT-1_1",-0.220772205290299,0.0137232277606923
"GCCATGGGTAACTGCT-1_1",-0.0696747675344499,-0.0220677406466819
"GCCATGGGTAGAAACT-1_1",-0.235748695391261,0.0287990399908641
"GCCATGGGTTAAGTCC-1_1",-0.0921877110477753,-0.00212863785165787
"GCCCGAAAGTGAGCCA-1_1",-0.0883823363117719,-0.0588277673931323
"GCCGTGAGTACACGTT-1_1",-0.110501230371037,-0.0215297912888977
"GCGGAAACAACGTAAA-1_1",-0.145934697988366,-0.00486324283939035
"GCGGAAATCCCTAGGG-1_1",-0.126763747397264,0.00752238284736664
"GCGGATCTCACTGAAC-1_1",-0.101511820027277,-0.0169280924915569
"GCGTGCAGTCTTGTCC-1_1",-0.112052441185994,-0.0133013805122316
"GCGTGCATCCGCAGTG-1_1",-0.153244527546318,-0.00461359091831396
"GCTACAATCCACATAG-1_1",-0.114966346385771,-0.0229124492337848
"GCTACCTTCCTACACC-1_1",-0.0752388926238286,0.0195129941151563
"GCTCAAAAGGATACAT-1_1",-0.0778941422763873,-0.0285407161672978
"GCTGAATAGGTCCCTG-1_1",-0.215157156531394,0.0108453281957499
"GCTGAATCATTCGATG-1_1",-0.137594989605308,-0.0103350304360835
"GCTGCAGCAAATGCTC-1_1",-0.0822809802603458,0.0239143732959342
"GCTGCAGCATAATGAG-1_1",-0.104454156196779,-0.0187560396305989
"GCTGGGTAGGCAGGTT-1_1",-0.214559417129622,0.0229683602959754
"GCTGGGTGTTCGAACT-1_1",-0.147950416273388,-0.0189909665583755
"GCTGGGTGTTTACGAC-1_1",-0.0747778181853402,-0.00649869732344844
"GCTTGGGCAGCCATTA-1_1",-0.120785823407391,0.00700240302400956
"GCTTTCGGTGTCCGTG-1_1",0.153069176356606,0.164899702487124
"GCTTTCGTCGACGAGA-1_1",-0.153135242287177,0.0179387367857601
"GGAATCTAGTTCCAGT-1_1",-0.141405115766477,0.0016579660152292
"GGAATGGCAGCGGATA-1_1",-0.130055607915177,-0.0248253067419553
"GGAATGGTCGCGTGCA-1_1",-0.0879417998072788,0.0211030169815196
"GGACGTCCAGCTGTTA-1_1",-0.0946251202439166,-0.0320395307121744
"GGAGAACAGGTGGCTA-1_1",-0.101351381680434,0.0180555253561615
"GGAGATGTCAACACGT-1_1",-0.257169748191211,0.0340282415888826
"GGAGGATGTCAAAGAT-1_1",-0.104125182176883,-0.011394329606464
"GGAGGATGTGACTATC-1_1",-0.114931784559629,-0.00924937513944097
"GGAGGTAGTCACGACC-1_1",-0.239188913780801,0.0321254366818968
"GGATCTACAGACCGCT-1_1",-0.138568125114992,-0.00556749805465002
"GGCACGTGTACCCAGC-1_1",-0.243886566655017,0.0192797495835246
"GGCAGTCTCTAGCCAA-1_1",-0.236677866305078,0.0170451365393079
"GGCTGTGGTAACAGGC-1_1",-0.134069286686792,-0.00436893668106613
"GGCTGTGTCGTTCCTG-1_1",-0.109937271186661,-0.0337591039686782
"GGCTTGGGTCTTCATT-1_1",-0.0894528172868312,-0.0399096888787871
"GGGACCTAGGCCACCT-1_1",-0.109741425135648,-0.0197033303282908
"GGGACCTGTACATACC-1_1",-0.0625712416074804,-0.00344251452685995
"GGGAGATAGTACAGAT-1_1",-0.198043644933097,0.0215431839686344
"GGGAGTAAGCACTCTA-1_1",-0.120577151216591,-0.00083209971793371
"GGGAGTACATAACAGA-1_1",-0.159664822927531,0.00735453176987755
"GGGAGTACATATGGCT-1_1",-0.0877567612112473,-0.0392240813889466
"GGGATCCAGCTCCACG-1_1",-0.192354165605053,0.0198912983052081
"GGGATCCAGGTTAGTA-1_1",-0.133223456896821,-0.00286234202674167
"GGGCGTTAGTTACGGG-1_1",-0.13539595153324,-0.00114447647619729
"GGGCGTTTCGGACGTC-1_1",-0.258937141488925,0.0284807135321864
"GGGTATTCAGTAACAA-1_1",-0.193291161592508,0.0172575532996781
"GGGTATTCATTACTCT-1_1",-0.0678599144674491,-0.0422773172612174
"GGGTCACTCCCGAGTG-1_1",-0.138958510725775,0.0262035256127746
"GGGTCTGCACCAGACC-1_1",0.0457384178444045,-0.0416242721587345
"GGGTCTGTCCCATTCG-1_1",-0.0108050951963325,-0.0369445896043069
"GGGTTATTCACGACTA-1_1",-0.145269587620815,-0.0100178993645607
"GGTAACTCACAGTATC-1_1",-0.119127677913393,-0.027516949624667
"GGTAACTTCGTTCCCA-1_1",-0.145207575415397,-0.0117690464944997
"GGTAATCAGTTGAATG-1_1",-0.0872764549577166,0.0164944760229215
"GGTAATCTCATCCTGC-1_1",-0.216303322214631,0.00981819771441713
"GGTAGAGTCAGACATC-1_1",-0.118088195287691,-0.0156848580463611
"GGTGAAGAGGACAGCT-1_1",-0.112787592544567,-0.0116381878028839
"GGTGATTTCACAATGC-1_1",-0.186048177946937,0.00461816355176793
"GGTGATTTCACTGATG-1_1",-0.0904946501628236,-0.0359423702993405
"GGTGGCTCATTAGGAA-1_1",-0.120658489205133,-0.0088901031446637
"GGTGGCTGTAGCCCTG-1_1",-0.12255828906894,-0.0050345783387988
"GGTGTCGAGTCGGGAT-1_1",-0.107830009260326,-0.0163629272882373
"GGTGTTATCCGATCTC-1_1",-0.121354967386482,-0.00299743199530136
"GGTTAACTCCAAGAGG-1_1",-0.0355856027837313,-0.0345297563630728
"GGTTCTCGTGCTTCAA-1_1",-0.177039792545671,0.00210722791280958
"GGTTCTCGTTGTTTGG-1_1",-0.130947743823043,-0.0110616216811038
"GGTTGTAAGCAGGTCA-1_1",-0.111584926772381,0.0107202686748967
"GGTTGTAGTCTAACGT-1_1",-0.113614537840607,-0.0218183378829017
"GGTTGTATCATTTGCT-1_1",-0.100419092898253,0.00364281684713331
"GTAACACCACAATGTC-1_1",-0.134899809075709,-0.0104915333380307
"GTAACCAGTCCGAAAG-1_1",-0.119614395462547,-0.010136836024642
"GTAAGTCAGCAGGGAG-1_1",0.11290631656502,0.166372027202209
"GTAAGTCTCAACCCGG-1_1",-0.0926758444197307,-0.0331916280879214
"GTAATCGGTAGACGTG-1_1",-0.199727331618357,0.0202681279151832
"GTAATCGGTTTCGACA-1_1",-0.199114376504281,0.00214123942475853
"GTAATGCAGGGATCGT-1_1",-0.254445219105741,0.026343613197053
"GTAATGCAGTGTACCT-1_1",-0.06013563768809,-0.0518309368205379
"GTACAACCAGAGTTGG-1_1",-0.147826760563614,-0.00134240525143841
"GTACAACGTGGCAACA-1_1",0.0654108554754512,0.0577883268020407
"GTACAACGTTATGTCG-1_1",-0.0727478631511033,0.0123837486353807
"GTACAACTCCCGTTCA-1_1",-0.0682259465070771,-0.0243672434633181
"GTACAACTCTAGCCAA-1_1",-0.0671499523994756,0.0194443480545796
"GTACAGTAGTGGTTGG-1_1",-0.208776716365773,0.0100455528272318
"GTAGAGGCAGAGGCTA-1_1",-0.05863598314416,0.0143016912407646
"GTAGCTAAGTGCAAAT-1_1",-0.182798184357119,0.00276051269195078
"GTAGGAGTCCCAATAG-1_1",-0.0817682159912573,-0.00182192971770574
"GTAGTACGTACCAATC-1_1",-0.210898103107672,0.0175296657777938
"GTAGTACTCTCGTTTA-1_1",-0.247434985935995,0.0258762421511667
"GTATTGGAGCACCAGA-1_1",0.10275225355326,-0.110569997991101
"GTCAAACAGCATTTCG-1_1",-0.264532178449502,0.0325431629956973
"GTCAAACGTCTCGGAC-1_1",-0.263386093252946,0.0282622306006161
"GTCAAGTAGACTGGGT-1_1",-0.150699353468653,-0.00127092448993666
"GTCAGCGTCCAAGCAT-1_1",-0.123801578291724,-0.0270402931122809
"GTCATTTAGTTGAAGT-1_1",-0.0878699216385127,0.0127970528696714
"GTCCACTAGGTTGCCC-1_1",-0.167654725310224,-0.00235995095226298
"GTCGAATAGCCTGTGC-1_1",-0.156191401570112,0.0070995495523033
"GTCGAATAGGTCACCC-1_1",-0.106314168064491,-0.015445209352401
"GTCGAATAGTATGATG-1_1",-0.229859166404299,0.014113879435565
"GTCGCGAGTCTCACAA-1_1",-0.13379027164358,-0.012379471810984
"GTCGTAAGTGACTAAA-1_1",-0.0634052181256854,0.0200455554542932
"GTCGTAAGTGGCTGAA-1_1",-0.0786152488352638,-0.00772349341038071
"GTCGTTCCATGGGTCC-1_1",-0.0194848807824672,-0.0258819849897365
"GTCTACCGTGTCCCTT-1_1",-0.0757768414540414,0.00535473047405262
"GTCTACCTCCTCTCGA-1_1",-0.10553583271305,-0.00746877735870122
"GTCTCACGTATGTCCA-1_1",-0.00963425968857878,-0.129366260681958
"GTCTGTCTCACGGACC-1_1",-0.196121233644193,0.00940796252798992
"GTGAGCCCATTGACCA-1_1",-0.100850017889284,0.0150677066768708
"GTGAGTTAGATCGGTG-1_1",-0.0974142187191659,-0.0217660175826105
"GTGAGTTAGGAGATAG-1_1",-0.181720342659418,-0.00972890230985456
"GTGAGTTCATAGGTAA-1_1",-0.0664719100859432,0.0297796086444616
"GTGATGTCACTAACCA-1_1",-0.144404479355895,-0.000527996009340263
"GTGCAGCGTACAGAGC-1_1",-0.255490184340201,0.0271464579656502
"GTGCAGCGTAGTCTGT-1_1",-0.185189954669465,0.00585836694758678
"GTGCGTGAGTGGCGAT-1_1",-0.124028866660517,-0.00581763361575997
"GTGCTGGGTTGCAACT-1_1",-0.285024464954875,0.0415598598965521
"GTGGAAGGTGCCAAGA-1_1",-0.186332445302082,0.0133024694385707
"GTGGCGTAGCTACTGT-1_1",0.045192418573274,0.0406404908202727
"GTGGCGTGTCTCAAGT-1_1",-0.0236568522776284,-0.0512541626416593
"GTGGGAAAGTCCCAGC-1_1",-0.116756455610631,0.00950112690705804
"GTGTGATCACGTTGGC-1_1",-0.232156330944416,0.0208821145243975
"GTGTTCCAGTGCGTCC-1_1",-0.066958462482566,0.00476704340614106
"GTGTTCCCACAAATGA-1_1",-0.136064236512241,-0.00566097607932526
"GTGTTCCGTTACCGTA-1_1",-0.191798693234132,0.00191238906125481
"GTTACAGAGTGGTGAC-1_1",-0.132684870560904,-0.011445332750235
"GTTACAGCACCAGGTC-1_1",-0.150346929526239,-0.0253400097429663
"GTTACAGTCCAAGGGA-1_1",-0.123383150298017,-0.00927391286787806
"GTTACAGTCGGTAGGA-1_1",-0.0517733063127133,-0.0229418837192946
"GTTATGGCAGACCATT-1_1",-0.0814217058002902,-0.0504896514589451
"GTTCATTCAAAGGGCT-1_1",-0.133412149243679,0.0180571772538425
"GTTCATTGTAGCCAGA-1_1",-0.172498988385902,0.000462012165884771
"GTTCGCTTCTGAGAGG-1_1",-0.126934209774555,-0.000492523147257715
"GTTGCGGGTCTGCGCA-1_1",-0.246666633690747,0.0246377660447868
"GTTGTAGAGGGAGGCA-1_1",-0.13300853400277,-0.0105236555199919
"GTTGTAGTCCATGAGT-1_1",-0.0824185373796109,-0.0342517036693441
"GTTGTCCTCTCTATGT-1_1",-0.0718841848991745,0.0055040117861551
"GTTGTGAAGGGCTAAC-1_1",-0.0743700305060449,0.0035472805151475
"GTTTACTAGCCATTCA-1_1",-0.246809354851465,0.0271495909407977
"GTTTACTAGGTTCCAT-1_1",-0.281427100167031,0.0374145472977727
"GTTTGGATCGCAACAT-1_1",-0.214453654277596,0.00905817955102735
"TAACCAGTCGCTGTCT-1_1",-0.248161857752428,0.0235210395665171
"TAACGACCACGTACTA-1_1",-0.0912407790815721,-0.0324787396732644
"TAACTTCCATAATCCG-1_1",-0.0685351596885603,0.00417324790372551
"TAACTTCGTCCAGGTC-1_1",-0.0775346337680869,0.00377912620904559
"TAAGCACCACTCCTGT-1_1",-0.172497219722447,0.0146311566775831
"TAAGCACCACTCTAGA-1_1",-0.286665885958492,0.033943735437907
"TAAGCACCAGGTCAAG-1_1",-0.181055746497657,0.00650797207817099
"TAAGCGTAGTGCACTT-1_1",-0.116985638272006,-0.0367610678905473
"TAAGCGTGTCGCAACC-1_1",-0.1322728072018,-0.00682414739615205
"TAAGTCGTCTGAGCAT-1_1",-0.180714081666122,0.018178856282835
"TAATCTCCATTCTCCG-1_1",-0.154916716187138,-0.00953162956168191
"TAATCTCTCTAACGGT-1_1",-0.0506654759352664,-0.0243733000589413
"TACAACGGTGACTCTA-1_1",-0.0950420643911309,0.0113118061336227
"TACACCCCATGGGTCC-1_1",-0.0466038323972136,0.00882233091866487
"TACAGGTTCCTTCTTC-1_1",-0.0729676240282277,0.0170876003706618
"TACAGGTTCTCAACGA-1_1",-0.0369520254188535,-0.108445041832713
"TACATTCCAAAGTATG-1_1",-0.107110000760175,-0.000470260161803786
"TACCCGTCACACCTTC-1_1",-0.154846645091595,-0.00307399647787838
"TACCGAAAGGCTTAAA-1_1",-0.0820853810023913,0.0228777405533103
"TACCGAACACAAGCAG-1_1",-0.232677902236854,0.0159682753800252
"TACCGAAGTACACTCA-1_1",-0.161194864430509,0.00842777716374479
"TACCGGGCACCAGGTC-1_1",-0.141349835977268,-0.0063850133816933
"TACCGGGCACCGCTAG-1_1",-0.152541213885733,0.0155599142980395
"TACCTCGAGCCGTAAG-1_1",-0.269004422960519,0.0393942792246162
"TACCTCGCAACGCATT-1_1",-0.115102805710918,0.0113712311353049
"TACCTGCTCAGGACGA-1_1",-0.127971027322607,0.00842941522345756
"TACGCTCTCAAGAAAC-1_1",-0.098039224575418,-0.00177332670093219
"TACTGCCTCACGAGGA-1_1",-0.245149555436946,0.023213920668837
"TACTTACCAGACGGAT-1_1",-0.075770370036664,0.000770794682975764
"TACTTCACACCGGAAA-1_1",-0.0997042601397644,-0.0115273786531339
"TACTTCATCGGTAACT-1_1",-0.205236823819383,0.0143603565903084
"TAGACCATCAAGCGTT-1_1",-0.0847453100771504,-0.0531417016698174
"TAGAGTCAGCGCTGAA-1_1",-0.101170420390809,0.00540677148018687
"TAGAGTCTCCTAGCCT-1_1",-0.184827195037199,0.00531909967570885
"TAGCACAAGGTCGCCT-1_1",-0.243507228985752,0.0252702280682609
"TAGCACAGTTGTGGCC-1_1",-0.231093096682934,0.0196084239020642
"TAGGAGGGTGCGGTAA-1_1",-0.0642983756803346,0.00596749332830989
"TAGGTTGAGAGTTGTA-1_1",-0.145065758217763,-0.00355330734398307
"TAGTGCAAGGGTTAAT-1_1",-0.107428649303509,0.0137708046205034
"TAGTGCACAAAGAACT-1_1",-0.161403045978073,-0.00214077543018325
"TATCAGGCACTTTATC-1_1",-0.139251196719506,0.00508499971289386
"TATCAGGGTCCGAAGA-1_1",-0.148302497390432,0.0174466861305579
"TATCCTACAAGAATAC-1_1",-0.149559683672004,0.00125472938593976
"TATCGCCTCCACGGGT-1_1",-0.0892625896738961,-0.0216509472378854
"TATCGCCTCGAAGTGG-1_1",-0.230984902549994,0.0254749199593106
"TATCTTGTCCACAAGT-1_1",-0.0978232521807811,-0.0211597650958874
"TATGTTCAGGTGATAT-1_1",-0.0198147842777554,-0.0182336476670085
"TATGTTCGTCGCTCGA-1_1",-0.260271596894807,0.0272102494956653
"TATGTTCTCGAGTCTA-1_1",-0.137421454242669,0.00452447032368303
"TATTGCTTCGCGTGCA-1_1",-0.0839339765893583,0.0261483577661662
"TATTGGGGTAACCCTA-1_1",-0.246882374187638,0.0264684214723348
"TATTTCGAGCGTGAAC-1_1",-0.21452227863077,0.0147794896601872
"TCAAGACCAGCTACCG-1_1",-0.148634571834961,-0.00150728339658832
"TCAAGACGTATGCTAC-1_1",-0.0803167995990152,-0.0404184476155052
"TCAAGACGTTTCGTGA-1_1",-0.0937457711807782,0.00635740913793487
"TCAAGTGAGAATTTGG-1_1",-0.104319870351601,-0.0316228594780162
"TCACAAGAGTGATAGT-1_1",-0.122104333590463,-0.00862110337243159
"TCACAAGCAACCGTGC-1_1",-0.0838515748057422,0.00373155654238502
"TCACATTGTACTGCGC-1_1",-0.263935924892223,0.0378609221503479
"TCACATTGTGTCTCCT-1_1",-0.0808101855564755,0.0205838544997135
"TCACGCTCACAGAAGC-1_1",0.149049731313129,0.145402081127372
"TCACGGGCAAATCAGA-1_1",-0.0830259244703277,0.00228296891170762
"TCACGGGCATGGATCT-1_1",-0.111878748541292,0.0196822573680535
"TCACGGGCATTGAAGA-1_1",-0.131051142372132,0.0067691378833637
"TCACGGGGTTTCTTAC-1_1",-0.12123457393064,0.0114490939987366
"TCACTATAGGCTTAGG-1_1",0.0114901717843147,0.0368934068484685
"TCACTATGTGTTCGAT-1_1",-0.104047182353256,-0.0078552463378818
"TCACTATGTTGGGACA-1_1",-0.13897024855905,-0.00799448113226658
"TCACTCGAGATGGCAC-1_1",-0.247839927471057,0.0218108003557439
"TCAGCAAGTGTTTGCA-1_1",-0.13686187003298,-0.0181078649791918
"TCAGCCTAGAGCCGTA-1_1",-0.155498054952449,-0.0164952096341821
"TCAGGGCTCCCTGGTT-1_1",-0.129506109471203,-0.00906939400978253
"TCAGTGAAGCTACTAC-1_1",-0.125027302849958,0.00214881518233192
"TCAGTGATCCCAATAG-1_1",-0.185651979137933,0.0185533552583878
"TCATATCGTACATTGC-1_1",-0.116513440679,0.0107301183365773
"TCATCCGCACTAAACC-1_1",-0.0593503827027808,0.036393730123216
"TCATGAGGTGACTGTT-1_1",0.199176429432563,0.29401786704661
"TCATGAGTCGCTGACG-1_1",-0.107632243354425,-0.0441234545288176
"TCATTCAAGTAGGCCA-1_1",-0.0829070237689298,0.0194750691010393
"TCATTGTAGAATCCCT-1_1",-0.0815112979572211,0.0189619416409335
"TCATTGTAGTATAGGT-1_1",-0.141690061634601,0.00297290371755935
"TCATTGTGTAGAATAC-1_1",-0.107205557423866,-0.00628471934260069
"TCATTGTGTAGCGCTC-1_1",-0.117703063614366,-0.0082426330013599
"TCATTGTTCTAGTGAC-1_1",-0.138854167522976,-7.81637624823214e-05
"TCATTTGGTTCTGAGT-1_1",-0.1651074479816,0.0106195432951522
"TCCAGAACATCCTTGC-1_1",-0.117883780421891,0.00114904592541625
"TCCAGAAGTCACGCTG-1_1",-0.105649958601404,0.00552074123798405
"TCCATCGGTCTACTGA-1_1",-0.219909977427719,0.011440508438804
"TCCATGCTCGAACTCA-1_1",-0.0776115122176028,-0.0423352837574983
"TCCCAGTTCCTGTTAT-1_1",-0.158390996237771,-0.0109344564050831
"TCCGAAACACAGACGA-1_1",-0.259060968270228,0.0245928719457685
"TCCGATCAGCGAGGAG-1_1",-0.131954024952019,0.00386087884137119
"TCCGATCTCAAAGGTA-1_1",-0.171736214450684,0.000215082837436372
"TCCGGGAAGTAACGAT-1_1",-0.104396969141794,-0.00215533693615059
"TCCTCGAAGGGCAAGG-1_1",-0.0752419148243859,-0.0184102750546572
"TCCTCGAGTCAACGCC-1_1",-0.191355468528833,0.00780718069926226
"TCCTCTTGTGACAGCA-1_1",-0.249681259693231,0.0361089291168086
"TCCTCTTTCGAAACAA-1_1",0.034360848907941,0.013987898259629
"TCCTGCAGTGTCTTCC-1_1",-0.243395135073241,0.0260905921807097
"TCCTTCTCATACTGAC-1_1",-0.0860733215392953,-0.0158401820776372
"TCCTTCTCATGAATAG-1_1",-0.0914230692818853,-0.0392668227286341
"TCGAACAGTCTCTCAC-1_1",-0.195336141144744,0.0193599067328632
"TCGAAGTAGCTCGGCT-1_1",-0.228568186673917,0.0159869371060548
"TCGAAGTCAACTCCCT-1_1",-0.0780537404122347,-0.0379063645168435
"TCGACGGAGAATCGTA-1_1",-0.173767326282075,0.0056263057293866
"TCGATTTGTGTGAATA-1_1",-0.179604052605428,0.00363263124511812
"TCGCACTAGTACCATC-1_1",-0.129701328437084,-0.00998030484650153
"TCGCACTGTAATACCC-1_1",0.186772329498073,0.252535012573322
"TCGCAGGAGTTCCTGA-1_1",-0.190274963556692,0.0242683739963435
"TCGCTCATCAACGCTA-1_1",-0.143612575177259,-0.00824891423458139
"TCGCTCATCTCAACGA-1_1",-0.126021995577382,-0.0105471001811674
"TCGCTTGAGCAGCACA-1_1",-0.147186837376018,-0.00159871030039828
"TCGGGCAAGATTGAGT-1_1",-0.270036206231953,0.0260858845514623
"TCGGGCACATCACCAA-1_1",-0.242634535810847,0.0227744476767633
"TCGGGTGTCTGAGATC-1_1",-0.178146114196637,-0.00176520754006152
"TCGGTCTAGGGCAGGA-1_1",-0.160728893753235,-0.00255413051552163
"TCGGTCTCAACAGTGG-1_1",-0.00967565192299247,-0.126018469152343
"TCGGTCTCAACCAATC-1_1",-0.0744926159040298,0.0268573737258965
"TCGGTCTCAGACACAG-1_1",-0.126379190845574,0.00927263992148227
"TCGTCCAAGGGCAGTT-1_1",-0.187109491710694,0.0174574952455548
"TCGTCCACATGTCGTA-1_1",-0.161759216033444,0.00944653797708225
"TCGTGCTCACCAACAT-1_1",-0.027169483573731,0.00477179898024277
"TCGTGCTCATGTGCTA-1_1",-0.152150968958788,0.000488142826627688
"TCGTGGGGTCCGGTCA-1_1",-0.124662040782824,-0.0146845656907227
"TCTAACTTCCGTCCTA-1_1",-0.260701767587772,0.0366630608977719
"TCTACCGAGATCCCAT-1_1",-0.1899611763023,0.00358383283843685
"TCTATACTCGAGCACC-1_1",-0.135400322175683,-0.00282972455512715
"TCTATACTCTACTCAT-1_1",-0.277910569523935,0.0356863599780673
"TCTATCATCGCGCTGA-1_1",-0.173473122044529,0.0145921295900354
"TCTCCGAGTCAGTCCG-1_1",-0.17338185630144,0.00377839381067796
"TCTCTGGCACAAACGG-1_1",-0.0121909223960416,-0.0129917324209375
"TCTGCCAAGTCCGCCA-1_1",-0.127117597086453,0.000652482680726517
"TCTGGCTAGGTAGTCG-1_1",-0.241168954196523,0.0212056531499789
"TCTGGCTGTCGAATGG-1_1",0.0811042311831961,-0.0896131263219959
"TCTGTCGCAACGGCCT-1_1",-0.256734753751742,0.0269344785595335
"TCTGTCGCATGATCTG-1_1",-0.140954148336118,-0.00105437538496727
"TCTTAGTAGCTCTGTA-1_1",-0.103569857049102,-0.0270776078204727
"TCTTCCTAGGCATCTT-1_1",0.206652757407478,0.254862687461563
"TCTTCCTCATCATCTT-1_1",-0.242567415907173,0.0204788159611951
"TCTTTGAGTTACGGAG-1_1",-0.184451562356442,-0.00750052541222361
"TCTTTGATCAGCAGAG-1_1",-0.159283200895495,-0.00145141608771353
"TGAATGCGTTGCTTGA-1_1",-0.24539996788965,0.0210853378237045
"TGACCCTAGTCATCGT-1_1",-0.117808410284897,-0.0147118419617035
"TGACGCGAGTTACGGG-1_1",-0.110143488312167,-0.032805559232583
"TGACGCGCACCAGTTA-1_1",-0.130826833453885,0.0207564143159244
"TGACTCCCATCCTAAG-1_1",-0.150869224500849,-0.0174744968187211
"TGACTCCTCCATCTAT-1_1",-0.127764636801679,-0.0023036329340532
"TGAGCGCAGTCTTCGA-1_1",-0.158373301031534,0.000858904440157819
"TGAGCGCAGTGTGTTC-1_1",-0.0711951514875911,-0.0430575466408411
"TGAGCGCTCATTGCGA-1_1",-0.0986280621954666,0.00132448961844739
"TGAGGTTCACCAGCGT-1_1",-0.126117191282212,-0.00883805621164364
"TGAGTCAAGATGAACT-1_1",-0.181451384861778,0.0110322625787893
"TGAGTCATCGGCTGGT-1_1",-0.0790610769853275,-0.0590711658809791
"TGATCAGCAGGCGATA-1_1",-0.266597637757742,0.0297340807278008
"TGATCTTAGCTAATCC-1_1",-0.277841188488763,0.0407298569631968
"TGATCTTCACACAGCC-1_1",0.0506881781452218,0.0267692849120428
"TGATGCACATGGTACT-1_1",0.054918058912223,0.078746301900137
"TGATGGTGTATCCCTC-1_1",-0.151318189537259,0.00621798338341525
"TGATTCTCAGGACTTT-1_1",-0.0553476022255995,-0.0024149727861837
"TGATTCTGTATGGAGC-1_1",-0.0260371348380954,-0.033900195755577
"TGATTTCCAGGCTCTG-1_1",-0.192690257177076,0.0120005911702965
"TGCACGGAGAATCGCG-1_1",-0.0128733537092273,-0.0407679207320141
"TGCACGGCACCCGTAG-1_1",-0.146544045583638,0.0204766317646445
"TGCACGGCATCTCCCA-1_1",-0.143894812043503,0.0252928537317325
"TGCAGATCATCCGTGG-1_1",-0.0900726004848467,0.00294466214057868
"TGCAGGCCATGACAAA-1_1",-0.0905566165093175,-0.028194892521958
"TGCAGGCTCACACGAT-1_1",-0.236102442479595,0.0158844625391179
"TGCAGTACAGACAATA-1_1",-0.255849626789098,0.0292758702786067
"TGCAGTAGTATACAGA-1_1",-0.161943261761684,0.0137782395267185
"TGCATCCCAGAGGAAA-1_1",-0.0804049496897319,-0.00192424417111293
"TGCATCCTCGTCACCT-1_1",-0.256078490671457,0.0364822075709849
"TGCCGAGTCTCAGAAC-1_1",-0.0210079928132048,-0.0372528398866904
"TGCGATAAGGGAGTGG-1_1",-0.113479856089983,-0.0321522987648734
"TGCGGCAAGCGCCTTG-1_1",-0.0923839240352536,0.0105163554068394
"TGCTCCAAGACCGCCT-1_1",-0.134865841154676,-0.0204492110638456
"TGCTCCAAGCGTTCCG-1_1",-0.168690280454452,0.0145126553942483
"TGCTGAAGTCGACGCT-1_1",-0.0383381523242179,-0.0407434619138728
"TGCTTGCGTCTCACGG-1_1",-0.0941653196605988,-0.0315817284802889
"TGGAACTAGTGCCGAA-1_1",-0.127384170780226,0.00890000544539426
"TGGAACTGTTCCACGG-1_1",-0.143863623233437,0.00790995897194898
"TGGAGGACACTCCGGA-1_1",-0.103752759032888,-0.0196615388107845
"TGGAGGACAGACGATG-1_1",-0.0730020048169595,-0.0776695227186301
"TGGAGGAGTCTTTCAT-1_1",-0.0529814185293267,-0.0398323374704518
"TGGATCACACTGCACG-1_1",-0.115776459424231,-0.0116333301799605
"TGGATCATCTGCACCT-1_1",-0.125298338245202,-0.00511377188603585
"TGGATCATCTTAAGGC-1_1",-0.238525411502653,0.0309580608703488
"TGGATGTGTACGTACT-1_1",-0.0689495960982049,-0.00645184919661015
"TGGCGTGAGGTCGTAG-1_1",-0.13927716263502,-0.0400884916967852
"TGGCGTGTCGATGCAT-1_1",0.0308829818237309,0.0279723063130983
"TGGGAAGAGGATCACG-1_1",-0.246018492648929,0.0226797525082688
"TGGGAGAAGCCAACCC-1_1",-0.246392642476125,0.0276635051705571
"TGGGAGACAGAACCGA-1_1",-0.257320289046737,0.0331236342657684
"TGGGATTAGGTAATCA-1_1",-0.235036221027031,0.0180761898936434
"TGGGATTCATAAGATG-1_1",-0.124483004272998,-0.016761709065639
"TGGGTTAAGCTTTGTG-1_1",-0.139318100251183,0.0256965975852178
"TGGGTTAGTGAATTAG-1_1",-0.141689338088701,0.00416595963823149
"TGGGTTATCCCATACC-1_1",-0.0844344839269658,0.028886721207774
"TGGTACATCTTTCCAA-1_1",-0.0681548081396269,-0.0510610564846889
"TGGTGATAGATCACTC-1_1",-0.105507939714893,-0.0176990330169519
"TGGTTAGCACTGATTG-1_1",-0.230491579438047,0.0197030781455413
"TGGTTAGCATAGAAAC-1_1",-0.169790505710674,0.00228456862895257
"TGTAACGAGAGTGGCT-1_1",-0.195146495307935,0.00529515624186699
"TGTACAGAGTACAGCG-1_1",-0.166547951590408,0.017074762892222
"TGTAGACTCGCGTGAC-1_1",-0.233661655174102,0.0156825900428194
"TGTCCCAAGAGTCACG-1_1",-0.260580951810804,0.0306733727056771
"TGTCCCAGTAGAGCTG-1_1",-0.141141673608935,0.00502882217842479
"TGTCCCAGTTATCCAG-1_1",-0.157212297132076,0.000622293915416764
"TGTCCTGCAACGACAG-1_1",-0.11548694797704,0.0108002666241227
"TGTGAGTCAGCTCTGG-1_1",-0.149744362866502,0.00362024717077454
"TGTGAGTCATCACAGT-1_1",-0.116415489690773,0.0129415644939488
"TGTGATGAGAAGAACG-1_1",-0.195652160506243,0.0187150196727112
"TGTGATGGTGAAGCGT-1_1",-0.0981313026400537,0.00304215324039902
"TGTGCGGAGACTCTAC-1_1",-0.0821100999044022,-0.00113484038299374
"TGTGCGGGTAGGAGGG-1_1",-0.121851157471198,0.0122749149158815
"TGTGGCGGTATACCTG-1_1",-0.112730172070224,0.0010078186410406
"TGTGTGACACCAGACC-1_1",-0.140647687996251,-0.00183719911116825
"TGTGTGACACGACGCT-1_1",-0.145929526220578,-0.00152910691650426
"TGTGTGATCAGGTAAA-1_1",-0.0578814313112795,-0.00950852886701005
"TGTTACTGTGAGAGGG-1_1",-0.112652374355406,-7.37413344173792e-06
"TGTTCCGGTAAGCTCT-1_1",-0.228715655327886,0.0239421339701789
"TGTTCCGGTAGGTACG-1_1",-0.140839129497827,-0.00949360327173886
"TGTTCTAGTCCTCAGG-1_1",-0.0799997141785762,0.0107641361449206
"TGTTCTATCGTGAGAG-1_1",-0.0895177554498556,-0.0193365559805922
"TGTTGAGGTTAGGGTG-1_1",-0.260431737181064,0.0375908301055325
"TGTTGGAAGTTCAACC-1_1",-0.192062769525197,0.00561940024143842
"TTACTGTAGATAGCAT-1_1",-0.245631226355114,0.0297334562739866
"TTAGGGTTCATGAGTC-1_1",-0.112674995839042,-0.00284409966727515
"TTAGTCTCAGAGTGAC-1_1",-0.150335254787849,0.000966336693777344
"TTAGTCTGTCTTGGTA-1_1",-0.00992644520456698,-0.0178992486277199
"TTCAATCAGCGCACAA-1_1",-0.0789167882168032,0.0187201574358522
"TTCAATCAGTGCCTCG-1_1",-0.0753438131468939,-0.040064636422374
"TTCACCGTCCACACAA-1_1",-0.182808425647851,0.016383494084962
"TTCACGCGTAACGTTC-1_1",-0.272027500162446,0.0299020538835639
"TTCATTGGTGACGTCC-1_1",-0.100687314199254,-0.0401623524430605
"TTCCACGCAGGTGGAT-1_1",-0.134941042872565,0.00187104856300285
"TTCCTTCAGCTGTGCC-1_1",-0.0645421911611504,0.0254111293518504
"TTCGATTCACCTGAAT-1_1",-0.14220470409512,0.00347426468423749
"TTCGGTCGTACTGAGG-1_1",-0.0981178104763944,-0.0258708570069503
"TTCTAACAGCTCGGCT-1_1",-0.223392398563488,0.0168146693428004
"TTCTAACGTACAGGTG-1_1",-0.249537306558284,0.0227787182190652
"TTCTAGTAGGCATCAG-1_1",-0.210813359365683,0.00656076090871547
"TTCTCTCTCGCCTAGG-1_1",-0.109992924432584,-0.0166587250865116
"TTCTGTATCTGAGGTT-1_1",-0.100225819163271,-0.0315801799019706
"TTCTTCCCAACAGAGC-1_1",0.198920813399667,0.276137858085263
"TTCTTGAGTCTCCCTA-1_1",-0.0453073873785052,-0.0277079970761419
"TTGAACGGTCTTTATC-1_1",-0.0136053865207637,0.0157634485585387
"TTGACCCCACCACTGG-1_1",-0.11966388143128,-0.0259533167320614
"TTGACCCCACCCTAAA-1_1",-0.0358344137373438,-0.0322347121868568
"TTGACCCTCTGGCCTT-1_1",-0.133193676733164,-0.0148856535106965
"TTGCATTGTGAATGTA-1_1",-0.0885701694963722,-0.0347824572705379
"TTGCCTGGTGAGTCAG-1_1",-0.252908154778905,0.0333622875352294
"TTGCCTGGTTGCACGC-1_1",-0.165869303786427,-0.000706873307067864
"TTGCGTCCAGAAGCTG-1_1",-0.279427182728141,0.0224130604015714
"TTGGATGTCAGATGCT-1_1",-0.0658721210524511,0.0129361585265982
"TTGGGTAGTATCTCTT-1_1",-0.208580798191983,0.0109336976222966
"TTGGTTTAGCAAATGT-1_1",-0.0339761566540715,-0.0498560018576614
"TTGGTTTTCTTCGATT-1_1",-0.0240542242873698,-0.0292068035338336
"TTGTGTTAGTTCCAGT-1_1",-0.181447083754357,0.0174217483882058
"TTGTGTTTCCGTAGTA-1_1",-0.236995411546687,0.016510843001212
"TTGTTCACAACTGCTA-1_1",-0.0132985125344333,0.0200340825073965
"TTGTTGTAGGCACGAT-1_1",-0.240591994788598,0.0141065593847807
"TTGTTTGAGACCATAA-1_1",-0.0712777795515207,-0.0506632961346763
"TTTACCAAGTTGGCGA-1_1",-0.224487318460415,0.0218850679220669
"TTTACGTAGCGTCGAA-1_1",-0.0327785636677448,-0.0199952338728453
"TTTACGTAGCGTTACT-1_1",-0.0832181938008151,-0.0115970389874525
"TTTACGTCATTGTGCA-1_1",-0.0679689820945552,-0.0107603418797859
"TTTAGTCGTACGCGTC-1_1",-0.0934432291896991,-0.0136256484534323
"TTTAGTCTCGGTAACT-1_1",-0.0939444243673484,-0.0518084854280532
"TTTCAGTGTGCCTGAC-1_1",-0.216553253963581,0.012780174606417
"TTTCAGTTCTCAACCC-1_1",-0.0229038268608772,0.0237296427324382
"TTTCATGAGGATTTGA-1_1",-0.130980981643834,0.0194473575957966
"TTTCATGGTCCCACGA-1_1",-0.208147082111966,0.0114217397323962
"TTTCATGTCACGTCCT-1_1",-0.219441045165017,0.0139296887015027
"TTTCATGTCGGAGTAG-1_1",-0.0833055765887223,0.0163392301148095
"TTTCCTCAGCTACAAA-1_1",-0.126727930476193,-0.00847106783266136
"TTTCCTCGTTGCGAAG-1_1",-0.125049395381019,-0.011000309054631
"TTTCCTCTCGCGTGAC-1_1",-0.0956772159146354,-0.00516072407385054
"TTTCGATAGAGGCGGA-1_1",-0.259649578718219,0.0256257109644047
"TTTGACTTCTTTGATC-1_1",-0.128784311712742,-0.00284190399450377
"TTTGATCCAGAATGTA-1_1",-0.0790431945435808,0.0204843141774708
"TTTGGAGGTTCAAAGA-1_1",-0.083901039111848,0.024906002465453
"TTTGGTTCAACCCGCA-1_1",-0.0882970490795777,-0.0159780597317165
"TTTGTTGCAGCTCATA-1_1",-0.0429805556326088,-0.0242357151612184
"AAACCCAAGCGATGGT-1_2",-0.393822034661982,0.0883324072739316
"AAACCCACACTGAGTT-1_2",-0.399761518256383,0.0687426588886028
"AAACGAACAGGCCCTA-1_2",-0.435404989052454,0.0677153983147549
"AAACGCTCAAGAGTGC-1_2",-0.412548303449283,0.0722557118664384
"AAACGCTCATTCGATG-1_2",-0.414636425999088,0.106028576014737
"AAAGGATAGCGCTGAA-1_2",-0.415146376942523,0.0429516902304759
"AAAGGATGTTTGTTCT-1_2",-0.155529381951148,-0.0262039956578059
"AAAGGGCAGAGTCGAC-1_2",-0.419892223318442,0.0556062076989427
"AAAGGTACATCAGTGT-1_2",-0.309245903948341,0.0504359811045813
"AAAGGTACATGACTTG-1_2",-0.427396576077891,0.0492705606788404
"AAAGGTAGTAGCTCGC-1_2",-0.251359580836797,0.0279655784944263
"AAAGTCCCATACAGGG-1_2",-0.391262079718136,0.0437989845938077
"AAAGTGAAGCTACTGT-1_2",-0.407683054305772,0.0471519512883464
"AAATGGAAGCCTTTGA-1_2",-0.301285613213948,0.0387180478283647
"AAATGGATCTCTTCAA-1_2",-0.280331848756349,0.0402995354436315
"AACAAAGAGCTGACAG-1_2",-0.381560908486405,0.0502307955690256
"AACAAAGAGTCTGCGC-1_2",-0.230420912488043,0.0164848664378955
"AACAAAGCACAAACGG-1_2",-0.366761096196408,0.0623215867583859
"AACAACCGTTGGCCTG-1_2",-0.423398521959784,0.108812625374792
"AACAACCTCTCCGAGG-1_2",-0.387725046356171,0.0404276522233947
"AACAACCTCTCTCCGA-1_2",-0.400329634353641,0.046088867620889
"AACAAGACATGACAGG-1_2",-0.383294045663285,0.0822015081211356
"AACAAGAGTGGGCTCT-1_2",-0.405766049433881,0.0436972510856569
"AACAAGAGTTTACGTG-1_2",-0.235905712537957,0.00871067401275624
"AACACACAGCGTCTGC-1_2",-0.386323494696973,0.0844260576213917
"AACAGGGCAACTGCCG-1_2",-0.382843565689182,0.0549223960367618
"AACAGGGTCCATCCGT-1_2",-0.421715066437135,0.0433331232021938
"AACCAACCAACACGAG-1_2",-0.368070528734868,0.0493064338559377
"AACCAACCACGGAAGT-1_2",-0.399045449063446,0.0469726473621573
"AACCACACAAGTTTGC-1_2",-0.33239450192085,0.0515630963714807
"AACCATGGTTGCTCCT-1_2",-0.389375411562723,0.0392636595806938
"AACCATGTCCACGTAA-1_2",-0.381344023963274,0.0602567084550003
"AACCCAAAGCTAGCCC-1_2",-0.42544777668284,0.054326676255753
"AACCCAATCACCACAA-1_2",-0.335984587814057,0.0652226844979866
"AACCTGATCTCTAAGG-1_2",-0.323463768355248,0.0572310593141282
"AACCTTTCAAAGGATT-1_2",-0.409744264917821,0.0654574437085919
"AACGAAAAGAATAGTC-1_2",-0.40104736409019,0.0972737078462611
"AACGGGATCTGGGAGA-1_2",-0.419487760271032,0.0709360097759933
"AACTTCTCACCCTGTT-1_2",-0.357507567098945,0.0607483652647846
"AACTTCTGTACTAAGA-1_2",-0.403560734217272,0.0691249313769378
"AACTTCTGTCCTGTCT-1_2",-0.419952019997729,0.0968510681198365
"AACTTCTTCCAAATGC-1_2",-0.37674104301209,0.0439350591956291
"AAGACAATCTGACCCT-1_2",0.194456737897634,0.234713058286591
"AAGACTCAGAGGATGA-1_2",-0.404162004317103,0.0919529673023215
"AAGACTCAGTGCAGCA-1_2",-0.433327814646787,0.0513891626258814
"AAGCATCAGTGGAAAG-1_2",-0.425753918796899,0.101580124939189
"AAGCCATGTACAGCGA-1_2",-0.407121311595895,0.049461271296693
"AAGCGAGGTGGAACAC-1_2",-0.385429144554156,0.0448863420379641
"AAGCGAGTCTTAGTTC-1_2",-0.425106023944916,0.046761666234193
"AAGCGTTAGACTCCGC-1_2",-0.400369556945489,0.0957706551888259
"AAGCGTTAGCCATGCC-1_2",-0.0600474508996765,-0.0696113169198276
"AAGGTAACACGGGTAA-1_2",-0.378692536314295,0.062711166654926
"AATAGAGCAGCCTATA-1_2",-0.423123858523769,0.0490883943022039
"AATCACGAGGCGCTCT-1_2",-0.408891452610964,0.101498642030022
"AATCACGAGGCTAACG-1_2",-0.0433859121114767,-0.0973205085724721
"AATCACGCAGTAGTGG-1_2",-0.422946019107031,0.100231240570639
"AATCGACCAGAGGGTT-1_2",-0.408595553398349,0.0464419345585094
"AATCGACTCGCATTGA-1_2",-0.385547009954894,0.0565753961057355
"AATCGTGAGGCCTGCT-1_2",-0.362722295788347,0.0458267648939494
"AATGAAGAGCGACTGA-1_2",-0.423311373516002,0.0570188458210259
"AATGAAGAGCTGAGCA-1_2",-0.427451079907542,0.0658671973293978
"AATGAAGAGTCTGGAG-1_2",-0.382992391747201,0.0878511004787621
"AATGAAGCAACATCGT-1_2",-0.426642729996604,0.0606353678201434
"AATGCCAAGCAGCACA-1_2",-0.404677029766649,0.0444517701653094
"AATGCCACAGGTAGTG-1_2",-0.429037278650255,0.0752753275323895
"AATGGAAGTTAGAAAC-1_2",-0.41353562214878,0.0945008965951095
"AATGGAATCGAATCCA-1_2",-0.399904571438955,0.0797727801680039
"AATGGAATCTTCGGTC-1_2",-0.409090155597819,0.0774572776136229
"AATGGCTAGAAATTCG-1_2",-0.414963738446718,0.0503504841186061
"AATGGCTAGAGTCTGG-1_2",-0.294804020576241,0.04843683849174
"AATTCCTAGTAATACG-1_2",-0.431748224322604,0.0696415986053465
"AATTCCTTCCAAATGC-1_2",-0.391437512341733,0.0882691331704032
"AATTTCCGTTCTATCT-1_2",-0.420792318779519,0.0645280737271002
"AATTTCCTCACCTTAT-1_2",-0.383368962234303,0.0600229529371119
"ACAACCAAGCGCACAA-1_2",-0.429680436264522,0.0892232516999212
"ACAACCATCGATTTCT-1_2",-0.427873180231684,0.086572922077891
"ACAAGCTAGCACTCGC-1_2",-0.430370315112047,0.100694038131375
"ACAAGCTGTATGATCC-1_2",-0.422064151725291,0.106587630610351
"ACACAGTCAACAACAA-1_2",-0.426192185164317,0.0959186032685301
"ACACAGTGTACGGATG-1_2",-0.411471802577556,0.0518480807347508
"ACACGCGTCACTGTCC-1_2",-0.418578677767179,0.0633761714280391
"ACACGCGTCGGCCCAA-1_2",-0.427723228903537,0.0779869154143122
"ACACTGAGTACGATGG-1_2",-0.41299983312052,0.0523459646332057
"ACACTGATCATGAGTC-1_2",-0.417231133314645,0.0610867200394837
"ACAGAAAAGTCTGCAT-1_2",-0.420892470536526,0.0994491728348496
"ACAGCCGGTGCATTAC-1_2",-0.428316902393607,0.0443264114406507
"ACAGCCGTCATGGAGG-1_2",-0.376430211369305,0.0408552866165262
"ACAGGGAAGGCCGCTT-1_2",-0.422261376546716,0.042104078206382
"ACAGGGAGTCCAGCAC-1_2",-0.30567089989924,0.0386310546990518
"ACAGGGATCGCTAAAC-1_2",-0.256090602044679,0.023450593088738
"ACATCGATCCGTGTGG-1_2",-0.369118286004521,0.052227580068366
"ACATGCAGTTTGCCGG-1_2",-0.376737190377617,0.0570231556909732
"ACATGCATCGCCAATA-1_2",-0.402256778636657,0.0860507761203198
"ACATTTCGTAGTACGG-1_2",-0.422828532545192,0.0969766237000576
"ACCAAACAGAAGCTCG-1_2",-0.351694607771866,0.0418810998510901
"ACCACAAGTCGTGGTC-1_2",-0.413259781468295,0.0760582163411507
"ACCATTTAGAGAGCAA-1_2",-0.376097289113186,0.0462194487913513
"ACCATTTTCCACAGGC-1_2",-0.284266034629562,0.0421648546231297
"ACCATTTTCTGATGGT-1_2",-0.412693015214402,0.0422847881645195
"ACCCAAAAGGCTTAAA-1_2",-0.389510195189968,0.0840645588243635
"ACCCAAATCGCCGAGT-1_2",-0.374455043160527,0.0444324867378115
"ACCCTCACAGGTTCGC-1_2",-0.218434812097561,-0.0115944765783796
"ACCCTCATCAGACAAA-1_2",-0.377270940438229,0.0806525174691285
"ACCCTTGGTCTCACGG-1_2",-0.383865886171244,0.051145502756938
"ACCCTTGGTGCCTGCA-1_2",-0.0774257750949311,-0.0569177591550024
"ACCGTTCGTCATACCA-1_2",-0.373340850925631,0.0437351405041817
"ACCGTTCTCGTGGTAT-1_2",-0.392143425847109,0.0854295968160113
"ACCTGAATCAATCTTC-1_2",-0.418477203256863,0.0712149673145411
"ACCTGTCAGGTTTGAA-1_2",-0.420834864724857,0.106469880261462
"ACCTGTCCACGTGAGA-1_2",-0.274142578860996,0.018148521814341
"ACCTGTCTCGGAGCAA-1_2",-0.395928614187424,0.0690544212785181
"ACCTGTCTCTTCGATT-1_2",-0.108020210207169,-0.051321583503758
"ACGCACGAGGGAGTTC-1_2",-0.362130377260659,0.0727645356804218
"ACGGAAGCAATGTCAC-1_2",-0.430494949080615,0.094720134988401
"ACGGGTCAGTCATCCA-1_2",-0.386473668110984,0.0646878249165849
"ACGGTCGAGCGATTCT-1_2",0.0765604463957354,0.0392146522789465
"ACGGTCGCATTGTAGC-1_2",-0.323821877864509,0.0440281177640566
"ACGGTCGGTATCGCGC-1_2",-0.401602154210154,0.0496671283373154
"ACGTACAGTACCTAAC-1_2",-0.401046017187289,0.0563562702095417
"ACGTACATCCTACGGG-1_2",-0.319037207421077,0.0325149830265069
"ACGTAGTCAAATCAAG-1_2",-0.265245760537363,0.0363145778734881
"ACGTCCTAGTTCGCAT-1_2",-0.407628733406539,0.0781770978919228
"ACGTCCTTCATTTGGG-1_2",-0.397964484167517,0.0506466458548857
"ACGTTCCAGGCTGTAG-1_2",-0.364267094368334,0.0778113742536389
"ACGTTCCGTAGTTAGA-1_2",-0.424627121596429,0.0631118172043302
"ACGTTCCTCCTACTGC-1_2",-0.421810487348585,0.0663882347163889
"ACGTTCCTCGTGGCTG-1_2",-0.412828976685383,0.043928299289117
"ACGTTCCTCTCAGGCG-1_2",-0.414511890673819,0.0481700456154013
"ACTACGAGTCAAGCCC-1_2",-0.432937371494798,0.0917009875333313
"ACTATCTTCAAGCTGT-1_2",-0.41905299788043,0.0480467474590681
"ACTATCTTCAATCTCT-1_2",-0.405835460537831,0.100716790804106
"ACTATGGTCGAGCACC-1_2",-0.310640118477391,0.0455560141563287
"ACTATGGTCTGAGAGG-1_2",-0.214832766697183,0.00506048353358303
"ACTATTCCAAATTGCC-1_2",-0.409479462954213,0.100805171997978
"ACTCCCAAGTCGCTAT-1_2",-0.414810841694339,0.0454552285291576
"ACTCTCGGTGGGTCAA-1_2",-0.359189039731876,0.044447875056714
"ACTCTCGTCCCGTGAG-1_2",-0.377433657993627,0.0626083033423154
"ACTGATGCAAGTCGTT-1_2",-0.27591660535104,0.041268237053231
"ACTGCAACATTACTCT-1_2",0.00862455217200862,0.104801945368124
"ACTGTCCCAGAACATA-1_2",-0.332816260176597,0.063214292942032
"ACTTAGGGTAGTTACC-1_2",-0.396085257070138,0.0584707285051643
"ACTTAGGTCGCGTGCA-1_2",-0.379997459985697,0.0460201124450132
"ACTTAGGTCTTCCAGC-1_2",-0.396291098230519,0.0443006909316952
"ACTTATCAGTCGAATA-1_2",-0.333392860153709,0.0345598986978143
"ACTTATCGTGGGATTG-1_2",-0.379544033826786,0.0576240631638531
"ACTTATCGTTCAGTAC-1_2",-0.424606910487677,0.0499983834417824
"ACTTCCGTCCGTGTCT-1_2",-0.423667759165862,0.0617124831983583
"ACTTCGCAGAATACAC-1_2",-0.417977768670836,0.0966408668067878
"ACTTCGCCAATTGCCA-1_2",-0.425302014553075,0.0921719482832747
"ACTTTCACATCCCGTT-1_2",-0.419965655718609,0.0794651697687142
"AGAAATGGTAGTCTTG-1_2",-0.421935221648186,0.109433158049676
"AGAACAAAGGTCATAA-1_2",-0.420598020940055,0.0486341921664189
"AGAACAAGTCCAGCAC-1_2",-0.421805420741812,0.0486006544027709
"AGAACCTCAGTGCCTG-1_2",-0.386224000978807,0.0532090995561561
"AGAACCTGTATGGTTC-1_2",-0.420697164555241,0.0656419522661072
"AGAAGCGGTACGATGG-1_2",-0.399828657185689,0.0471262198622031
"AGAAGTACAATAGGGC-1_2",-0.327888710778761,0.0588303243580534
"AGAAGTAGTCTGATCA-1_2",-0.402371794831978,0.0649490984667147
"AGACAAACAAACGTGG-1_2",-0.426584030782386,0.0736898642013301
"AGACACTGTGGACCAA-1_2",-0.391701255503078,0.0709291282234371
"AGACCATCATAGTCAC-1_2",-0.397136294365289,0.0575723168413541
"AGACCATGTACGGGAT-1_2",-0.394000913824112,0.0391288385422545
"AGACCCGCAACGACAG-1_2",-0.420532957477803,0.0400582030608604
"AGACCCGTCGCTAGCG-1_2",-0.412008289690767,0.0424590390052192
"AGAGAATCATCGATAC-1_2",-0.378946773635905,0.0727001249546903
"AGAGCAGCAAGCTCTA-1_2",-0.427060888854405,0.0678479715670314
"AGATCCAGTTACGATC-1_2",-0.430659067866209,0.0715548741391813
"AGATCCATCGCGGACT-1_2",-0.436968906417933,0.0575180714605783
"AGATCGTCATCCCACT-1_2",-0.402745889918319,0.0960842489640851
"AGATCGTCATGACTCA-1_2",-0.411879503818455,0.0557094987084946
"AGATCGTGTATCAGCT-1_2",-0.355697769669668,0.0584572943781311
"AGATGAATCTGTAACG-1_2",-0.40168103039394,0.0938675703028157
"AGATGCTCAATGTGGG-1_2",-0.425515770213232,0.105093414088957
"AGCATCAAGGCAATGC-1_2",-0.358909576526663,0.0716959053322039
"AGCATCATCTACCACC-1_2",-0.424552588634313,0.0562373476742044
"AGCCAATCACACCGCA-1_2",-0.363774680723336,0.0768395611378973
"AGCCACGAGTTTGCTG-1_2",-0.422414399912769,0.0774850592909812
"AGCCACGCAACGAGGT-1_2",-0.37195015023689,0.0549135497449462
"AGCCACGGTTAAGACA-1_2",-0.430754815797871,0.0723378053284598
"AGCCACGTCAAAGACA-1_2",-0.436348575742952,0.05578253959618
"AGCCAGCCAGTAGTTC-1_2",-0.409252788536241,0.0672055629483609
"AGCGATTAGGAGTACC-1_2",-0.389442451262781,0.0754424829471549
"AGCGATTTCACCATGA-1_2",-0.267489188910982,0.0338561407426273
"AGCGCTGCAGCTTCGG-1_2",-0.402535073751133,0.0555629890749567
"AGCGTATGTGGTAATA-1_2",-0.416965755173002,0.0521590234892702
"AGCGTATTCCCAACTC-1_2",-0.419441539681454,0.101846850380419
"AGCTACAAGACGTCGA-1_2",-0.413945588767307,0.0561629144514567
"AGCTCAAAGCGTCAGA-1_2",-0.302337456988605,0.0351998912487499
"AGCTCAAAGGGTAATT-1_2",-0.396326796820784,0.0547266586290309
"AGCTCAAGTCCAGTTA-1_2",-0.356907964190241,0.0498003107466577
"AGCTCAAGTCTTGTCC-1_2",-0.425020240041731,0.0681094380617742
"AGCTTCCGTAACTTCG-1_2",-0.42469000676601,0.0886384153677307
"AGGAAATAGCATTTCG-1_2",-0.391575002318021,0.0464149573013355
"AGGAAATGTAATGATG-1_2",-0.327659390279671,0.0604714151110961
"AGGAAATGTTTCGCTC-1_2",-0.427728484796535,0.0849160252250497
"AGGAATATCCGTTGGG-1_2",-0.267293293074273,0.035618519438854
"AGGACGAAGCGTGAAC-1_2",-0.39324396317683,0.0451483077168446
"AGGACGAGTGTGCCTG-1_2",-0.21917044817273,0.0232182521231259
"AGGACTTGTTTGAAAG-1_2",-0.415817712040598,0.0857642538020607
"AGGACTTTCGCAGAGA-1_2",-0.434308737874849,0.0652381061314456
"AGGATAAGTAAGGCCA-1_2",-0.414983909144479,0.0519605766055498
"AGGATCTCAGCTATTG-1_2",-0.0717054389024031,-0.0644624499157839
"AGGCATTAGGGCAAGG-1_2",-0.377298382274062,0.0741271595488586
"AGGCATTCATCCAACA-1_2",-0.43730823089799,0.0656802759652852
"AGGCCACAGACTCGAG-1_2",-0.417735482980497,0.093544395599706
"AGGCCACAGCAGCACA-1_2",-0.437233709347467,0.0570408065008543
"AGGCTGCCATTGTCGA-1_2",-0.382723734627916,0.0660968756491197
"AGGCTGCTCGCAAGAG-1_2",-0.399177140176975,0.0978695225457608
"AGGGAGTTCCGTTGAA-1_2",-0.419523153794975,0.0520844461177322
"AGGGCCTCACATAGCT-1_2",-0.356645936402747,0.0458015998538215
"AGGGCTCCACTGGCGT-1_2",-0.384488650241137,0.0828861776405199
"AGGGCTCGTACCGCGT-1_2",-0.240922103870363,0.0306338348518397
"AGGGCTCGTACTAAGA-1_2",-0.397593973043225,0.0585481536498005
"AGGGCTCGTGGAACCA-1_2",-0.434038283202098,0.0520825846373214
"AGGGTCCAGGCTCAAG-1_2",-0.424565917172986,0.0820680595014188
"AGGGTCCCAAAGGATT-1_2",-0.358834591088519,0.0680125035443024
"AGGGTCCCAATAACGA-1_2",-0.397238701199018,0.0594837413399786
"AGGGTGACAAGCCATT-1_2",-0.413399581501633,0.102777652694931
"AGGGTGACATGGCGCT-1_2",-0.412112306555806,0.0694231148631452
"AGGTAGGCAATGCAAA-1_2",-0.4304245233961,0.052634628457125
"AGGTAGGTCTCCATAT-1_2",-0.282711137912054,0.0428360529757472
"AGGTCATGTACGGTTT-1_2",-0.412118042664693,0.0946752474178804
"AGGTCATTCTCCTGAC-1_2",-0.41546692880153,0.0983951100087931
"AGGTCTATCATAGACC-1_2",-0.363843847667814,0.0650923964185132
"AGGTGTTGTGCCGAAA-1_2",-0.418021993835308,0.0650729153822756
"AGGTTACTCAAAGCCT-1_2",-0.437929117766346,0.0615165271626598
"AGGTTGTAGTTGGGAC-1_2",-0.274539232789426,0.0212744346160049
"AGGTTGTTCATACAGC-1_2",-0.395241042289925,0.039870408281149
"AGGTTGTTCGCAGTTA-1_2",-0.404251610907523,0.0454765870299042
"AGTAACCAGATGTTGA-1_2",-0.425822015376819,0.0896736363161962
"AGTAACCAGCACACCC-1_2",-0.423693890124958,0.0475618064500204
"AGTACCAAGTGTTCAC-1_2",-0.429661138286363,0.0617701612707669
"AGTACCAGTCTACATG-1_2",-0.421711667146653,0.0411965343068384
"AGTACCATCCATGAGT-1_2",-0.411209572923185,0.0456146200819303
"AGTACTGCAGCCTATA-1_2",-0.427685186410263,0.0674984465516547
"AGTAGCTAGTCACAGG-1_2",-0.39888267885743,0.0439284712231341
"AGTAGCTCAAAGTGTA-1_2",-0.43592542944059,0.0535306339415053
"AGTAGCTCACCAAAGG-1_2",-0.420879909421349,0.0927052412977632
"AGTAGCTTCAGTGCGC-1_2",-0.407764790262864,0.063576787867785
"AGTAGTCAGCATCTTG-1_2",-0.433512679606374,0.0613084163393335
"AGTAGTCCACCCTGAG-1_2",-0.390636894784889,0.0583514135648356
"AGTCAACTCTAAGCGT-1_2",-0.421521844722569,0.0544847073076855
"AGTCACACAACCGATT-1_2",-0.388059497436886,0.0725277734039607
"AGTCATGAGTTAGTGA-1_2",-0.423783813575287,0.0818631818291981
"AGTCATGCAGTATACC-1_2",-0.41542805001117,0.0944617209921338
"AGTCATGTCGGCCCAA-1_2",-0.421799092842018,0.0492835301337186
"AGTCTCCAGCGACTTT-1_2",-0.200425482933801,0.0196817296572402
"AGTCTCCAGCTTCATG-1_2",-0.43062656849796,0.0644692640549427
"AGTCTCCAGGTAGCCA-1_2",-0.239280491800384,0.0315260547839731
"AGTCTCCTCGTGTGAT-1_2",-0.293178396864052,0.0461893525121864
"AGTGACTAGCCATGCC-1_2",-0.403985504106323,0.0826469871160091
"AGTGACTCAACGTTAC-1_2",-0.402367571129401,0.0511872485392858
"AGTGACTCAGGCACAA-1_2",-0.406156709721791,0.0856890926617253
"AGTGCCGAGAGCAGCT-1_2",-0.371510105153328,0.0703697975415112
"AGTGCCGGTTAGTCGT-1_2",-0.416053603536802,0.101215648011035
"AGTGTTGAGAATCTAG-1_2",-0.425917100242871,0.0905664905473151
"AGTGTTGCAACAACAA-1_2",-0.415377438200282,0.0645686826886998
"AGTGTTGCACTCCTGT-1_2",-0.399530450607294,0.0629042077650335
"AGTGTTGGTACAGGTG-1_2",-0.308525387488589,0.0361855390620809
"AGTGTTGTCTCTGACC-1_2",-0.400829048981523,0.0898164287549125
"AGTTAGCAGAGACAAG-1_2",-0.417062043768959,0.0437351207697756
"AGTTAGCAGTCGCTAT-1_2",-0.388735227921974,0.0795846015212348
"AGTTAGCGTAGAGGAA-1_2",-0.390014474163403,0.0611130875222091
"AGTTAGCTCCATATGG-1_2",-0.42464692579504,0.0477130312322651
"AGTTCCCTCTGGGCGT-1_2",-0.430107331783806,0.0915875928675056
"AGTTCGAAGTTGGCGA-1_2",-0.421850648695865,0.0779463512904523
"AGTTCGAGTGCTTATG-1_2",-0.376839333039624,0.0747709703168481
"AGTTCGATCCCATTTA-1_2",-0.299279127674768,0.0338536861198009
"AGTTCGATCTACTGCC-1_2",-0.404095544031466,0.0714354242177302
"ATACCGAAGCCTCTCT-1_2",-0.377342656831692,0.0435987180518304
"ATACCGAAGGTCGTCC-1_2",-0.419120883445412,0.0647629188677873
"ATACCGACACTTGAAC-1_2",-0.289610237474319,0.0364090853380372
"ATACCTTCACCTTCCA-1_2",-0.394484058030656,0.0452644009733343
"ATACCTTTCAGGACAG-1_2",-0.414522490967404,0.045966340200446
"ATACTTCCAATCCTTT-1_2",-0.426208084343787,0.0882318931672177
"ATACTTCCAGGCCCTA-1_2",-0.39849459132521,0.0554386408059993
"ATAGACCTCTAAACGC-1_2",-0.41214750624822,0.105426343808313
"ATAGAGAAGGTTGGTG-1_2",-0.392861786205554,0.0457755155264383
"ATAGAGACACAACGCC-1_2",-0.40778824205478,0.0503662363836879
"ATAGAGACAGAGATGC-1_2",-0.354737087627271,0.044009891168957
"ATAGGCTCACCAGCGT-1_2",-0.342709416579885,0.0455081578799292
"ATATCCTAGAGTTGCG-1_2",-0.390502249102956,0.0701644284901437
"ATCACAGAGCACTAGG-1_2",-0.332294607037837,0.050546447866754
"ATCACAGGTTAGAGAT-1_2",-0.212084973337004,0.0176222178078532
"ATCACGACAGATACTC-1_2",-0.426127773572363,0.079979378718647
"ATCACGAGTGCAGTGA-1_2",-0.248676740384944,0.0284777753193697
"ATCACGAGTTTCGATG-1_2",-0.377107377191409,0.0504904729556578
"ATCACTTAGCATGTTC-1_2",-0.402407759236599,0.0474194960988184
"ATCACTTAGGAACTCG-1_2",-0.366744450806422,0.0746861985068996
"ATCACTTCAGTCGCTG-1_2",-0.394119202371789,0.0854768591639731
"ATCACTTGTACGGTTT-1_2",-0.398130662107314,0.045922314650418
"ATCACTTTCCAGCCTT-1_2",-0.416904898585823,0.0739670019508664
"ATCAGGTAGACAAGCC-1_2",-0.422549539003109,0.0564313223398818
"ATCATTCTCTTGAACG-1_2",-0.400341886746452,0.0606175741532775
"ATCCACCCACTTTATC-1_2",-0.407568312039896,0.0487924823192127
"ATCCACCGTCATGACT-1_2",-0.395160581933508,0.0438845264628744
"ATCCACCGTCCTCCAT-1_2",-0.425858351410249,0.0640447283928898
"ATCCATTAGGCACCAA-1_2",-0.25986965478025,0.0318791288279703
"ATCCCTGGTCGTGGTC-1_2",-0.287550196614689,0.0379841458202157
"ATCCCTGTCTACGGTA-1_2",-0.23426265494813,0.0309452116874253
"ATCCGTCCAGCTGTCG-1_2",-0.386192529897994,0.0438378745152956
"ATCCGTCTCCTGTACC-1_2",-0.416009660325807,0.0647232315373386
"ATCCTATTCGGTATGT-1_2",-0.423941174075685,0.0735889162633969
"ATCGTAGAGGGCAACT-1_2",-0.309203372162788,0.0364263090168547
"ATCGTAGCACATGGTT-1_2",-0.398295654008738,0.0490458687347143
"ATCGTGAGTCTGTTAG-1_2",-0.406791544672276,0.0984043861330716
"ATCTCTAGTGGCCACT-1_2",-0.262974077058056,0.029517725938321
"ATCTTCAAGTGTCATC-1_2",-0.275409599877774,0.0316121461474736
"ATGAAAGAGTTCTACG-1_2",-0.406443838493844,0.0422793384960621
"ATGACCAAGACTGTTC-1_2",-0.402506863158365,0.0486124979589034
"ATGACCATCATGCTAG-1_2",-0.420128245906322,0.0467957406264783
"ATGACCATCCTTCTTC-1_2",-0.346130759145981,0.0700925995886652
"ATGAGGGAGGGCGAAG-1_2",-0.400772292132913,0.0608165866693188
"ATGAGGGCACCAGCCA-1_2",-0.386789033990294,0.0394321984443936
"ATGAGGGTCTGGACTA-1_2",-0.369546341363678,0.0725826654330272
"ATGATCGAGTATGACA-1_2",-0.427772293825527,0.0594632686730845
"ATGATCGCAAGTGATA-1_2",-0.339821059863442,0.0436887973134167
"ATGATCGCAGGACTTT-1_2",-0.265555909984503,0.0337271733684585
"ATGCATGAGTTGGACG-1_2",-0.115398897291399,-0.0454240181172998
"ATGCATGGTCGGTGAA-1_2",-0.422632597473639,0.0858592794816512
"ATGCATGTCAAGATAG-1_2",-0.422887883078333,0.0871004465298166
"ATGCCTCCATGTGGTT-1_2",-0.411435966157314,0.0591258660944053
"ATGCGATCAGTCGTTA-1_2",-0.373667829455262,0.068041738842787
"ATGCGATCATTACTCT-1_2",-0.410630156487053,0.0533011081862145
"ATGCGATGTTCTTGTT-1_2",-0.417257310503053,0.0951734147166536
"ATGGAGGAGTATAGGT-1_2",-0.392041066166028,0.0821434002239935
"ATGGAGGCAATTTCGG-1_2",-0.431300718386655,0.0807815860458748
"ATGGAGGGTGCCCAGT-1_2",-0.386370984672151,0.0371356181866248
"ATGGAGGTCAGCTCTC-1_2",-0.275338159442268,0.0169321254708376
"ATGGAGGTCTTCTGTA-1_2",-0.426032643872162,0.0599373861100055
"ATGGATCCATGCACTA-1_2",-0.41546993774642,0.0468946806320913
"ATGGGAGAGGGTTAAT-1_2",-0.419301057623142,0.0428866102249748
"ATGGGTTAGATCCGAG-1_2",-0.418773834545502,0.107938686886392
"ATGGGTTAGGGTGAGG-1_2",-0.406714975632148,0.0583572039651485
"ATGGGTTTCCTTATCA-1_2",-0.423381979865177,0.0945583849400485
"ATGGTTGGTTTCTTAC-1_2",-0.377871250798944,0.079243388787754
"ATGTCCCGTACGATCT-1_2",-0.270707592403215,0.0374521967793486
"ATGTCCCTCCATCTAT-1_2",-0.154257817262999,0.0140443350863794
"ATGTCCCTCCCAACTC-1_2",-0.397663019544742,0.0817839345874539
"ATGTCTTCATGTCGTA-1_2",-0.247224743106877,0.026264655692351
"ATGTCTTGTGACTATC-1_2",-0.34948044279276,0.0651347491694085
"ATGTCTTTCTCTTCAA-1_2",-0.29434921130754,0.046824335784727
"ATTACTCCATGGCTGC-1_2",-0.248806725598751,0.03300384709033
"ATTACTCGTCGAATTC-1_2",-0.403238809621797,0.0421261384919581
"ATTATCCCAGGACTAG-1_2",-0.399163387958339,0.0651265568797742
"ATTATCCGTTCCTAAG-1_2",-0.411493408550624,0.0977115406900244
"ATTATCCTCTTCGCTG-1_2",-0.335436864496543,0.0618872909293273
"ATTCACTAGCAAGTCG-1_2",-0.416364032316956,0.0911682227466366
"ATTCACTTCTCGCGTT-1_2",-0.424968118176334,0.0765246487810238
"ATTCCATGTAAGATAC-1_2",-0.396262160299759,0.0509726288698602
"ATTCCCGAGCAACTTC-1_2",-0.182183057758488,0.0017457704374413
"ATTCCCGCACGCAGTC-1_2",-0.411928200995074,0.104192638638025
"ATTCCCGGTACGTACT-1_2",-0.415079509802323,0.097912849824982
"ATTCGTTAGTGGTTAA-1_2",-0.287121789132412,0.0421715718103087
"ATTCGTTGTTTCACAG-1_2",-0.402990224810943,0.056616329423419
"ATTCGTTTCTTCACGC-1_2",-0.427075884447889,0.102640659716776
"ATTCTACGTAAGATCA-1_2",-0.415570430854587,0.0490835079345758
"ATTGGGTTCAAACGTC-1_2",-0.339816962792319,0.0354802180015265
"ATTGTTCCAGGACTAG-1_2",-0.252932177608386,0.0278311656507634
"ATTGTTCCAGGCCCTA-1_2",-0.254581921654358,0.0287497504870447
"ATTGTTCGTTAAGTCC-1_2",-0.391434398768559,0.062008979961122
"ATTGTTCGTTGGCCGT-1_2",-0.38893578009728,0.088405543152995
"ATTTACCTCCTTGAAG-1_2",-0.377864810655137,0.0722581374665279
"ATTTCACCACCGAATT-1_2",-0.411318866758249,0.0731674486974927
"ATTTCACCACTTTATC-1_2",-0.142372446127176,-0.0400491256118397
"ATTTCTGCACCTGATA-1_2",-0.403603876227942,0.0544544659724525
"ATTTCTGCATTACGGT-1_2",-0.409926925354859,0.0986422839168975
"CAAAGAAAGAACAGGA-1_2",-0.112948228969608,-0.0190040144048624
"CAAAGAAAGTCAGCGA-1_2",-0.428040065120243,0.0745184548430181
"CAAAGAAGTAGATCCT-1_2",-0.373150282526331,0.0522702824896123
"CAAAGAAGTCGATGCC-1_2",-0.355600429363281,0.0381756536584507
"CAACAGTAGCCGGAAT-1_2",-0.406317386245368,0.0619352323492743
"CAACAGTTCCCAGGAC-1_2",-0.421950903376232,0.0836246094182432
"CAACCAATCACCATCC-1_2",-0.349756518025824,0.0593641825150196
"CAACCTCAGAACCGCA-1_2",-0.313264305866172,0.0402717628695319
"CAACGATTCCAGCAAT-1_2",-0.364192251165994,0.0416098536642689
"CAACGGCCAGCTGCCA-1_2",-0.341890957800902,0.0416916153969558
"CAACGGCGTCACAATC-1_2",-0.4240843749477,0.0484669038665288
"CAAGACTCAATATCCG-1_2",-0.396805351677611,0.085342637002616
"CAAGACTGTCTATGAC-1_2",-0.405803935540726,0.0715335934241127
"CAAGAGGGTGGCTTAT-1_2",-0.431976135614819,0.0551104096197595
"CAAGCTACAAGCACCC-1_2",-0.42672703808142,0.047152124987522
"CAAGGGAAGCAGGCTA-1_2",-0.418839090267754,0.100786481267526
"CAAGGGAAGCGTACAG-1_2",-0.430480948170864,0.0689035934577541
"CAAGGGAAGTTGTCAC-1_2",-0.416911189568689,0.0630291666221039
"CAAGGGACACCGAATT-1_2",-0.379564131538956,0.0750927617803123
"CAATACGCAAGTACCT-1_2",-0.392588672259694,0.0872188338046548
"CAATACGCATACAGGG-1_2",-0.431042406065823,0.0729574458250715
"CAATCGACACTGGCCA-1_2",-0.422712426580701,0.0484777552971286
"CAATCGAGTCAGTCTA-1_2",-0.412763963240052,0.0838030468752264
"CAATGACAGCGAGGAG-1_2",-0.368339542176043,0.0519991597063807
"CAATGACTCCAAAGGG-1_2",-0.399881443705583,0.0449640252291066
"CAATTTCCACAGCCTG-1_2",-0.409485937322273,0.0625119488323139
"CAATTTCCACGAGAAC-1_2",-0.319680012946,0.0542161853319059
"CACAACAGTGAGGATC-1_2",-0.425926259357252,0.106124576089947
"CACACAACAAAGACTA-1_2",-0.415875971117394,0.0946015380831036
"CACACAATCTAAACGC-1_2",-0.419819154994545,0.0884513729704299
"CACAGATAGCTCCATA-1_2",-0.42966437573304,0.0624351307547044
"CACAGGCTCCAAGAGG-1_2",-0.366513424789071,0.0485793615168894
"CACCGTTTCATCACTT-1_2",-0.423552282561748,0.0633949917510741
"CACGAATGTAACAGTA-1_2",-0.429500967442506,0.0471627989061175
"CACGGGTAGGGACCAT-1_2",-0.420483201722041,0.0941072016186563
"CACGGGTAGGTAGGCT-1_2",-0.423141482200561,0.0518698314955312
"CACGGGTCAACTGGTT-1_2",-0.425608542886939,0.0435655304722976
"CACGTTCAGTCTCGTA-1_2",-0.427213990826962,0.0996872626888787
"CACTGAAAGAACTGAT-1_2",-0.395184858129975,0.0662535064940106
"CACTGGGGTCCCACGA-1_2",-0.40275767473233,0.0494242556859929
"CACTTCGTCCAAACCA-1_2",-0.316424054593893,0.0523367674413092
"CAGAGCCCAGATACTC-1_2",-0.408655966745449,0.0602704502613483
"CAGATACGTAAGTAGT-1_2",-0.408665741391966,0.0977288975773855
"CAGATCAAGGGCCTCT-1_2",-0.367320942793401,0.060980777743275
"CAGATCATCGAACCTA-1_2",-0.203451330844583,0.0218173450793613
"CAGATTGGTGCGTTTA-1_2",-0.395408750351222,0.0495389985629022
"CAGCACGAGATGCCGA-1_2",-0.3839176248724,0.0448849491959968
"CAGCAGCCACACACGC-1_2",-0.397700089077074,0.0596161914384608
"CAGCCAGTCTCTCGCA-1_2",-0.263179604131047,0.0379415786530823
"CAGCGTGCATGAGATA-1_2",-0.32527580051717,0.0555697262705171
"CAGCGTGGTCACGACC-1_2",-0.378358080497709,0.0654204051334545
"CAGGCCATCGAATGCT-1_2",-0.380052462400942,0.0614305548171448
"CAGGTATAGGGAGTGG-1_2",-0.390196013141692,0.0828736228410332
"CAGTGCGAGCCAAGCA-1_2",-0.390486543477142,0.081001492073626
"CAGTGCGAGGTACCTT-1_2",-0.433802559268985,0.0701742006734293
"CATAAGCCACTCACTC-1_2",-0.384913884319709,0.0863206052167726
"CATACAGCATAGCTGT-1_2",-0.409762701753108,0.047725116182077
"CATACAGGTGCTCCGA-1_2",-0.381791941076614,0.069054691435052
"CATACAGTCGGCTGAC-1_2",-0.366753202248371,0.0739563589234929
"CATACCCAGACCTCCG-1_2",-0.418382319014434,0.0591954731982042
"CATACCCCACGCAGTC-1_2",-0.378271082089524,0.0421747511607101
"CATACCCGTCGAACGA-1_2",-0.393947021193097,0.0514624111643737
"CATACCCTCAGCATTG-1_2",-0.431715433132308,0.0740732476591529
"CATACTTTCCAGTTCC-1_2",-0.383184833210893,0.0634529556764094
"CATACTTTCTAGTTCT-1_2",-0.377020436926364,0.0830609521035452
"CATCAAGGTCTCACGG-1_2",-0.253700817243498,0.0334652958072966
"CATCCACCAAGCCATT-1_2",-0.315086390382463,0.052078588014516
"CATCCACTCGTGACTA-1_2",-0.401765506919226,0.0770133615121081
"CATCCGTTCAAGAGTA-1_2",-0.33560368541393,0.0593364369777913
"CATCCGTTCATGTCTT-1_2",-0.375576858991268,0.0738899108867376
"CATCGCTTCAGAATAG-1_2",-0.399566655229163,0.0910442811304735
"CATCGGGCAATCGCCG-1_2",-0.406721430487948,0.0522537413758949
"CATCGGGTCCGTACGG-1_2",-0.381637973713791,0.0589943158067949
"CATCGTCTCGAATCCA-1_2",-0.427611175143939,0.100951972699391
"CATGAGTGTGCCGTTG-1_2",-0.377298899906789,0.0508003688576476
"CATGAGTTCCATTGTT-1_2",-0.421163406282502,0.0549915841665068
"CATGCAAAGGATGGCT-1_2",-0.400577242622131,0.0504299743715027
"CATGCAAGTGCTCTCT-1_2",-0.299756810298543,0.0469918146709563
"CATGCCTAGATCCCGC-1_2",-0.406135985713255,0.0975737086098101
"CATGCCTAGGGTTAGC-1_2",-0.40382017677105,0.0399165234030012
"CATGCGGCATGGATCT-1_2",-0.38252142522807,0.0810715946494226
"CATGCTCGTGATACCT-1_2",-0.223647067500693,-0.00989317284202802
"CATGGTACATGAATCC-1_2",-0.429614695853922,0.0516465364154161
"CATGGTAGTTGGACTT-1_2",-0.403376846990182,0.0475800116874226
"CATGGTATCACTTCTA-1_2",-0.428369035629908,0.0923882394081928
"CATTCATAGAATTCAG-1_2",-0.37003200965775,0.0455240864040553
"CATTCATAGCACTCGC-1_2",-0.300258838451451,0.0332544905029731
"CATTCATCAAACTGCT-1_2",-0.388172288736178,0.0893052794465969
"CATTCCGAGGTTAAAC-1_2",-0.407287876714998,0.0711942224531289
"CATTGTTTCGTAGAGG-1_2",-0.410597215203042,0.0668637188201206
"CATTGTTTCTACCAGA-1_2",-0.422154314535722,0.102121972254244
"CATTTCAGTTCTTAGG-1_2",-0.423008274080278,0.102972962802361
"CCAAGCGCAAAGTGTA-1_2",-0.350280858289293,0.0557724031888942
"CCACAAATCAGGTGTT-1_2",-0.355003541491101,0.0731714066518618
"CCACGAGAGTATAACG-1_2",-0.404659318258101,0.0817005783295924
"CCACGAGGTGGGCTCT-1_2",-0.375041620242141,0.0809714830361151
"CCACGTTGTGCGTCGT-1_2",-0.331396078923284,0.0511430098171433
"CCCTGATGTTTGCAGT-1_2",-0.395670396211798,0.0393081733469172
"CCCTTAGTCTCGACCT-1_2",-0.422658806757875,0.0587682163926492
"CCGAACGCACGCTATA-1_2",-0.369990205570872,0.0738824809056412
"CCTAAGAAGACACACG-1_2",-0.25310380355145,0.0287841864095453
"CCTATCGTCGTAGAGG-1_2",-0.328081217587389,0.0515732359985319
"CCTCAGTCATTGAGGG-1_2",-0.395287879357118,0.0572782269736992
"CCTCTAGCATACACCA-1_2",-0.41983611883854,0.0569501681331122
"CCTGTTGAGACTTAAG-1_2",-0.423283114180377,0.0798348845585494
"CCTGTTGCACTGTCGG-1_2",-0.411085922985715,0.0990129597818592
"CCTTCAGTCAATCTTC-1_2",-0.372955423724283,0.0530136825038037
"CCTTGTGCAGGACTAG-1_2",-0.398445529471171,0.0591406853368072
"CGAAGGACAACCCTAA-1_2",-0.409310277466913,0.0692593025133365
"CGAAGTTCAGCGTGCT-1_2",-0.189637958601571,0.0128079712309002
"CGAAGTTGTCCGCAGT-1_2",-0.335054952700811,0.0465724153755396
"CGAAGTTGTCTTGGTA-1_2",-0.264761486678936,0.0301813781321553
"CGAATTGGTATGTCCA-1_2",-0.419120811978637,0.104232424601708
"CGACAGCGTCGGTGTC-1_2",-0.379379922364613,0.061804051802949
"CGAGAAGAGATAACAC-1_2",-0.424806519847713,0.0574918048032149
"CGAGAAGGTAACAGGC-1_2",-0.378680692026963,0.0533473448749809
"CGAGGAACACGTCGTG-1_2",-0.409218938120791,0.0397391567377398
"CGAGGAAGTCCACTCT-1_2",-0.426494996695997,0.0781341848039233
"CGAGGCTTCGGTTAGT-1_2",-0.0780892035522949,-0.0527171656005941
"CGAGTGCTCACTACTT-1_2",-0.255989678502501,0.0159856120821885
"CGAGTTACATCTCGTC-1_2",-0.418790871125784,0.0867898598622991
"CGAGTTATCAGATGCT-1_2",-0.423544099381797,0.103714777409066
"CGATCGGCAGAGCGTA-1_2",-0.228166009804134,-0.00766120908120237
"CGATGCGAGAAAGTCT-1_2",-0.225727053665898,0.0277361700911293
"CGATGCGAGAGAGCAA-1_2",-0.393826150529968,0.0408876169395667
"CGATGCGTCTTCGTAT-1_2",-0.405649447065891,0.0575971904957702
"CGATGGCAGCGTCTCG-1_2",-0.421657328619507,0.0629340687737222
"CGCAGGTTCCAAGCAT-1_2",-0.411919053389716,0.0628820510963621
"CGCATAACAATACGAA-1_2",-0.426864749028055,0.0988993971242386
"CGCATAAGTCCGCAGT-1_2",-0.416296242081851,0.0861496032090083
"CGCCAGACATCGAAGG-1_2",-0.414699566562118,0.103298313232492
"CGCCAGATCAGCTGAT-1_2",-0.400979396977684,0.0434807475414267
"CGCCAGATCTATCGGA-1_2",-0.405695166274144,0.0911466015849439
"CGCCATTGTATCAGCT-1_2",0.169006291102746,0.179747612590175
"CGCGTGAGTAATTAGG-1_2",-0.404486705626249,0.084639480584814
"CGGAACCCAGTGCGCT-1_2",-0.431512541036723,0.0524970050192187
"CGGAATTGTCGGCCTA-1_2",-0.405973590761452,0.0682416632562647
"CGGAATTGTGGACTGA-1_2",-0.419283431654487,0.0462511875915821
"CGGAATTGTTAAGAAC-1_2",-0.421407902476028,0.0657216591548133
"CGGAATTGTTACTCAG-1_2",-0.429193751366653,0.0860227318952223
"CGGAATTTCGGTATGT-1_2",-0.417008734418827,0.077096424047235
"CGGACACGTCAGGAGT-1_2",-0.360694963557014,0.0649438174114644
"CGGAGAACATAAGCGG-1_2",-0.41127892595359,0.0390279610904775
"CGGCAGTGTCCCTGTT-1_2",-0.418877986284972,0.0399128617086512
"CGGCAGTTCTCCAAGA-1_2",0.163194662252425,0.157172052368855
"CGGGCATGTGCCCACA-1_2",-0.409895089388243,0.103737688381134
"CGGGTCAAGATTGTGA-1_2",-0.409840339794791,0.0733958188812547
"CGGGTGTAGATGACCG-1_2",-0.252135076829412,0.0291087517260668
"CGGGTGTAGTATCTGC-1_2",-0.417636644838459,0.0863582767553097
"CGGTCAGAGCAACAGC-1_2",-0.414800213244519,0.0530205810795981
"CGGTCAGAGGAAAGAC-1_2",-0.389705241222032,0.0541762329468389
"CGGTCAGCAAGACTGG-1_2",-0.413362584778125,0.0491300897344802
"CGTAAGTAGTCAAGCG-1_2",-0.366229447057487,0.0671288087997523
"CGTCAAATCAAGCCCG-1_2",-0.40035841043337,0.0540272939511321
"CGTCCATCATGGCACC-1_2",-0.40741590868177,0.0521947996331563
"CGTCCATGTTCATCGA-1_2",-0.417800018929016,0.0815364463047269
"CGTGATAAGTTGCGAG-1_2",-0.326343761516142,0.0451837159310174
"CGTGATATCCATAGGT-1_2",-0.380117517531385,0.0495170796638959
"CGTGCTTGTAGACACG-1_2",-0.380373930870397,0.0504010625054955
"CGTGTCTAGTGATGGC-1_2",-0.320023533011087,0.0405275556487014
"CTAAGTGCAAGCGAGT-1_2",-0.407555805043909,0.0687379486165952
"CTAAGTGCATTGTAGC-1_2",-0.411022724297294,0.0428839771927848
"CTAAGTGGTGAGTAGC-1_2",-0.244695246614476,0.0330186991422779
"CTACAGAGTCCATACA-1_2",-0.432442153812632,0.0628354913119792
"CTACATTAGAAAGCGA-1_2",-0.412466580923105,0.0812105250870321
"CTACATTCAAGGTCAG-1_2",-0.407729281392908,0.0896399204596239
"CTACCCACACACCTAA-1_2",-0.427538819934496,0.0544163077713293
"CTACCCAGTACTTGTG-1_2",-0.418192725310759,0.102574580283569
"CTACCCATCTTGTGCC-1_2",-0.242508827243169,0.0243652007683813
"CTACCTGTCAGTGGGA-1_2",0.158959110265734,0.265279582356972
"CTACCTGTCCTAGCTC-1_2",-0.41911680706174,0.0452910777317947
"CTACGGGAGTGAACAT-1_2",-0.426673896482938,0.0723388791101026
"CTACTATCAACATACC-1_2",-0.430364390731374,0.0552769537984467
"CTAGACACACCCAATA-1_2",-0.427212115732346,0.0793108530974157
"CTAGACAGTTGGTAGG-1_2",-0.389345292756715,0.0914590240241268
"CTAGACATCAACTGGT-1_2",-0.358239516956333,0.0613581877782572
"CTATAGGAGTTACGTC-1_2",-0.361188429631087,0.0511522574753441
"CTATCCGAGGTCACTT-1_2",-0.248892727532656,0.0241398948297328
"CTATCCGCACTTCAAG-1_2",-0.429291520227493,0.105823710084436
"CTATCTACAGCTCATA-1_2",-0.343453871185609,0.0369011390319374
"CTCAAGACAATAGGAT-1_2",-0.419269809617338,0.0490281929753816
"CTCAATTAGAAACCAT-1_2",-0.436848764249195,0.070292909228368
"CTCAGAAAGGGTACAC-1_2",-0.415140248701658,0.0395352658981642
"CTCAGAATCTTCGATT-1_2",-0.42157287488338,0.0950253441865904
"CTCAGGGCATCGATCA-1_2",-0.425058215204365,0.0423597233399425
"CTCAGGGGTGACACAG-1_2",-0.410473525318783,0.102089709899135
"CTCATCGCAAATGAGT-1_2",-0.43385605535761,0.0782735615594504
"CTCATGCCACAACCGC-1_2",-0.398971839120617,0.0516637318570941
"CTCCATGAGAAGCTCG-1_2",-0.414455659076465,0.107286591870234
"CTCCATGAGAAGGCTC-1_2",-0.365397685474515,0.0772450711443049
"CTCCATGAGGCTGAAC-1_2",-0.430414892658719,0.103022073936043
"CTCCATGAGTAGACAT-1_2",-0.247598216955593,0.0274821715090541
"CTCCCAACACAAGTTC-1_2",-0.236508122496587,0.0189489976681366
"CTCCCAAGTACCTAAC-1_2",-0.391975163552774,0.0684754064562782
"CTCCCTCGTCGTTCAA-1_2",-0.417426847167024,0.0638717041157573
"CTCCCTCGTCTGATAC-1_2",-0.425132709104081,0.0602414655387022
"CTCCTCCAGCTCTGTA-1_2",-0.436166855909312,0.065309881294575
"CTCCTCCTCCAACACA-1_2",-0.401115714860946,0.0716117590752211
"CTCCTTTAGCTGGAGT-1_2",-0.253580166127989,0.00856854084802525
"CTCTCGACAGTCAGCC-1_2",-0.393544500104882,0.0876461087875922
"CTCTGGTGTACAACGG-1_2",-0.399259635110768,0.0666666054744257
"CTGAATGAGAAATCCA-1_2",-0.434301779285207,0.0752379051281032
"CTGAATGGTAGCGATG-1_2",-0.209074962091178,0.00804112944755172
"CTGAATGTCAGAATAG-1_2",-0.302854178644493,0.035639064151637
"CTGAGCGCATTCGATG-1_2",-0.408622340367367,0.0437385508920486
"CTGAGGCAGTGAGCCA-1_2",-0.419310725329459,0.04215973392411
"CTGATCCTCGGAACTT-1_2",-0.397138498661107,0.0630135803359337
"CTGCAGGAGTGATTCC-1_2",-0.414194085695578,0.0596023355433815
"CTGCAGGGTATCCTCC-1_2",-0.425889907661603,0.0921166837311548
"CTGCATCCAGTCGCTG-1_2",-0.40531132550869,0.0685607274139909
"CTGCATCTCAAGGACG-1_2",-0.433239405793704,0.0870337827757909
"CTGCCATAGTGCGTCC-1_2",-0.276115079489428,0.0348102139456838
"CTGCGAGGTAGCGTCC-1_2",-0.367196079533853,0.0692149609013704
"CTGGACGTCGCACTCT-1_2",-0.408357816308598,0.057156679238394
"CTGGCAGCATCGTTCC-1_2",-0.374108913481814,0.0733615837032229
"CTGGCAGGTATAGGGC-1_2",-0.414968742613179,0.0852178780510775
"CTGGCAGGTATTCTCT-1_2",-0.376193063241678,0.0517121820326613
"CTGGTCTAGACTACGG-1_2",-0.403391308798208,0.0755158754480307
"CTGTACCAGCGTACAG-1_2",-0.386028495231403,0.0517604409365989
"CTGTACCCAGCTCCTT-1_2",-0.250352513762641,0.0235392370260499
"CTGTATTGTAGCTTGT-1_2",-0.115128530470449,-0.00161830331828791
"CTGTATTGTAGGTAGC-1_2",-0.426646218921722,0.0967866215670534
"CTGTATTGTGAACCGA-1_2",-0.338224451425319,0.0405075956932384
"CTGTATTTCGTAGCCG-1_2",-0.423090719230836,0.0421399957374159
"CTGTATTTCTTCACAT-1_2",-0.423489419540517,0.0899161641991764
"CTGTCGTCAGAGGAAA-1_2",-0.429543911907131,0.0496213408995126
"CTGTGAACAAATGGAT-1_2",-0.435968810684803,0.0672952457615694
"CTGTGAACATGCCGAC-1_2",-0.427147844372559,0.0568084499597961
"CTGTGGGAGTAGTCAA-1_2",-0.42639072303229,0.0564077087457271
"CTGTGGGCAATACCCA-1_2",-0.424096960786982,0.066786791932772
"CTTACCGCAACACACT-1_2",0.0957575822056962,0.148856630502994
"CTTACCGCAGGTCCGT-1_2",-0.406279837088331,0.0986016883953382
"CTTAGGACAGAGACTG-1_2",-0.28769094088958,0.0318946167030013
"CTTAGGACAGTGTATC-1_2",-0.422002658401719,0.0974162845723696
"CTTCCGACATGCCGGT-1_2",-0.430285936227056,0.0900504382113236
"CTTCCTTTCACACGAT-1_2",0.123962005503282,-0.0603664194441921
"CTTCCTTTCGCGTGAC-1_2",-0.424701974668415,0.109107753038833
"CTTCGGTTCGGAATTC-1_2",-0.369997808465286,0.0655905400755341
"CTTCTCTTCCCGTTGT-1_2",-0.407743062222072,0.0641404476643682
"CTTCTCTTCTCGGTAA-1_2",-0.362658252545307,0.0469277807765952
"CTTGAGAAGCCGGATA-1_2",-0.379003071767915,0.0778107628643615
"CTTGATTAGTATTCCG-1_2",0.111521384371843,-0.132827390014458
"CTTTCAATCGCAGATT-1_2",-0.397062709488857,0.0421146765521419
"CTTTCGGAGGTACTGG-1_2",-0.387896866452884,0.0386863638052104
"CTTTCGGCAAGTCATC-1_2",-0.382387534027793,0.0781879767794558
"GAAACCTGTATGGTTC-1_2",-0.423014646096762,0.107623188222864
"GAAACCTTCGCCTATC-1_2",-0.42070625574286,0.0846242742004527
"GAAACCTTCTGGTTGA-1_2",-0.394293149039431,0.0466141241503304
"GAAATGAAGATAGCAT-1_2",-0.421506297143676,0.0808369323242807
"GAAATGAGTTTACGAC-1_2",-0.401290976714842,0.0918470818984413
"GAAATGATCATCCCGT-1_2",-0.321179701143813,0.0434282249046125
"GAACACTCACACCTTC-1_2",-0.388535532621979,0.0663792788613821
"GAACACTCACTAACGT-1_2",-0.401692461028497,0.0399651696371856
"GAACACTTCTCTCCGA-1_2",-0.422920658278958,0.0685958943367004
"GAACTGTAGGTGCTAG-1_2",-0.250601371350614,0.0263317152573543
"GAACTGTCACAGCATT-1_2",-0.330429925739933,0.0447720083549941
"GAACTGTGTGCCTTCT-1_2",-0.415868954628057,0.0613728326350308
"GAACTGTTCCGAGATT-1_2",-0.371608104205596,0.0587355907942626
"GAAGAATAGAATGTTG-1_2",-0.383737502451451,0.0534636173723261
"GAAGCCCTCTGTCGCT-1_2",-0.421616245959664,0.0473736753100004
"GAAGGACAGCTATCCA-1_2",-0.404713870049696,0.0496398895112999
"GAAGGGTGTCGTGGTC-1_2",-0.396699569343241,0.0404938767335803
"GAAGGGTGTTGGAGGT-1_2",-0.408234992507403,0.0653146818542915
"GAAGTAAAGTATGACA-1_2",-0.197288730086521,4.37742799836627e-06
"GAAGTAACAGAGAAAG-1_2",-0.357281438912072,0.0567884362462279
"GAAGTAATCTCCCTAG-1_2",-0.404122210690999,0.068168434595594
"GAATCACAGGCCGCTT-1_2",-0.427487910305619,0.0428032300654933
"GAATCACTCATCTACT-1_2",-0.382997308169131,0.0446823303094368
"GAATCACTCCTAACAG-1_2",-0.323904068141465,0.0487873857646463
"GACACGCGTCCTTGTC-1_2",-0.423757262295946,0.0622988017981205
"GACACGCGTTGACTGT-1_2",-0.370435177228633,0.0483126309631141
"GACATCAAGGCCTGAA-1_2",-0.430215639220972,0.0652656297285945
"GACCAATAGCGAATGC-1_2",-0.359182615276717,0.0489075595882976
"GACCAATGTCTTTCTA-1_2",-0.432647970992296,0.0783821941720839
"GACCAATGTGTGAGCA-1_2",-0.40765957819902,0.0622899423000605
"GACCCAGCAACTTGGT-1_2",-0.417048714275317,0.0460723246717702
"GACCCAGCAGTATACC-1_2",-0.247368771308787,0.0251085195825235
"GACCCTTCAAGCGAGT-1_2",-0.426745405041569,0.0750451005677554
"GACCGTGTCATTGCTT-1_2",-0.396262559618392,0.0683739675901069
"GACCTTCCAAATACGA-1_2",-0.423406893243339,0.0697673296194717
"GACCTTCTCATTTCCA-1_2",-0.418506824569772,0.106320840065793
"GACCTTCTCGCAACAT-1_2",-0.389295103109454,0.070336271504307
"GACCTTCTCTGCTGAA-1_2",-0.408713773916686,0.0827523942881685
"GACGCTGAGGCGAAGG-1_2",-0.204098680312931,0.0209020467859856
"GACGCTGGTCGTTCAA-1_2",-0.388437300647796,0.0591900626592291
"GACGTTAGTTAAGCAA-1_2",-0.430296240722456,0.0707765249744792
"GACGTTATCGTTCAGA-1_2",-0.376096549806413,0.0827313928840943
"GACTATGAGCCGGAAT-1_2",-0.402889162664951,0.0664857267782158
"GACTATGCATGCGGTC-1_2",-0.385534944297185,0.0785637007811745
"GACTCAAAGTATTAGG-1_2",-0.413815031571654,0.0990362544445667
"GACTCAACAGACACAG-1_2",-0.422403805872467,0.0699353431255096
"GACTCTCCAGACCTAT-1_2",-0.427260195346529,0.0829359196976773
"GACTGATGTACTTGTG-1_2",-0.0772301949174994,-0.0628015215970983
"GACTGATTCCTTCGAC-1_2",-0.0995696181817467,-0.0505232769422493
"GACTTCCGTATTCCGA-1_2",-0.368158850812445,0.0480309804627067
"GACTTCCTCGACACCG-1_2",-0.358368727678538,0.0749403717442912
"GACTTCCTCGTAGCCG-1_2",-0.302659988069917,0.0485423332223668
"GAGAAATTCTGAGGTT-1_2",-0.256136613423874,0.0344377642268802
"GAGACCCCATAATCGC-1_2",-0.340683063714915,0.036068780926732
"GAGACTTGTGCGGATA-1_2",-0.43526341368945,0.0703255434314242
"GAGACTTTCAGCTGAT-1_2",-0.423350275970409,0.0593537464859446
"GAGAGGTAGGATATGT-1_2",-0.400666145636167,0.0478500143069775
"GAGAGGTGTTATGTCG-1_2",-0.430321276106925,0.0804724814956467
"GAGATGGTCCACTGAA-1_2",-0.428511582654517,0.103292744403506
"GAGCCTGTCGCTTGCT-1_2",-0.435547752886579,0.0683283133213606
"GAGCCTGTCTGTACAG-1_2",-0.377462216565783,0.0647310795247136
"GAGCTGCAGTGCACCC-1_2",-0.406887119100746,0.0875670539920829
"GAGCTGCTCAGTGGGA-1_2",-0.415204954836321,0.0625372111209019
"GAGGCAACACCTTCCA-1_2",-0.420678333570004,0.0523498195796632
"GAGGCAATCATTGCTT-1_2",-0.411712718958556,0.0496453304141707
"GAGGCCTTCAGCGCGT-1_2",-0.412003133100741,0.0434159156301028
"GAGGGATAGCAGTAAT-1_2",-0.408702728198476,0.0997070235020158
"GAGGGATTCATTACTC-1_2",-0.100103080754787,-0.0719479233315307
"GAGTCATAGTGTGTTC-1_2",-0.421048093996029,0.0504939941301163
"GAGTCATGTGCTATTG-1_2",-0.381392150862386,0.0516987345878776
"GAGTCTAGTTAGCTAC-1_2",-0.349601826644405,0.0365339717937535
"GAGTCTATCGATACGT-1_2",-0.0235952092269205,0.101614593160667
"GAGTGAGAGACCTTTG-1_2",-0.429596977874689,0.072725593488984
"GAGTGAGAGGTCCAGA-1_2",-0.414896928677568,0.0865656331037518
"GAGTGAGGTAAGATAC-1_2",-0.414655575139735,0.0843992360397092
"GAGTGAGGTCACCGCA-1_2",-0.399934986928135,0.0427943865718429
"GAGTGTTAGCAACTCT-1_2",-0.336276847231617,0.0451772643323999
"GAGTGTTAGGCGAAGG-1_2",-0.388935093696402,0.0554258794391504
"GAGTGTTAGTGCTCAT-1_2",-0.400417364283086,0.0660730742686765
"GAGTGTTTCTGGGCAC-1_2",-0.208257723933052,-0.00838959273551138
"GAGTTACGTGACTGTT-1_2",-0.397452048019611,0.0392319946088676
"GAGTTGTAGGGCAGTT-1_2",-0.385684666923826,0.0867794915210354
"GAGTTGTAGTCCCAAT-1_2",-0.406600286234788,0.0638836499419864
"GAGTTGTTCTGCTCTG-1_2",-0.387415364451888,0.0715892726144401
"GAGTTTGCACCGTGAC-1_2",-0.420033920865591,0.054274289276121
"GAGTTTGCATCCTAAG-1_2",-0.126175580917509,-0.044593372608746
"GAGTTTGTCCGTGCGA-1_2",-0.429569652968096,0.0602562426802158
"GATAGAATCTTGGGCG-1_2",-0.43075903023589,0.0546962756306481
"GATCACAGTGCCTGCA-1_2",-0.429142416630598,0.0450438069531373
"GATCACATCATGCAGT-1_2",-0.393814166357715,0.0523357689842289
"GATCAGTAGTTCAACC-1_2",-0.322429135354164,0.0584979447453991
"GATCAGTGTCATTGCA-1_2",-0.393953315111731,0.064944263468086
"GATCATGGTATAGCTC-1_2",-0.412988781414126,0.091030019604018
"GATCCCTGTTTGCCGG-1_2",-0.393121307623888,0.0731748939649569
"GATCGTACACATATGC-1_2",-0.424490975184037,0.0985615994276737
"GATGACTTCTCTGCCA-1_2",-0.425050487262553,0.109805638907683
"GATGAGGAGATTAGAC-1_2",-0.392482370446403,0.0421117314332021
"GATGAGGGTATGGAAT-1_2",-0.354493879446789,0.0365171665226085
"GATGATCAGACTAGAT-1_2",-0.380083801032357,0.0586996351794602
"GATGATCCACAGAGCA-1_2",-0.416476326308332,0.0900543964766592
"GATGATCTCCGTCAAA-1_2",-0.430179738258936,0.0467685503406457
"GATTCGAAGGCCTAGA-1_2",-0.397145925788886,0.0804940829607244
"GATTCGATCCGACGGT-1_2",-0.405105811542722,0.0416748386294668
"GATTCTTCACTTCATT-1_2",-0.408304408872062,0.0665929358775953
"GATTCTTTCAAGTCTG-1_2",-0.419457486074972,0.0930586556050407
"GATTGGTCACTTACAG-1_2",-0.421646516197392,0.0762557865732635
"GATTGGTTCATATGGC-1_2",-0.420466653318631,0.0761231902283828
"GATTGGTTCGCGATCG-1_2",-0.391242621668015,0.0640731142254557
"GATTTCTAGCAGGCTA-1_2",-0.406661553180864,0.0573895723929609
"GATTTCTAGCCTTCTC-1_2",-0.41859194692862,0.0752145670154413
"GATTTCTAGGAAGTAG-1_2",-0.401015099132603,0.0389262891399899
"GCAACATTCCTCTAAT-1_2",-0.389537348568331,0.0764731618402078
"GCAACATTCTGACGCG-1_2",-0.419427978361105,0.100050897087791
"GCACATACATGTCAGT-1_2",-0.42626205612387,0.073009783351687
"GCACATAGTTTGTTGG-1_2",-0.233980108012805,0.0168825435439218
"GCACATATCCGTATGA-1_2",-0.380250919058418,0.0553964729289109
"GCACGGTAGCGAGTAC-1_2",-0.41788233012868,0.1002651586484
"GCACGGTAGGATACCG-1_2",0.109404780106846,0.17089412148546
"GCACGGTGTAGAGCTG-1_2",-0.426540224399387,0.0489113267775108
"GCACGGTGTTCACGAT-1_2",0.101086460514221,0.149943759283035
"GCACGGTGTTGCGGAA-1_2",-0.242009751196167,0.0292693330321795
"GCACGTGGTACACGTT-1_2",-0.280756525116661,0.0319288384737761
"GCACTAAAGCGTACAG-1_2",-0.400808592496551,0.0828402444613523
"GCACTAAGTCCCTCAT-1_2",-0.421056865468794,0.0591533710215586
"GCACTAATCCGAAGGA-1_2",-0.345632387214923,0.0295559970410426
"GCAGCCATCCTCTAAT-1_2",-0.397974118246356,0.0917205541743569
"GCAGCTGAGAACTGAT-1_2",-0.106566130656329,-0.0617803349573763
"GCAGCTGAGTGGTTCT-1_2",-0.391677027776807,0.0888460069418875
"GCAGCTGCAAGACTGG-1_2",-0.352102328998509,0.0504382495446289
"GCAGCTGGTCACCGCA-1_2",-0.425884409300307,0.107643898397057
"GCAGCTGGTCCATCTC-1_2",-0.405405665245908,0.0734404376013128
"GCAGCTGGTCCCGGTA-1_2",-0.427590601902847,0.0919361189119823
"GCAGGCTGTTAAACAG-1_2",-0.338802932173772,0.0609299945989924
"GCAGGCTGTTAGGGAC-1_2",-0.381131380622297,0.076922612760752
"GCAGGCTTCAATGTCG-1_2",-0.40605878189792,0.0455519435308005
"GCATCTCAGAAACTAC-1_2",-0.434182441010964,0.0731148813706878
"GCATCTCTCGGACTTA-1_2",-0.408468287531382,0.0430939430531732
"GCATGATAGCACGATG-1_2",-0.423351608182341,0.0480473010188631
"GCATGATGTCCCAAAT-1_2",-0.406447133859669,0.047596588268415
"GCATTAGAGATAGTGT-1_2",-0.265763405895553,0.0182318897771001
"GCATTAGCACTCCCTA-1_2",-0.365190446001795,0.0461130681422321
"GCATTAGCATGCGTGC-1_2",-0.384076415368139,0.0782635062915858
"GCCAACGAGCTCGAAG-1_2",-0.418584373124427,0.0469618506182721
"GCCAACGGTACTGCCG-1_2",-0.394897458899072,0.052493584721837
"GCCAGCAAGCGTCGAA-1_2",-0.0411198194137474,-0.0499161705131585
"GCCAGGTTCCCAACTC-1_2",-0.414778879057882,0.105429179618751
"GCCAGTGAGACTGGGT-1_2",-0.403407408775891,0.0603027727368016
"GCCAGTGGTCACTACA-1_2",-0.435067782287672,0.0816502043445556
"GCCATGGCACATATGC-1_2",-0.334120777819124,0.0329508803783778
"GCCATTCAGCACTTTG-1_2",-0.42785850653667,0.0974376131286851
"GCCATTCGTTACCTGA-1_2",-0.386505434597604,0.0738651437715342
"GCCCAGAAGAGAGCCT-1_2",-0.334159982254787,0.0361173512205993
"GCCCAGACAACGTAAA-1_2",-0.374190446493865,0.0558738487169639
"GCCCGAATCTGATGGT-1_2",-0.417378495211939,0.0806668783919675
"GCCGATGGTGTCCACG-1_2",-0.420129333692857,0.092734014139767
"GCCGATGTCCCGAGAC-1_2",-0.409965794307087,0.0825685139788371
"GCCGTGAGTACAAACA-1_2",-0.406191969607845,0.0636635767019117
"GCCTGTTGTACCTATG-1_2",-0.371719104513363,0.0432335661762386
"GCGAGAACACCGTGGT-1_2",-0.418448533938506,0.0683456673211519
"GCGAGAAGTAAGAACT-1_2",-0.369685531245385,0.0583225682780985
"GCGGAAAGTGGACTGA-1_2",-0.423504211090251,0.0936789026980017
"GCGGAAAGTGTTTGCA-1_2",-0.408268323989944,0.0581079846854184
"GCGGATCAGAGATTCA-1_2",-0.422502075364321,0.0576634853626957
"GCGGATCAGGTAGGCT-1_2",-0.402855625637326,0.0918829915018739
"GCGGATCCAATGAGCG-1_2",-0.429767972233979,0.0851049910249755
"GCGTGCATCAACTGAC-1_2",-0.38087169213712,0.0495808181878164
"GCTACAAGTCTCACGG-1_2",-0.41143570106618,0.0596624187856305
"GCTACAATCAAACCCA-1_2",-0.104500260510894,0.00601277080498689
"GCTACCTAGCGGTATG-1_2",-0.419544609017865,0.0636205494606747
"GCTACCTAGGCTGGAT-1_2",-0.426081687044229,0.0516162303659358
"GCTACCTCAGTCTTCC-1_2",-0.390046864888748,0.0528757903004212
"GCTCAAACAGGTCCGT-1_2",-0.424903582638797,0.0467705224332615
"GCTCAAAGTGTGAGCA-1_2",-0.395343650628326,0.0883305955171438
"GCTCAAATCCCGAGAC-1_2",-0.416697314780077,0.0858786782199681
"GCTGAATGTCGCTGCA-1_2",-0.433212147595605,0.0839389358382355
"GCTGCAGCAATTGCTG-1_2",-0.400072569861122,0.0522914774668276
"GCTGCAGTCTATGTGG-1_2",-0.387717617899368,0.0447293422053859
"GCTGGGTAGCCTGAAG-1_2",-0.431741375856907,0.0900004875571359
"GCTTCACTCGACCAAT-1_2",-0.422904670507872,0.0433429958411903
"GCTTTCGCAGCGGTCT-1_2",-0.433819524894279,0.0579785441830635
"GGAACCCAGACTCCGC-1_2",-0.42162309417375,0.065000173234928
"GGAACCCGTTGATCGT-1_2",-0.423546661006339,0.046813086007008
"GGAATCTCACATGAAA-1_2",-0.38535860068444,0.0537099705812739
"GGAATGGTCCACTTTA-1_2",-0.422082203149716,0.0557197794636648
"GGACGTCTCGAGTACT-1_2",-0.187710120271223,0.0144871493459264
"GGACGTCTCGGAAACG-1_2",-0.390497088581606,0.0748743215633075
"GGACGTCTCTTCGCTG-1_2",-0.377020950541775,0.072041653188894
"GGAGCAACAAGGTTGG-1_2",-0.400153227015315,0.0600888394731956
"GGAGGATAGTGCGTCC-1_2",-0.393208447666714,0.0667865107538178
"GGAGGATCACAGAGAC-1_2",-0.307943279135129,0.0376621579788642
"GGAGGATGTAGACGGT-1_2",-0.407242682067198,0.0452199799501668
"GGAGGATTCATTGCTT-1_2",-0.425510360675552,0.100608685140244
"GGAGGTAAGCGATGCA-1_2",-0.365191208819442,0.078681313792855
"GGAGGTACAAATAGCA-1_2",-0.417670819799077,0.103457379935099
"GGAGGTACAGAACCGA-1_2",-0.336353397154421,0.0639741406277281
"GGATCTAAGACTCATC-1_2",-0.401497945116754,0.0415012246857968
"GGATCTATCTTTGCAT-1_2",-0.368702032428491,0.043471662793523
"GGATGTTCAGCTATAC-1_2",-0.418779725843601,0.0874907111353099
"GGATGTTCAGTTGCGC-1_2",-0.31933507032208,0.0409981913034838
"GGCAGTCAGATGACCG-1_2",-0.361261457969953,0.0739740255447463
"GGCGTCAGTGGCTTGC-1_2",-0.250868538204213,0.0284496016380043
"GGCGTCATCGGAATTC-1_2",-0.402060733666791,0.0451438741732336
"GGCGTCATCGTCAACA-1_2",-0.430885052316483,0.055112580538678
"GGCTGTGCACCGGAAA-1_2",-0.386531011838569,0.0557896920570442
"GGCTTGGAGTTACGAA-1_2",-0.086309469717205,-0.0403215141654464
"GGCTTGGCAGCTTCCT-1_2",-0.411889356611147,0.050257344892938
"GGGAAGTCACCTCTAC-1_2",-0.413731537236203,0.0939547454004695
"GGGAAGTCATCAACCA-1_2",-0.376265234541207,0.0446290181949641
"GGGACCTAGAGCTTTC-1_2",-0.398335357522752,0.0708437668279286
"GGGACTCTCCCGATCT-1_2",-0.251888997093181,0.0322331325199899
"GGGAGATCACGCTGAC-1_2",-0.397172014751983,0.0563530393347524
"GGGAGATCAGAGGTAC-1_2",-0.432834175076311,0.0648691197176752
"GGGAGATGTGGAACAC-1_2",-0.146872607989236,-0.0192652388751747
"GGGAGATTCAGCGCAC-1_2",-0.422064202921501,0.0606651217948269
"GGGAGTACATTACGGT-1_2",-0.3506483932899,0.0711959452304314
"GGGAGTATCCTGTTAT-1_2",-0.216928620310674,0.0269394199041702
"GGGATCCAGCAGCACA-1_2",-0.432166492532616,0.0530080397284203
"GGGATCCAGCGATGAC-1_2",-0.4290304493665,0.10174898954401
"GGGATCCCAATGCAAA-1_2",-0.420089724041367,0.0618616324168881
"GGGATCCGTCGTCAGC-1_2",-0.410480067066118,0.0866286494786883
"GGGATGAAGCGTCGAA-1_2",-0.254327649868447,0.0304982712204423
"GGGATGAAGTACAGCG-1_2",-0.39831578850926,0.0481474401262948
"GGGATGACATCTCGTC-1_2",-0.38657208308807,0.0385855489181355
"GGGATGATCGTGGACC-1_2",-0.391010758134186,0.0558811428393188
"GGGATGATCTAGCATG-1_2",-0.403613051346374,0.0723042659161319
"GGGCTACAGAACCGCA-1_2",-0.40602191667994,0.0589952303978678
"GGGCTCAAGTAGGATT-1_2",-0.229866478162297,0.000184595982219642
"GGGCTCAGTGCATCTA-1_2",-0.437925428460266,0.0582719271412087
"GGGTATTAGGTATCTC-1_2",-0.384152355262741,0.0404858241933571
"GGGTATTCAGTCAACT-1_2",-0.406547525642899,0.100453381293865
"GGGTATTGTGTCTTCC-1_2",-0.380288298031997,0.0516083720871821
"GGGTATTTCCATTTGT-1_2",-0.391203242163741,0.0479133280831268
"GGGTCACAGCTCTATG-1_2",-0.406477257516611,0.102815943995417
"GGGTCTGTCAGGACGA-1_2",-0.42509449670932,0.0784691172431364
"GGGTCTGTCGGACGTC-1_2",-0.104723823038557,-0.0557333527404416
"GGGTGAAAGTTGAATG-1_2",-0.418031381354659,0.049385440649648
"GGGTGAAGTGTTAAAG-1_2",-0.423608888834447,0.0580954090769522
"GGGTGAATCAGCGCAC-1_2",-0.398760960214654,0.0774156989044215
"GGGTTATAGACTCTTG-1_2",-0.386795274224995,0.0448529726733421
"GGGTTATAGGTCTTTG-1_2",-0.424076245775766,0.0682294283693587
"GGGTTTACACAACCGC-1_2",-0.351432343527731,0.0511406024941016
"GGTAACTCAAGCGAAC-1_2",-0.388965431228793,0.0471266737254288
"GGTAATCAGGCACAAC-1_2",-0.412847258665796,0.0959151925121284
"GGTAATCCATGCAGCC-1_2",-0.352118208412277,0.0466889524300705
"GGTAGAGTCTGGCCTT-1_2",-0.425606115246826,0.0491948338203034
"GGTCACGAGGCCTTGC-1_2",-0.435255627087768,0.0537674895281471
"GGTCACGCAGAGAATT-1_2",-0.427586840495025,0.0631753378652408
"GGTCACGCATCGGAAG-1_2",-0.373431219552061,0.0460261925982129
"GGTCACGTCACTTGTT-1_2",-0.3011279661086,0.0362471452701284
"GGTCTGGCACTCCACT-1_2",-0.425189180770445,0.10555386511843
"GGTGAAGGTCATCCCT-1_2",-0.40243868335107,0.0826683041575842
"GGTGAAGTCTACCAGA-1_2",-0.241391488334642,0.0247416191986612
"GGTGATTCAGCCGTCA-1_2",-0.407965655696433,0.0981749733027772
"GGTGATTGTCTGTCCT-1_2",-0.422033773546458,0.0867597184675498
"GGTGTCGAGGTAAGGA-1_2",0.01042897239191,0.0921969409657325
"GGTGTTAAGGTTAGTA-1_2",-0.421106379986736,0.0571366757775447
"GGTGTTATCGCCGAAC-1_2",-0.428498679615984,0.0686725105024797
"GGTTAACAGCGTGTCC-1_2",-0.0938813700672316,-0.0560860924647873
"GGTTCTCCAGCTCTGG-1_2",-0.420589961950644,0.0528599482763984
"GGTTGTATCCAACACA-1_2",-0.424388359658896,0.0448479659263998
"GGTTGTATCTCTATGT-1_2",-0.41453793492608,0.0684247877439887
"GTAACACTCCTACCAC-1_2",-0.417078349959977,0.0663426524679079
"GTAACCAGTCAGGAGT-1_2",-0.413124664095794,0.0614022580055455
"GTAAGTCAGAACTGAT-1_2",-0.408180545923479,0.0952296658181116
"GTAAGTCGTGGATCAG-1_2",-0.421685009730841,0.0917995134711929
"GTAAGTCTCCGTAATG-1_2",-0.422858323742883,0.0913002817038252
"GTAATCGGTCGAGCTC-1_2",-0.215162422275309,0.0181340598563598
"GTAATCGTCGCCTTTG-1_2",-0.431927878435612,0.0642357616147889
"GTAATGCCAGGCCTGT-1_2",-0.313886530068459,0.0516312976094426
"GTAATGCTCCACCTGT-1_2",-0.375688039495077,0.0416854409475522
"GTACAGTGTACTCCGG-1_2",-0.304313075053509,0.0491684856121348
"GTACAGTTCATATGGC-1_2",-0.407358597663351,0.0669389298046257
"GTACAGTTCTCTGACC-1_2",-0.219058577465594,0.00806513942265485
"GTAGAAATCGGTCGAC-1_2",-0.403026523887295,0.0627811574464614
"GTAGAGGAGGCCCACT-1_2",-0.419315390824084,0.0669502776353379
"GTAGAGGCAACACAGG-1_2",-0.423726993259341,0.074656465696497
"GTAGGAGCAGCTACAT-1_2",-0.373687802909039,0.0515454381222658
"GTAGGAGGTCGCATGC-1_2",-0.409733515319855,0.0556905101297338
"GTAGGTTGTTCCAGGC-1_2",-0.399514004200757,0.0973376466394409
"GTATTGGCAGAGGACT-1_2",-0.422008512551334,0.0619548221215368
"GTATTTCCAAAGGAGA-1_2",-0.437768182290841,0.0659627322460685
"GTCAAACAGCTCATAC-1_2",-0.394943855256699,0.0857098636019391
"GTCAAACCAACCGCCA-1_2",-0.422211656653949,0.0467810017782766
"GTCAAACCACTCTAGA-1_2",-0.411819817540293,0.0523340930619984
"GTCACGGAGCTGTGCC-1_2",-0.434529229530092,0.0640841603709293
"GTCACGGAGGCAGGGA-1_2",-0.401670821575955,0.0719716843411975
"GTCACGGAGGTACAGC-1_2",-0.413017734669505,0.0410077407287165
"GTCACGGAGTTTCTTC-1_2",-0.398227783701368,0.0955564821376111
"GTCACGGCAATGCAGG-1_2",-0.257205062108551,0.0346876804943731
"GTCACGGGTACACGCC-1_2",-0.428870841412695,0.0552754251419165
"GTCACGGGTAGCTTGT-1_2",-0.417097357299393,0.0913636414690293
"GTCACGGGTTATTCTC-1_2",-0.427504569877743,0.0522074756770775
"GTCACGGTCCGTGTGG-1_2",-0.416790464098472,0.0474177082493892
"GTCACTCGTTGCGAAG-1_2",-0.434629738672508,0.0532164338720271
"GTCAGCGCAACCCTAA-1_2",-0.173933814962971,-0.00554988829122747
"GTCAGCGCAGCTCCTT-1_2",-0.245989384943266,0.0313433751707541
"GTCAGCGGTCTGTCCT-1_2",-0.394350883151372,0.0366911928695603
"GTCAGCGTCTTGCAAG-1_2",-0.401460604520663,0.0599316699073861
"GTCATCCGTTTGGAGG-1_2",-0.426856013592291,0.0975987631197436
"GTCATCCTCATCTATC-1_2",-0.368411167799964,0.0665044846523618
"GTCATGAGTTTCGCTC-1_2",-0.427681068101616,0.0459298801936847
"GTCATTTCACGGCTAC-1_2",-0.390222454484811,0.0695720983989975
"GTCATTTGTCTGTTAG-1_2",-0.278634206413104,0.0347253177600427
"GTCCACTTCTAGACCA-1_2",-0.334264592851323,0.0610368983349303
"GTCCCATCAATTCACG-1_2",-0.416019816573169,0.104493707854542
"GTCCCATCACCTTCGT-1_2",-0.396476665483577,0.0785671182014465
"GTCCCATTCCATTCAT-1_2",-0.404270887599272,0.0473211459775422
"GTCCTCAAGAAGTATC-1_2",-0.303768019103578,0.0503191028729131
"GTCGAATCAGCGTTTA-1_2",-0.422358367696997,0.0766613505974001
"GTCGAATGTTGAATCC-1_2",-0.367247865689166,0.0786593650212002
"GTCGCGAAGCCTTTGA-1_2",-0.429874502295533,0.0540788652760046
"GTCGCGATCAAACCTG-1_2",-0.388584630048844,0.0913205448360922
"GTCGTAAAGCCAACCC-1_2",-0.410185488858962,0.0583010384016543
"GTCGTTCGTGCCTACG-1_2",-0.398837156495826,0.0405789933542228
"GTCTACCGTTGTTGAC-1_2",-0.391809449814656,0.0499589792923994
"GTCTAGACATGACTTG-1_2",-0.418638905384593,0.0696826026059255
"GTCTAGAGTGAGACCA-1_2",-0.43565178994546,0.0519658221132691
"GTCTAGATCCCATACC-1_2",-0.364076609554709,0.0474082387190769
"GTCTCACAGAGCATCG-1_2",-0.381066654390257,0.0739341187201851
"GTCTTTACAGTTGGTT-1_2",-0.365616476935804,0.0590308786106061
"GTGAGCCCATAGCACT-1_2",-0.335350276387961,0.0521831957786162
"GTGAGCCGTGTAGGAC-1_2",-0.364530869966265,0.0454470680350136
"GTGAGGAAGAGGTTTA-1_2",-0.41209999561903,0.0969339035243982
"GTGAGGACAGTCAGTT-1_2",-0.387404290245929,0.0830500903689314
"GTGAGTTAGTATGGAT-1_2",-0.418563647388745,0.0778574770978893
"GTGAGTTCAACCGTGC-1_2",-0.390194049160049,0.04409264151063
"GTGATGTCACCTCTAC-1_2",-0.425901829498854,0.0877683638893409
"GTGATGTCACGACTAT-1_2",-0.238718437609185,0.00183218871713805
"GTGATGTGTGTTTGCA-1_2",-0.39675496764779,0.0416343543648281
"GTGCACGAGCTAGAGC-1_2",-0.408487200907746,0.0857418069944101
"GTGCACGCAGAGTCTT-1_2",-0.417817227319733,0.0763666225375709
"GTGCACGCATAGTCAC-1_2",-0.421773997389279,0.0968496067993743
"GTGCAGCAGTCAATCC-1_2",-0.42451955279008,0.0873717970746501
"GTGCAGCCACACCTTC-1_2",-0.401119497233934,0.0946045677478173
"GTGCAGCGTAGCTTTG-1_2",-0.424995128636557,0.0701075901849356
"GTGCAGCTCACGGTCG-1_2",-0.396359245462317,0.0454661814209886
"GTGCAGCTCGGACAAG-1_2",-0.396024919030946,0.045047764281267
"GTGCTGGCAAGGCGTA-1_2",-0.393180256397052,0.0857606749179835
"GTGCTTCAGTGACACG-1_2",-0.424330772899749,0.0976224835653412
"GTGGAAGCATGGGATG-1_2",-0.37444512372457,0.0779705235458826
"GTGGAGATCTGGGTCG-1_2",-0.408009707072274,0.0450933251230511
"GTGGCGTTCCACGAAT-1_2",-0.417307484632786,0.0469040164191773
"GTGGCGTTCGAACGCC-1_2",-0.2874542057433,0.0395974071578741
"GTGGGAACATGCAGCC-1_2",-0.408714484604085,0.0419061396780317
"GTGGGAATCAACCGAT-1_2",-0.156968101836197,-0.0346526590538091
"GTGGTTAGTATGAGCG-1_2",-0.40891415632289,0.0446542038674436
"GTGTAACTCCGTATAG-1_2",-0.42513638002725,0.0625144761036655
"GTGTCCTCATGGGTTT-1_2",-0.426037212686839,0.100259586615357
"GTGTCCTGTATGCTTG-1_2",-0.4200232708678,0.0649003610546957
"GTGTGATAGGGTGAGG-1_2",-0.272785368477548,0.0386389895457543
"GTGTGATCATTAAGCC-1_2",-0.421961099810417,0.0695574269300451
"GTGTGATGTCTCACGG-1_2",-0.418429443619032,0.0929010374362798
"GTGTGATTCGTTCGCT-1_2",-0.383500722952704,0.0719265789687624
"GTGTGGCAGGCAGCTA-1_2",-0.423960415810954,0.0645591540777231
"GTGTGGCAGTCGGGAT-1_2",-0.434467901998647,0.0550421571416401
"GTGTGGCCAGTCAGAG-1_2",-0.354495720662006,0.040311429727852
"GTGTGGCGTGGTCCGT-1_2",-0.373338204256843,0.0732215402115316
"GTGTTAGCAAGTTCCA-1_2",-0.422847045559537,0.0714119008718382
"GTGTTCCTCCCTCTCC-1_2",-0.405300162355539,0.0998622373217659
"GTGTTCCTCTGAGATC-1_2",-0.408277184491251,0.0930310784104694
"GTTACAGAGCGCGTTC-1_2",-0.338299800559289,0.0377948040907801
"GTTACAGCAAGACCGA-1_2",-0.180776987009321,-0.00314048534575102
"GTTACCCAGGCTGAAC-1_2",-0.248986441040379,0.0308262630970213
"GTTACCCTCCATTGTT-1_2",-0.427136363036779,0.096316013512562
"GTTACCCTCGGCATTA-1_2",-0.411451319202476,0.0874873277230446
"GTTACGACATTAGGAA-1_2",-0.390253718411227,0.057949953373804
"GTTACGATCTTCCTAA-1_2",-0.314972031201091,0.0388543784606387
"GTTAGACGTCGATTCA-1_2",-0.421026559308917,0.0816989798511503
"GTTATGGGTAGCACAG-1_2",-0.325082116903777,0.0396068103316464
"GTTCCGTCACAGACGA-1_2",-0.394415809552275,0.0440323684979914
"GTTGCTCGTACCCGCA-1_2",-0.416494851995888,0.0556377841208169
"GTTGCTCGTTCCTAAG-1_2",-0.254083699218389,0.034338670261725
"GTTGTAGAGGTTTACC-1_2",-0.431001167266541,0.047808672264129
"GTTGTAGGTAGCGATG-1_2",-0.331088085199322,0.059373915984918
"GTTGTAGGTGCTAGCC-1_2",-0.360039943511312,0.0735953173662872
"GTTGTAGGTTGGACCC-1_2",-0.404675449787705,0.042916348389126
"GTTGTGAGTTGTGCAT-1_2",-0.397698748460195,0.0497959674535518
"GTTTACTCAGACGGAT-1_2",-0.407290516258715,0.0411508240979418
"GTTTGGACAAGAGTGC-1_2",-0.425742588991355,0.0669570335728066
"TAACACGTCTGGGCAC-1_2",-0.414218554719089,0.0981205666559797
"TAACCAGCATCCGTTC-1_2",-0.230275134324232,0.025388891341617
"TAACGACAGGGCTGAT-1_2",-0.41790093884232,0.062282873427758
"TAACGACGTTATAGCC-1_2",-0.423684416591528,0.045152996059722
"TAACTTCAGGGTGAGG-1_2",-0.403545292206144,0.0484725820779589
"TAAGCACAGAAGTCCG-1_2",-0.206265894572494,0.010169617107625
"TAAGCACAGTCGAAAT-1_2",-0.421188201776818,0.0510209827270999
"TAAGCACCAACTAGAA-1_2",-0.42799151833698,0.060889633728621
"TAAGCCAGTTTGGGTT-1_2",-0.415209900992332,0.0636723190767017
"TAAGCGTGTCCTGAAT-1_2",-0.398813803538096,0.0582136093198518
"TAAGTCGAGCAGAAAG-1_2",-0.387123722575586,0.0727897950816157
"TAATCTCAGTAACCGG-1_2",-0.399516464695938,0.0720044842613876
"TAATTCCAGAGAGCGG-1_2",-0.428294844015268,0.0894102023296744
"TAATTCCAGGCTGGAT-1_2",-0.363207697223843,0.0440091662792001
"TACAACGAGGTTCTTG-1_2",-0.328128459564566,0.058218153359173
"TACAACGGTACAAACA-1_2",-0.415720137593566,0.0591221155339548
"TACAACGGTCCCTGTT-1_2",-0.418642106719899,0.076699106902416
"TACAGGTAGTGGTTGG-1_2",-0.422858813302012,0.0675613444670647
"TACAGGTCACTTTAGG-1_2",-0.406235313759338,0.0511890214039042
"TACAGGTTCTCTATGT-1_2",-0.360301443780453,0.0519319327877556
"TACATTCCAGTGTACT-1_2",-0.427678288852689,0.0718559705994467
"TACCCACCACAAATGA-1_2",-0.421363219771661,0.0971920584514395
"TACCCGTAGTCAGCCC-1_2",-0.422269909872369,0.0435049253051857
"TACCCGTCACAATGTC-1_2",-0.268261279258967,0.0354020988441619
"TACCGAATCTTGTTAC-1_2",-0.403602453262514,0.0533911309741712
"TACCGGGAGTGGACTG-1_2",-0.421509807503781,0.0682880100945426
"TACCGGGGTGTTGAGG-1_2",-0.413395069328395,0.0473423015996965
"TACCGGGTCCGATGTA-1_2",-0.42234990806847,0.107829815211024
"TACCGGGTCGATCCAA-1_2",-0.402795521800795,0.0447579726156332
"TACCTCGGTGAGGCAT-1_2",-0.316678459955623,0.053018188599349
"TACCTGCAGGCGTCCT-1_2",-0.376965556782266,0.0594420170254919
"TACCTGCAGTGCTACT-1_2",-0.382943418524867,0.0890855159305492
"TACCTGCGTCTTGTCC-1_2",-0.388791371702301,0.0832851584355111
"TACCTGCTCGAACTCA-1_2",-0.402526831752737,0.0992026989484155
"TACGCTCGTCTTTCTA-1_2",-0.321145019231444,0.0282266195173088
"TACGTCCAGAGAATCT-1_2",-0.409922911402064,0.0619045539094274
"TACTGCCAGAGCATAT-1_2",-0.425445661820304,0.104170063259869
"TACTGCCGTGTCTAAC-1_2",-0.415542469950828,0.0953836484914798
"TACTTACCATGTCTAG-1_2",-0.432489960559083,0.0706364779087315
"TACTTCAAGTCATCGT-1_2",-0.399563046481765,0.0485925806540804
"TAGACCAAGTCATCCA-1_2",-0.374920117824096,0.0586054030654758
"TAGACTGCAACGGGTA-1_2",-0.414467198456132,0.0750541152801372
"TAGAGTCAGAGGTCGT-1_2",-0.389102927261272,0.0859730230382231
"TAGAGTCCACATTGTG-1_2",-0.319945188865709,0.0415985105967862
"TAGAGTCCATCCTAAG-1_2",-0.419824199904653,0.049718465010708
"TAGAGTCTCCACTTTA-1_2",-0.413074305938279,0.0860791999511889
"TAGATCGGTCCGACGT-1_2",-0.383647473845414,0.0586499753566771
"TAGCACAGTGGCTCTG-1_2",-0.383819624882897,0.0701580872145721
"TAGGGTTTCCGAAATC-1_2",-0.41991777535547,0.065888021695964
"TAGGTTGAGCGTGCCT-1_2",-0.411554876273543,0.0646930714647002
"TAGGTTGGTACCGTCG-1_2",-0.429534387445746,0.0483202723591166
"TAGTGCAAGCAGAAAG-1_2",-0.396264518013703,0.0937284888894678
"TAGTGCAAGCTAAGTA-1_2",-0.379465891184735,0.0690636871413444
"TAGTGCAAGGATTTAG-1_2",-0.396558119540835,0.0469105397764366
"TAGTGCACACAGTCAT-1_2",-0.389522260485724,0.0599952880493075
"TAGTGCAGTACGGATG-1_2",-0.394028543904489,0.0496249528968466
"TATACCTCATGACGTT-1_2",-0.285863290959,0.038525536345096
"TATATCCTCCTTGAAG-1_2",-0.426807536780376,0.107409350118075
"TATCAGGAGTTGGGAC-1_2",-0.415228754930741,0.0569822575125185
"TATCCTACATGGAAGC-1_2",-0.282051184510805,0.032083381369868
"TATCGCCTCTCGAGTA-1_2",-0.345391546995837,0.0634288219763262
"TATCTGTCAGTAGAGC-1_2",-0.371951342646174,0.0672859834045497
"TATCTGTGTCCAAATC-1_2",-0.424703284485084,0.0797743971439205
"TATCTTGCACCTCTAC-1_2",-0.43242064791703,0.062052236137796
"TATCTTGCAGCCCAGT-1_2",-0.401230984749859,0.0513002058275302
"TATCTTGGTTCGTTCC-1_2",-0.432513704682957,0.0490306154605167
"TATGTTCCATACGCAT-1_2",-0.418884636741811,0.0787361037437224
"TATGTTCGTGAATTGA-1_2",-0.406345763622574,0.0718272523040122
"TATTCCAAGCCGCTTG-1_2",-0.398893288323644,0.0452989734584912
"TATTCCACACCAGTAT-1_2",-0.422476039927866,0.0499288491004441
"TATTCCACACTTGGGC-1_2",-0.345128107044828,0.0678579181176718
"TATTCCACATACAGAA-1_2",-0.421347828981828,0.0529380589659156
"TATTGCTCACGTACTA-1_2",-0.102389242575467,-0.0035904994427907
"TATTGCTTCAATCAGC-1_2",-0.38886680619501,0.0548823633016787
"TATTGCTTCCTGTTAT-1_2",-0.429126318015527,0.0706903854872848
"TATTGGGTCCTACGGG-1_2",-0.422857122781352,0.0792247248098407
"TATTTCGCAAACCACT-1_2",-0.436900184981718,0.0596106824127292
"TATTTCGCACCTTCCA-1_2",-0.425904296676155,0.0521559017703532
"TATTTCGTCCGGCTTT-1_2",-0.407379705802263,0.09522838400881
"TCAAGACAGGTTTACC-1_2",-0.377089455138693,0.052244804022201
"TCAAGACCAGTGCGCT-1_2",-0.424885657725648,0.0610409067881957
"TCAAGACTCTCCCAAC-1_2",-0.433900455643201,0.0795714300371497
"TCAAGCAAGACGAAGA-1_2",-0.32389745942378,0.040685414379248
"TCAAGTGAGCGGTATG-1_2",-0.426638215451691,0.10180576193387
"TCAAGTGTCTGGACCG-1_2",-0.419853184143363,0.0508132687316725
"TCAATCTAGCACTCTA-1_2",-0.423501119911495,0.0754947267014592
"TCAATCTGTCCAGTTA-1_2",-0.433560615166305,0.0693943834007144
"TCAATCTGTTGAGAGC-1_2",-0.429471142482796,0.0982661016993359
"TCACACCAGACCATGG-1_2",-0.40909088535132,0.0596968486068705
"TCACACCGTAGCTGCC-1_2",-0.404908286465461,0.0477371390625653
"TCACATTAGATGACAT-1_2",-0.315379733930532,0.0561784232081174
"TCACATTGTATCAAGA-1_2",-0.424794865018474,0.0937546201928624
"TCACATTTCTCTATAC-1_2",-0.421239804505629,0.109376396767961
"TCACGCTGTATGCGTT-1_2",-0.376051773618707,0.0473834904241356
"TCACGCTTCATTGCCC-1_2",-0.385437496519034,0.0433958589617533
"TCACGCTTCCCGAGTG-1_2",-0.41347246419779,0.0572758727164189
"TCACGGGGTAGACAGC-1_2",-0.212800914653427,0.00557035398525261
"TCACGGGTCGCGATCG-1_2",-0.334572099383785,0.0456648502014653
"TCAGCAACAGCTACCG-1_2",-0.248091527292308,0.024732808616595
"TCAGCAATCGACCTAA-1_2",-0.425303177510756,0.106272977398368
"TCAGCCTCAAACTCGT-1_2",-0.405504834122069,0.0786100757105511
"TCAGCCTTCGAGCTGC-1_2",-0.420426385867074,0.0998949903727083
"TCAGGGCAGGTGTGAC-1_2",-0.423308865372341,0.0401666399061813
"TCAGGTAAGAAGTCAT-1_2",-0.367291971543059,0.0568352724539591
"TCAGGTACAATCTAGC-1_2",-0.373781522462587,0.0790273256564122
"TCAGTCCAGACGACTG-1_2",-0.423810272261808,0.106002873438759
"TCAGTCCGTAGGAAAG-1_2",-0.417305628642869,0.0411136228690317
"TCAGTGAAGGTCATAA-1_2",-0.411499648622678,0.0749768428707121
"TCAGTGATCTGAGTCA-1_2",-0.368810309434966,0.0428814407601504
"TCAGTTTAGCCTGTCG-1_2",-0.383866385172478,0.0514516855963719
"TCAGTTTGTTGTTGCA-1_2",-0.414769507414679,0.0540608484841062
"TCATACTGTACAGAGC-1_2",-0.40796144984996,0.045534124754181
"TCATCATCAAACTGCT-1_2",-0.413802991537783,0.106196831254294
"TCATCATCAAATCGGG-1_2",-0.388528191786441,0.0797552793048857
"TCATGAGAGGGAGGCA-1_2",-0.410621566263019,0.0855156866586922
"TCATGAGGTACACGTT-1_2",-0.420613951830444,0.0478156640152064
"TCATGCCCATGGGTTT-1_2",-0.396058433723215,0.0569052112546353
"TCATGCCTCAATGCAC-1_2",-0.123190214440502,-0.047024659928402
"TCATGGAGTATTGAGA-1_2",-0.378754662843417,0.0655581624750733
"TCATTACCAGTTGTTG-1_2",-0.408662168503083,0.0614699194888839
"TCATTACGTGTTTGCA-1_2",-0.432359261664669,0.075849085642241
"TCCACCAAGCCACTCG-1_2",-0.417579977631454,0.107200342049358
"TCCACGTAGAATGTTG-1_2",-0.401495138589972,0.0651015734274312
"TCCAGAAAGAGCATCG-1_2",-0.279524724597023,0.0392090682649489
"TCCAGAACAGTCTACA-1_2",-0.231833572000975,0.0197842515041643
"TCCAGAATCGCTCTAC-1_2",-0.162954605932845,-0.0134041971430448
"TCCATCGAGGCTTAGG-1_2",-0.42746224134025,0.0679354611720309
"TCCCAGTCAGGAATCG-1_2",-0.391542333127295,0.0906260810860964
"TCCCAGTGTAACATAG-1_2",-0.393632982746393,0.0444324197578679
"TCCCATGTCCTAAGTG-1_2",-0.430196625655678,0.0705858258604907
"TCCGATCAGCTGCCAC-1_2",-0.37782093869257,0.0811733630553159
"TCCGGGAGTGATGAAT-1_2",-0.356260730614086,0.05038876643457
"TCCGTGTGTAAGCTCT-1_2",-0.421963149209444,0.103537080785742
"TCCTCCCCACAGTACT-1_2",-0.400650861281803,0.0722917139518391
"TCCTCCCCATCCGGCA-1_2",-0.416007537437641,0.106223148735166
"TCCTCCCGTGCGTTTA-1_2",-0.423224016898233,0.101552781768842
"TCCTCGATCGTAACTG-1_2",-0.428996121223992,0.0756672563817168
"TCCTCTTAGCTGACAG-1_2",-0.434256481125693,0.0598119683805683
"TCCTCTTTCGGTCTAA-1_2",-0.430163042446068,0.0663940143748756
"TCCTTCTCACCCGTAG-1_2",-0.428698660688519,0.0889544549060695
"TCCTTCTCAGATTCGT-1_2",-0.399277155150623,0.09451018595509
"TCGAACAAGACTGGGT-1_2",-0.37126041631288,0.0668592149315251
"TCGAACAAGCACCAGA-1_2",-0.425029001621076,0.0860511562885999
"TCGACCTGTGATTGGG-1_2",-0.431376773172643,0.0615741288029803
"TCGACCTTCGCATTGA-1_2",-0.419656369551276,0.106472240987213
"TCGACCTTCTAACGGT-1_2",-0.360030978549445,0.0740696870407458
"TCGATTTAGACCATTC-1_2",-0.169870665752262,-0.00449738936383474
"TCGATTTAGTTGGAAT-1_2",-0.388107545960858,0.0811505556691367
"TCGCACTAGCATGGGT-1_2",-0.387297193382395,0.0473290489669022
"TCGCTCATCTTCTAAC-1_2",-0.383519951018351,0.0792407434860793
"TCGCTTGAGTGGTTCT-1_2",-0.426869774451888,0.0625585229647222
"TCGCTTGTCTACGGGC-1_2",-0.399202406121076,0.0490320647549547
"TCGGATACAAATGATG-1_2",-0.43035713720535,0.096995940130353
"TCGGATACAGTAACCT-1_2",0.117314174405659,-0.113201775332377
"TCGGATAGTAGGACTG-1_2",-0.393374401242056,0.0557268483202381
"TCGGATAGTTGATGTC-1_2",-0.398095252276663,0.043143535307343
"TCGGGACAGGTCCAGA-1_2",-0.249961368710662,0.0239030766646884
"TCGGGACTCTTAGGAC-1_2",-0.411818969083252,0.103081460285733
"TCGGGCAAGGTGGTTG-1_2",-0.418305251561854,0.0677002372571273
"TCGGGTGAGAGCCCAA-1_2",-0.392741312368983,0.0532324448644832
"TCGGGTGAGTTCGCAT-1_2",-0.367288669811949,0.0702724869858027
"TCGGGTGGTTGTACGT-1_2",-0.303513746036828,0.0493458563479457
"TCGGTCTAGACGAGCT-1_2",-0.428319208694098,0.0435548413768538
"TCGGTCTAGTCCTGCG-1_2",-0.412436028610678,0.0689016550851435
"TCGTAGAAGTATGAAC-1_2",-0.427027996608764,0.106414818912119
"TCGTAGAGTATCAGCT-1_2",-0.410828762736398,0.0710415979576465
"TCGTAGAGTATCGATC-1_2",-0.425262157343632,0.0654778127273435
"TCGTAGAGTGGATGAC-1_2",-0.431987327305541,0.0997593033371538
"TCGTAGAGTGGGTATG-1_2",-0.390516519779068,0.0831210352827269
"TCGTCCAGTTGTCATG-1_2",-0.429983026649266,0.0510949027924134
"TCGTGCTCATGCAGCC-1_2",-0.422419886114163,0.0414612019079167
"TCGTGCTTCAAAGGAT-1_2",-0.236714335971022,0.022201934864196
"TCTAACTCAGGAATAT-1_2",-0.430213483135477,0.0634279891160942
"TCTACATGTTGACTGT-1_2",-0.421806088051521,0.0940935879568845
"TCTACCGCACCGGCTA-1_2",-0.263340226700357,0.0344870401025746
"TCTACCGGTAACAGTA-1_2",-0.427243782170289,0.0650047422817328
"TCTATACGTACCATAC-1_2",-0.424715071719699,0.0956687478070217
"TCTATACTCAGATTGC-1_2",-0.410670828941132,0.0673003118606618
"TCTATCAAGCGGGTTA-1_2",-0.304035194931458,0.0352466258605451
"TCTATCATCGTGGAAG-1_2",-0.403651528230619,0.0493611159918477
"TCTCACGTCGACGCGT-1_2",-0.39032707500936,0.0658101957987145
"TCTCCGAAGGTTCACT-1_2",-0.384342515941025,0.0794171950972832
"TCTCCGAGTCGCGGTT-1_2",-0.420634631804161,0.0417915597673467
"TCTCTGGGTGGCTGAA-1_2",-0.421719835902207,0.0502823391348805
"TCTGCCAAGGTGAGCT-1_2",-0.393393930810201,0.0704655151636985
"TCTGCCACACGCGCAT-1_2",-0.426394962084969,0.0533106262797038
"TCTGGCTCAGGCTCTG-1_2",-0.419312633088104,0.0756727361756583
"TCTGTCGAGGTTGTTC-1_2",-0.429351177523959,0.0490301795519233
"TCTGTCGAGTCAGCGA-1_2",-0.383497881832554,0.0362704607377657
"TCTTAGTAGTCACTAC-1_2",-0.413359209821047,0.0636001099589747
"TCTTCCTCATGAATAG-1_2",-0.415781345512589,0.0628063122727632
"TCTTGCGTCGGCTGAC-1_2",-0.395176408222374,0.0558764824717151
"TCTTTGAAGGAACATT-1_2",-0.410314337245349,0.0963715033087055
"TGAACGTAGTAAGAGG-1_2",-0.412494382510729,0.102835648120335
"TGAACGTCAGCTCATA-1_2",-0.403999712246316,0.0511863243277138
"TGAACGTGTGCAGTGA-1_2",-0.383753438788649,0.0489409720128176
"TGAATCGTCATGTCAG-1_2",-0.324355334273206,0.0558748714263481
"TGAATGCGTATGCTTG-1_2",-0.427887096536937,0.0486530652573769
"TGACAGTAGTGGCGAT-1_2",-0.422137699891711,0.0634742397106878
"TGACCCTCAACTGATC-1_2",-0.291331536001036,0.0318532778571212
"TGACCCTCAATGTCAC-1_2",-0.402294475219709,0.0549119288221308
"TGACCCTCATCCGAGC-1_2",-0.427347539276288,0.0484000789931562
"TGACCCTGTCGATGCC-1_2",-0.172223986428374,-0.00541660176471129
"TGACGCGAGCATGAAT-1_2",-0.424195634122195,0.0516303795353481
"TGACTCCTCCACTTCG-1_2",-0.401749045792199,0.0962449316099252
"TGAGCATAGTCTGCGC-1_2",-0.411690604759522,0.0448481415083378
"TGAGCATTCAATCTCT-1_2",-0.371420487725804,0.0792082387484159
"TGAGGAGCACAACATC-1_2",-0.422639641636729,0.0546437904666315
"TGAGGAGCATAGATGA-1_2",-0.27409944965115,0.0296045939446202
"TGAGGGAAGGTGCATG-1_2",-0.416314364613494,0.0562476518793704
"TGAGGGAAGTATAGGT-1_2",-0.429294210680809,0.106369055712575
"TGAGGGATCCGATAGT-1_2",-0.388410786407831,0.0483452232425243
"TGAGGTTAGCCATATC-1_2",-0.364906303570807,0.0626536041859659
"TGAGGTTCAATATCCG-1_2",-0.401175541159872,0.0656585263746064
"TGAGGTTCAGTGTACT-1_2",-0.395345708649614,0.0726988782147909
"TGAGGTTTCCTCTAAT-1_2",-0.412819047033317,0.10499057364505
"TGAGTCAAGTCGGGAT-1_2",-0.270744105022558,0.0291461679689396
"TGATCTTGTGAGCTCC-1_2",-0.410607899419869,0.0735772509122687
"TGATCTTGTGGCACTC-1_2",-0.386334702214111,0.060378660744131
"TGATGGTAGGATTCAA-1_2",-0.376476764937757,0.0811721267838958
"TGATGGTGTTGTTGAC-1_2",-0.404738517785999,0.0463778757954078
"TGATTCTCACTCCTTG-1_2",-0.365851637782361,0.0475708619671432
"TGATTCTGTAGCACAG-1_2",-0.39701606401687,0.0872708647505006
"TGATTCTTCCCGAGAC-1_2",-0.433010256686764,0.068456146742661
"TGATTCTTCTCGCTCA-1_2",-0.43455719586868,0.0713151259707063
"TGCACGGTCGCGCCAA-1_2",-0.401215298028364,0.0406987432995442
"TGCAGATGTCGCCACA-1_2",-0.412452609471092,0.0648098076070623
"TGCAGATTCGAAGCCC-1_2",-0.253770028034513,0.0276520617580275
"TGCAGGCAGCTGTACT-1_2",-0.403789232486815,0.0391499554917202
"TGCAGTAAGTGGCCTC-1_2",-0.424964847781393,0.0521205160421584
"TGCAGTAGTCGCATTA-1_2",-0.413446993074629,0.0895473493981138
"TGCATCCAGACAGCTG-1_2",-0.406931846876487,0.0751299103230283
"TGCATCCGTCGTAATC-1_2",-0.276436238098246,0.0389727323279202
"TGCATGACACGGTGCT-1_2",-0.361984278472688,0.0458277654572869
"TGCGATAAGTATGGAT-1_2",-0.401792422157292,0.0834322523891278
"TGCGATACATTCCTCG-1_2",-0.405806801675878,0.0468789426564306
"TGCGATATCCTCTAAT-1_2",-0.359269937382563,0.0636039047348147
"TGCGGGTCATGAATAG-1_2",-0.25789354818394,0.0297520046399066
"TGCGGGTGTCAGTTTG-1_2",-0.4312853156814,0.0595507556764725
"TGCGGGTTCATTTGGG-1_2",-0.308201375457108,0.0387041052623176
"TGCTCCAAGTCATGGG-1_2",-0.380679102038017,0.0824891144304974
"TGCTCCACACACAGAG-1_2",-0.41741585582659,0.0711630429147275
"TGCTCCAGTGCTTCAA-1_2",-0.397380568199337,0.086121875408067
"TGCTCCATCTTGGTGA-1_2",-0.375686321894552,0.0850527921994366
"TGCTCGTTCATACGGT-1_2",-0.416473921647025,0.044487177599373
"TGCTGAAAGGATACGC-1_2",-0.236041536671258,0.0193437834050499
"TGCTGAAAGTAGGCCA-1_2",-0.404471627095886,0.082875802854481
"TGCTGAATCGAACACT-1_2",-0.414893119713144,0.0721569291496036
"TGCTTCGCAGCAGTAG-1_2",-0.372087660477117,0.0742134751416154
"TGCTTCGGTGGCTAGA-1_2",-0.426753016988226,0.0668174792837271
"TGCTTGCCAGGGTTGA-1_2",-0.424016610335768,0.0821888375399706
"TGGAACTAGCATAGGC-1_2",-0.425310484931339,0.0498129632407999
"TGGAGAGAGCAAGTGC-1_2",-0.420591441364512,0.101233832450384
"TGGAGAGGTAGTCACT-1_2",-0.279361824067299,0.0283025429538462
"TGGAGAGGTCGGAACA-1_2",-0.340861584464413,0.0519324968819322
"TGGAGGAAGTAACCTC-1_2",-0.367193781613256,0.0533964346550439
"TGGATGTCAGCAGTCC-1_2",-0.424313796546911,0.04366486546805
"TGGCGTGCAGGGAATC-1_2",-0.416439617617331,0.0662137109519856
"TGGCGTGGTGCAGATG-1_2",-0.364350758020204,0.0428549467179564
"TGGGAAGTCCCGAGAC-1_2",-0.426129796068144,0.0583446355361288
"TGGGAGAAGCCAAGTG-1_2",-0.373693330899363,0.0743485872830797
"TGGGAGAAGTTGAATG-1_2",-0.420281876620829,0.0571253754254346
"TGGGAGAGTTTGTTCT-1_2",-0.270016878331773,0.0282969997382007
"TGGGATTGTGGACCAA-1_2",-0.413540942305838,0.0527148015396515
"TGGGCGTTCATGAGAA-1_2",-0.428673846706332,0.0561162140995333
"TGGGCTGAGACCATTC-1_2",-0.421785738811799,0.0925648265769237
"TGGGCTGAGAGTTGCG-1_2",-0.188595666643307,-0.0091534018706767
"TGGGCTGGTCGCACGT-1_2",-0.365141238138621,0.0637954242834667
"TGGGCTGGTTACCTGA-1_2",-0.41578160305334,0.0970115779475471
"TGGGCTGTCAGGACAG-1_2",-0.42251890972646,0.0600734578195442
"TGGGTTAAGCTTAGTC-1_2",-0.38681302980226,0.0540499825649696
"TGGGTTATCCGGCAGT-1_2",-0.430475871221677,0.0479127959758606
"TGGTACAAGCATCGAG-1_2",-0.36138647128219,0.0418246960388005
"TGGTACACACCGTGGT-1_2",-0.415496518258962,0.0546623950352668
"TGGTAGTAGTGGTTCT-1_2",-0.419169643074152,0.0730929752340298
"TGGTGATAGAAGCTCG-1_2",-0.400721528194909,0.0401276963561857
"TGGTTAGAGCATGTTC-1_2",-0.409058047633953,0.0954387655352359
"TGTACAGCAATAGAGT-1_2",-0.374272832182075,0.0428987353226794
"TGTCAGAAGGGTACGT-1_2",-0.392319862262475,0.0509782355926014
"TGTCAGATCACTTGTT-1_2",-0.425130179243535,0.106972917723364
"TGTCCACTCAGTGGGA-1_2",-0.432994736108923,0.0756163356425694
"TGTCCCACAACGGCTC-1_2",0.187947697479252,0.228777400555416
"TGTCCCACACCGGAAA-1_2",-0.354220582775051,0.0466854022341627
"TGTCCTGCAGAGCTAG-1_2",-0.413169483787563,0.0767095345725026
"TGTCCTGGTTTGGAAA-1_2",-0.383963734684749,0.0733227508216238
"TGTGAGTAGGTAGATT-1_2",-0.259670705544688,0.0351056696671824
"TGTGATGAGCCTCACG-1_2",-0.317819645533658,0.0460890780724972
"TGTGATGGTATACCCA-1_2",-0.397824661430623,0.0423995939732704
"TGTGCGGAGGAAGAAC-1_2",-0.256268217348973,0.0327885676814047
"TGTGCGGGTGCCTATA-1_2",-0.396152730802133,0.0814512831368658
"TGTGGCGAGCAGCGAT-1_2",-0.318478816314871,0.0552072350604335
"TGTGTGAGTGCTGCAC-1_2",-0.375875874129426,0.0673492481304736
"TGTGTGATCCATCGTC-1_2",-0.431204631201249,0.0954457781374295
"TGTTACTAGCCGGAAT-1_2",-0.419495554099977,0.0432699062757754
"TGTTACTTCTGCGGCA-1_2",-0.418903308515415,0.0410867808673341
"TGTTCATAGGTCTACT-1_2",-0.289814438433076,0.0340248043878709
"TGTTCATTCAACCCGG-1_2",-0.261012578186345,0.0304201875300957
"TGTTCATTCCTTCACG-1_2",-0.394904594140126,0.0472497176185821
"TGTTCCGAGTAACCTC-1_2",-0.411586311284436,0.0929736019708768
"TGTTCCGTCTCAGGCG-1_2",-0.374494122110983,0.0791472860427066
"TGTTGAGTCTGGGATT-1_2",-0.41720653960205,0.0652533295858526
"TGTTGGACAGCTGAGA-1_2",-0.385169813423968,0.0828440387520526
"TGTTTGTAGACCAAAT-1_2",-0.429009657709222,0.0610752413919565
"TGTTTGTCACAATGAA-1_2",-0.236508094700436,0.0251929913898136
"TGTTTGTTCTTCCCGA-1_2",-0.415643978065793,0.0654468712545596
"TTAATCCGTCAGTCTA-1_2",-0.301563710506268,0.0365920525590135
"TTAATCCGTTGATCGT-1_2",-0.285202587768426,0.036491168097442
"TTACAGGGTCGGTAAG-1_2",-0.411112322265588,0.0663548912841712
"TTACAGGTCGCACTCT-1_2",-0.386972124074148,0.0864043531627055
"TTACCATAGTACCATC-1_2",0.129018449078146,-0.14320441671725
"TTACGCCAGTGATAGT-1_2",-0.399334439745499,0.0541608453197934
"TTACGTTCAAGACGAC-1_2",-0.323255169221375,0.031797882914677
"TTACTGTAGCCGTAAG-1_2",-0.414905371339044,0.065141593054017
"TTACTGTGTAGTCCTA-1_2",-0.42269684338076,0.105222031284628
"TTACTGTTCGGTCATA-1_2",-0.401176441142609,0.0616048954356476
"TTACTGTTCGTTATCT-1_2",-0.389897395089054,0.0476701951978839
"TTAGGCAAGCCAGAGT-1_2",-0.412054111944499,0.0637900566647594
"TTAGGGTCAATGCAAA-1_2",-0.4301634040525,0.0496411687759535
"TTAGGGTGTACGGTTT-1_2",-0.315334429384366,0.0505734819102997
"TTAGTCTAGGTCTTTG-1_2",-0.278994620334862,0.0404003501764873
"TTAGTCTCAGCGGATA-1_2",-0.264404487073805,0.0333348229083333
"TTCAATCAGGGTGAGG-1_2",-0.37807500729569,0.0534547536704952
"TTCACGCCAAACTGCT-1_2",-0.320526515176302,0.0573531714632035
"TTCACGCCACAGTCAT-1_2",-0.375796101094531,0.0843449437696904
"TTCACGCCACTACAGT-1_2",-0.37190070449657,0.0612395024254196
"TTCACGCGTCCTCCAT-1_2",0.00119232888025518,-0.00812419093186843
"TTCAGGAAGGTGCTAG-1_2",-0.415710896508475,0.0520752457978777
"TTCATGTAGCATGAAT-1_2",-0.335655188591251,0.0615917670190886
"TTCATGTCAAGACGGT-1_2",-0.402710546512004,0.0765421664539049
"TTCATTGAGGGATCAC-1_2",-0.403826576048924,0.0970668886054534
"TTCATTGCAGACGATG-1_2",-0.260334669997405,0.0147857500252081
"TTCCAATCAACTAGAA-1_2",-0.406365382503936,0.0919989098903603
"TTCCAATGTCTTGTCC-1_2",-0.430511233104754,0.0622393921287863
"TTCCACGAGGGAGTGG-1_2",-0.342328878397409,0.0396034953580411
"TTCCGTGGTCGAAGCA-1_2",-0.366591104704723,0.0775013560323701
"TTCCGTGGTGATACAA-1_2",-0.323417901875548,0.0531938081565094
"TTCCTAACACACACTA-1_2",-0.424221464695228,0.0779018984584684
"TTCCTAACAGGACTTT-1_2",-0.423850568645298,0.0525367203772586
"TTCCTAAGTCTAATCG-1_2",-0.356905471532757,0.038567476536873
"TTCCTAAGTTCTCCCA-1_2",-0.424241310674576,0.0621346517753336
"TTCCTAAGTTTCGACA-1_2",-0.376383205632159,0.0595120234803639
"TTCCTCTGTAGGTAGC-1_2",-0.403410713993793,0.0990148181865206
"TTCCTCTGTGTACGCC-1_2",-0.433930841230304,0.0718441433239434
"TTCCTTCCAAGGCCTC-1_2",-0.389395408887306,0.0694813501529523
"TTCCTTCGTGAAAGTT-1_2",-0.353417854727009,0.0564689660878006
"TTCGATTTCAACTCTT-1_2",-0.407978048288393,0.0438793550251253
"TTCGCTGCATCGTGGC-1_2",-0.429523589312386,0.0675720849095226
"TTCTAACCAACGTAAA-1_2",-0.411942832976692,0.0462074011639376
"TTCTAACCACGTACTA-1_2",-0.407234278434683,0.0457060147252936
"TTCTAACCACGTTCGG-1_2",-0.414269901145398,0.0738762074769713
"TTCTAGTCACATATGC-1_2",-0.418666303026312,0.0440336545480222
"TTCTAGTTCTGAGAGG-1_2",-0.38383343558998,0.0482192738061178
"TTCTGTATCGAGAAGC-1_2",-0.383483888891616,0.0566105549409141
"TTCTTCCGTGCCAAGA-1_2",-0.415304588311142,0.10102912953667
"TTCTTGAAGAGTCTGG-1_2",-0.343787333919845,0.066201332230604
"TTCTTGAAGGCATGCA-1_2",-0.294441076986572,0.0352879310769109
"TTCTTGAGTTCGAACT-1_2",-0.409793621055042,0.0608820897942365
"TTCTTGAGTTGGACTT-1_2",-0.1432484703651,-0.0386405315818121
"TTCTTGATCCTCTCTT-1_2",-0.432840714143108,0.0924817946517414
"TTCTTGATCGACGCGT-1_2",-0.390859645486776,0.0777686975631495
"TTGAACGTCTCTCTTC-1_2",-0.419769278444058,0.0442228591089932
"TTGAGTGCATCTATCT-1_2",-0.433008114047404,0.0658432410013572
"TTGATGGCACGTTGGC-1_2",-0.425350699927113,0.0727132146075948
"TTGCATTCATAGAATG-1_2",-0.425718771252257,0.0871772480699291
"TTGCATTGTTGAATCC-1_2",-0.384350924036583,0.0894982126742951
"TTGCCTGCATGTGACT-1_2",-0.379333785910271,0.0776830834185619
"TTGCGTCTCAGTCATG-1_2",-0.371934742922508,0.05188712056494
"TTGCGTCTCTGGGCGT-1_2",-0.414959537463289,0.0853354187961357
"TTGGATGGTGCCTGCA-1_2",-0.427718869765774,0.0434766852916984
"TTGGGATAGCCTCCAG-1_2",-0.429572670497419,0.071590237856178
"TTGGGCGGTAGTCGGA-1_2",-0.415553648986305,0.0685098936139192
"TTGGGTAGTTATGGTC-1_2",-0.408406069291644,0.0638670357156107
"TTGGTTTAGCTTGTGT-1_2",-0.393833749623779,0.0656651881660915
"TTGGTTTTCATTATCC-1_2",-0.410219346991262,0.0956496052002363
"TTGTGGATCACTTGTT-1_2",-0.403716649495407,0.0790928384609389
"TTGTGGATCATGGCCG-1_2",-0.38607538013551,0.0833495583737974
"TTGTGTTAGAACTTCC-1_2",-0.288881245321755,0.0433185668092666
"TTGTGTTGTCGCGGTT-1_2",-0.418878646761569,0.0822861132197877
"TTGTTGTAGAGCATCG-1_2",-0.395516525627896,0.0849414463395184
"TTGTTGTAGTAGTCAA-1_2",-0.421078712405659,0.102779162670628
"TTGTTGTTCGATTTCT-1_2",-0.419312349566606,0.0596278324784943
"TTTACCAGTGTTAACC-1_2",-0.37695749580018,0.0467838004230366
"TTTACCAGTTGCCAAT-1_2",-0.410679254561727,0.0525013284195319
"TTTACCATCGGTATGT-1_2",-0.410856012988951,0.103749987487869
"TTTACGTTCATCCTAT-1_2",-0.416201577476608,0.103407404829337
"TTTACTGAGTGCACAG-1_2",0.0936388791624665,0.00323533580272876
"TTTACTGCATTGGATC-1_2",-0.387590855147227,0.0479515016933053
"TTTACTGTCCGGACTG-1_2",-0.382234677567959,0.048093648004426
"TTTAGTCCAATCGCAT-1_2",-0.410913310313927,0.0546720200276093
"TTTAGTCGTACAGCGA-1_2",0.197253585102609,0.237726320506499
"TTTAGTCTCAAGCTGT-1_2",-0.422601052134256,0.0825924119314795
"TTTATGCAGAATAGTC-1_2",-0.374553982911585,0.0804966815645728
"TTTATGCGTATCAAGA-1_2",-0.420018933834115,0.0662682101500336
"TTTCAGTAGTAAACAC-1_2",-0.422420420477695,0.100483497651809
"TTTCAGTCAAGCCCAC-1_2",-0.391357024704484,0.0929807369978893
"TTTCATGGTTCGGGTC-1_2",-0.368912184376877,0.0544620094901195
"TTTCCTCCACGGATCC-1_2",-0.42799639131531,0.0522649846879847
"TTTGACTAGTGTCATC-1_2",-0.420373667223222,0.0454928174088721
"TTTGGAGAGTGATGGC-1_2",-0.426871498946076,0.0820384585660097
"TTTGGAGGTTATGTGC-1_2",-0.421862546347152,0.0737998566765031
"TTTGGTTAGGCGTTGA-1_2",-0.426148900613394,0.0778994258464448
"TTTGGTTAGTGAGCCA-1_2",-0.374175149980085,0.0572461393774309
"TTTGGTTCACACCTGG-1_2",-0.303461837142194,0.0455463389633674
"TTTGTTGAGCACGTCC-1_2",-0.41998718197163,0.0980630687681097
"TTTGTTGCAGGAATCG-1_2",-0.374059506047278,0.0545907303019631
"TTTGTTGCAGTGTATC-1_2",-0.423208072332214,0.106822622237858
"AAACGAAAGCACCGAA-1_2",0.127917216006168,-0.0271590782948258
"AAACGAAGTGGAACAC-1_2",0.156021112300878,0.169209249592222
"AAACGAATCACCATCC-1_2",0.161625308572714,0.162200333733951
"AAACGAATCCTGGTCT-1_2",0.160013441804504,-0.157458909200356
"AAAGAACAGGGCAGAG-1_2",0.140297259682738,0.107588788006485
"AAAGAACGTGAGTGAC-1_2",0.148277550687177,0.135155608583066
"AAAGTCCAGTATGGAT-1_2",0.128932648147861,0.0189928950165031
"AAAGTGATCTGGAAGG-1_2",0.15315390675995,-0.089745419751643
"AAATGGAAGCGGTAAC-1_2",0.181613966012507,0.247752454575544
"AAATGGACATACCACA-1_2",0.159952428023209,-0.146148515473543
"AAATGGAGTCGAAGCA-1_2",0.109563413285266,0.105391003934124
"AACACACCAGTTAAAG-1_2",0.144551536540191,0.145278774528558
"AACACACCATGTGCCG-1_2",0.163140337483377,-0.135654308996858
"AACCAACGTAGAAACT-1_2",0.183144456062151,-0.167234345240372
"AACCATGGTTAAGTCC-1_2",0.12161500457662,0.0315783243071296
"AACCATGTCTCGGGAC-1_2",0.128186938647673,0.0696480277532086
"AACCCAAGTGAAAGTT-1_2",0.163176078101242,0.164788074969873
"AACCCAAGTTACGATC-1_2",0.0993225404052674,0.103342726943238
"AACCTGACAGGGAATC-1_2",0.132595900248984,-0.0408459423944525
"AACCTGATCGAGTTGT-1_2",-0.225885269541195,0.0144313506850313
"AACCTTTGTCATCGCG-1_2",0.132402185840451,0.015287356050655
"AACGAAATCACGATCA-1_2",0.140263220422418,0.127725999758137
"AACGGGAAGTGCACAG-1_2",0.150671564086559,0.133452753208203
"AACGTCAGTAGCTTTG-1_2",0.162819322295455,0.166507696137103
"AAGAACAGTACTCCGG-1_2",0.128273791991718,-0.0274028302019217
"AAGACAAAGCGTTGTT-1_2",0.165185047370243,-0.103347066293018
"AAGACAAAGTCTGCGC-1_2",0.156607968724166,-0.107366120241362
"AAGACAACACACCTTC-1_2",0.124464289387955,0.0986120604513678
"AAGACAATCACTCACC-1_2",0.143541627157806,0.124163099306922
"AAGACTCCACTGGCGT-1_2",0.144146461853555,-0.0606913150311079
"AAGCATCAGGCCTTGC-1_2",0.158430499129548,-0.0689127024985756
"AAGCATCTCCTGATAG-1_2",0.193514695180522,-0.174776054430389
"AAGCATCTCTGCCCTA-1_2",0.163510024052989,0.185962159114366
"AAGCGTTAGGAACTCG-1_2",0.114263908233655,0.0404992940414259
"AAGGAATCAAGACTGG-1_2",0.016862112692204,-0.0638836692606185
"AAGGAATGTCATCCGG-1_2",0.153306798058686,0.0397474300702419
"AAGGTAAAGTCTCCTC-1_2",0.162597341759881,-0.133800080510445
"AATCACGAGAATTGCA-1_2",0.189423022467357,-0.172330120466853
"AATCGTGGTAGAGTTA-1_2",0.134271471065875,0.0467808461778927
"AATCGTGTCATAGGCT-1_2",0.125987920747812,-0.0715019116781917
"AATGAAGTCTCCCAAC-1_2",0.163638552325303,-0.187664063089418
"AATGCCATCAAGTCTG-1_2",0.157781874889568,-0.163918897234733
"AATGGAAGTCCGTACG-1_2",0.103969442571475,-0.0568089906813993
"AATGGAAGTTATGTGC-1_2",0.148054867779482,0.129955871556051
"AATGGAATCATGCAGT-1_2",0.157026142424397,-0.122442562296269
"AATTCCTAGTTGCGCC-1_2",0.126277828315402,-0.147747216791586
"AATTCCTGTTTACCAG-1_2",0.149652698688116,0.132812889499
"ACAAAGAGTAGTATAG-1_2",0.112626744431927,-0.0312114572527659
"ACAAAGAGTGGAACCA-1_2",0.135052482771198,-0.0704999977377
"ACAAAGATCATGGAGG-1_2",0.149064918940491,-0.119874505016759
"ACAACCAAGCTGACTT-1_2",0.136631253897458,0.111581195107284
"ACAAGCTAGGACTAAT-1_2",0.149952587979629,-0.0225629277334925
"ACAAGCTTCAAGATAG-1_2",0.143576013114679,-0.0683262876484778
"ACAAGCTTCTCGGTCT-1_2",0.0467840393525315,0.02771614938642
"ACACAGTGTTCCCAAA-1_2",0.133408463381629,0.0108579672603426
"ACACAGTTCTGCGGGT-1_2",0.110085766541283,0.123116419929112
"ACACCAATCGAGTCTA-1_2",0.184977698168412,-0.183422491939241
"ACACGCGCAAATGAGT-1_2",0.164556887681178,-0.148115351917957
"ACACGCGTCATGCTAG-1_2",0.14999882829796,-0.0475136853467407
"ACAGAAAAGTGGGAAA-1_2",0.167512912044234,-0.141346768310552
"ACAGAAACATCCTTCG-1_2",0.145533973196478,-0.0127546577299555
"ACATCGAAGGCCGCTT-1_2",0.164639218072653,0.193650716956492
"ACATGCAAGGCCGCTT-1_2",0.149674680425228,-0.154140066857045
"ACATTTCCACCAAAGG-1_2",-0.0429150312732375,-0.0465198156245993
"ACATTTCGTAATTAGG-1_2",0.129327710548988,0.058902009863937
"ACCAAACCAACCGACC-1_2",0.127484629083731,-0.0628004141446627
"ACCACAAGTAGTCCTA-1_2",0.108098184625315,-0.0899392469024497
"ACCCAAAGTTGTCCCT-1_2",0.189127083208983,-0.152571760984115
"ACCTACCAGTCCTGCG-1_2",0.148740639473563,0.135761125000063
"ACCTACCTCGGTCATA-1_2",0.113939169137303,0.093851049819703
"ACCTGTCGTACGGCAA-1_2",0.142379808848401,-0.0720360071545189
"ACCTGTCGTCTGATAC-1_2",0.0992264798090204,-0.0677990888809413
"ACGATGTAGGGTAGCT-1_2",0.145596690537456,-0.0111017298579486
"ACGGAAGGTGCATTAC-1_2",0.073337444827599,-0.110916995409302
"ACGGGTCTCGCCATAA-1_2",0.175942697596227,-0.160849827023044
"ACGGTCGGTGACTAAA-1_2",0.0669535807661104,0.0784427231237806
"ACGTAACCAGCTCCTT-1_2",0.13675281623078,-0.0647049241501974
"ACGTACACAGCTCGGT-1_2",0.120896056117031,-0.054875323252832
"ACGTAGTGTCCCTGTT-1_2",0.11554091062717,0.155896539236547
"ACGTCCTAGTAAGCAT-1_2",0.181951745009598,-0.178429973752754
"ACGTCCTGTTCCACAA-1_2",0.166008884198961,0.180027942294306
"ACGTCCTTCATGACAC-1_2",0.130939259589666,0.0667888856251844
"ACGTTCCGTGAGAACC-1_2",0.164966693248809,-0.142895992244125
"ACTATCTGTTCCTAGA-1_2",0.133095954483841,-0.0392348800394287
"ACTATCTTCAACTCTT-1_2",0.109954139084708,0.117213063836112
"ACTATCTTCAGCACCG-1_2",0.154110301517159,0.199668076650736
"ACTATTCGTACAGCGA-1_2",0.156216452603225,-0.162341612189348
"ACTATTCGTCGATTTG-1_2",0.103141692110849,0.0691352023649697
"ACTATTCGTGCGTGCT-1_2",0.12514683300753,0.0989291110607416
"ACTATTCTCTGCCTCA-1_2",0.184806282156212,-0.188822004525529
"ACTCTCGAGCAAGTCG-1_2",0.109204545382822,0.0848153783753193
"ACTCTCGGTGTGTGTT-1_2",0.176204959116342,-0.150413500405902
"ACTGATGAGTGTGTTC-1_2",0.129139918660428,-0.0169051074023049
"ACTGATGTCAGACTGT-1_2",0.150158626110383,-0.132140828284482
"ACTGATGTCGGTTCAA-1_2",0.127644249165491,0.113724335108703
"ACTGTCCTCATTCATC-1_2",0.147519499125901,0.0615922164773119
"ACTGTGAAGTCCGTCG-1_2",0.130660741349228,0.0844122270461946
"ACTGTGAGTGCTTCAA-1_2",0.131558136366203,-0.0557805583695894
"ACTTAGGCAGTGCGCT-1_2",0.16083839900819,-0.124440521045369
"ACTTATCCAGAGATGC-1_2",0.166245553292293,-0.12428183385339
"ACTTATCTCCATTCGC-1_2",0.150934031139382,-0.108623356615658
"ACTTCGCGTTGGATCT-1_2",-0.422688447513222,0.0536842179026427
"ACTTTCAAGCTGGCCT-1_2",0.152819290583774,0.148461460119501
"ACTTTCAGTTCGATTG-1_2",0.152780448500415,0.0403905415805365
"AGAAATGAGCACTAGG-1_2",-0.201807802522814,0.0202544847446291
"AGAAATGGTTTCCATT-1_2",0.12322198857453,0.06994742561472
"AGAACCTAGGTCACAG-1_2",0.150966935349142,-0.134719185884295
"AGAACCTGTCAATCTG-1_2",0.0935699886260582,0.0185994846665752
"AGAACCTTCCACTTCG-1_2",0.152844916359748,-0.136456095867032
"AGAACCTTCGCATGAT-1_2",0.120905760532627,-0.0519914647597247
"AGAAGCGAGTCGCCCA-1_2",0.114052446393566,0.0841432331073545
"AGAAGTAGTCACGACC-1_2",0.16544402077926,-0.153374009360813
"AGACAAAAGATGCGAC-1_2",0.102629870834133,0.0540290817585619
"AGACAGGGTCAGACTT-1_2",0.154308240141606,-0.104528819171198
"AGACAGGGTTGGGACA-1_2",0.15239119208261,-0.154098632427105
"AGACCATCATGATAGA-1_2",0.132770241984097,-0.0485528273114967
"AGACCATGTACGATCT-1_2",0.149674321327843,0.159883481446285
"AGACCCGGTTGGGATG-1_2",0.152268933738293,0.174059623488244
"AGACCCGTCCGTCCTA-1_2",0.155184749257045,-0.118528274587949
"AGACCCGTCGGAGATG-1_2",0.174926486366476,-0.168757430524841
"AGACTCAGTGTGTCCG-1_2",0.136985846463265,-0.0601218776559219
"AGAGAGCGTCGGAACA-1_2",0.118782800655472,-0.0281837797461684
"AGAGCCCTCTTAAGGC-1_2",0.157441922454606,0.156153080254401
"AGAGCCCTCTTGTGCC-1_2",0.134703340871732,0.136361860604606
"AGATCCAAGGAAACGA-1_2",0.153834225509532,0.194963393080864
"AGATCCAGTAACGCGA-1_2",0.110503907646858,0.0526882014057964
"AGATCGTCATGATAGA-1_2",0.160246654401391,0.201662428382554
"AGATCGTGTGGACCTC-1_2",0.123296986495018,-0.00737662649737254
"AGATGAAAGGAGAGTA-1_2",0.168652023260431,-0.172743567732054
"AGATGCTCAGCTTTGA-1_2",0.168194957158196,0.229444578321531
"AGCATCAGTGGTTTGT-1_2",0.174989874864368,-0.167814896998666
"AGCATCATCATTCCTA-1_2",0.163554838001728,-0.104255256171153
"AGCCACGAGTGGTGAC-1_2",0.177545688684343,-0.166823295762134
"AGCCACGCACCGTACG-1_2",-0.226460023249632,0.0294734210920827
"AGCCACGCATCCCACT-1_2",0.121615050502666,0.122947107664189
"AGCCACGCATGACTCA-1_2",0.144492981207315,-0.153164859668978
"AGCCAGCAGCGGTAAC-1_2",0.190004959125914,-0.15118335970275
"AGCCAGCCATTACGGT-1_2",-0.0589137814037776,-0.0932602516650332
"AGCGATTCAGGGCTTC-1_2",0.132322086981128,-0.00326043496397483
"AGCGATTGTCACTGAT-1_2",0.107114179972058,0.00277013762405208
"AGCGCTGAGAACAGGA-1_2",0.135686997815142,-0.0540217425172799
"AGCGTATAGAAGTGTT-1_2",0.145039701241557,-0.00751370588701225
"AGCGTATAGATGAAGG-1_2",0.1267693813551,-0.0116117394649876
"AGCGTATAGATTACCC-1_2",0.145175067559529,0.131472665042212
"AGCGTATCAGAGTGTG-1_2",0.159778616259656,-0.0984572286917492
"AGCGTATTCAAACCCA-1_2",0.146303045874381,-0.0583721087286596
"AGCGTCGAGGCTCTCG-1_2",0.140643966311457,-0.0918413646643948
"AGCGTCGAGTCGCTAT-1_2",0.132324250729221,0.0537773356706075
"AGCTACAAGTCGGGAT-1_2",0.142587406847511,0.00722053415763172
"AGCTCAATCGACTCCT-1_2",0.128164721710924,-0.0279828719885612
"AGCTTCCAGAGCTTTC-1_2",0.110947019560285,0.0977277396583368
"AGGAAATGTTTACGTG-1_2",0.132133258905637,-0.0182909057958892
"AGGAGGTCAGGTTCAT-1_2",0.13302108584566,0.0252713903909676
"AGGAGGTGTGTCCAAT-1_2",0.148227405008345,-0.0973311826896222
"AGGATCTTCCTCTCGA-1_2",0.159367509283064,0.17284518454593
"AGGATCTTCTCTGCCA-1_2",0.144521112380985,0.160908344192311
"AGGCATTAGGAGCAAA-1_2",0.152375004777069,0.145691172770605
"AGGCATTGTGCAGTGA-1_2",0.138399198415622,0.158353795521318
"AGGGAGTCATATGGCT-1_2",0.154029596261937,0.0810416446272988
"AGGGCCTCACTTCAAG-1_2",0.134004271483047,-0.0300447124441599
"AGGGCTCGTCTCCCTA-1_2",0.190839401536588,-0.164522360296176
"AGGGCTCGTTCGTACA-1_2",0.18665427446056,-0.179907651467167
"AGGGTCCAGCGAGTCA-1_2",0.0838812218393784,0.0774465753403221
"AGGGTCCGTAACGCGA-1_2",0.165696410703175,-0.134203752553577
"AGGGTGAAGTGGATAT-1_2",0.172464288928337,-0.167603965825306
"AGGTCATGTCTTGTCC-1_2",0.141391750787255,0.120866151411217
"AGGTCTATCAGACAAA-1_2",0.160690274872452,-0.128490905171316
"AGGTGTTAGCCATATC-1_2",0.148272543850199,0.0313270723726747
"AGGTTACGTCTGGTTA-1_2",0.187736231998279,-0.142804611655861
"AGGTTGTAGAATAGTC-1_2",0.144220333175521,-0.146738621859715
"AGTACCAAGGTTGGAC-1_2",0.165380214505775,0.176642395431593
"AGTAGTCAGGTTCAGG-1_2",0.155325731980813,-0.15163849054782
"AGTAGTCCAAGTGGTG-1_2",0.1196679923314,0.0890633986991509
"AGTAGTCCAATTCTCT-1_2",0.16804950870604,-0.172522128131199
"AGTAGTCCATCCCACT-1_2",0.0721816072732062,0.0145342760878082
"AGTCACACATATGGCT-1_2",0.0920797861024054,0.0354054898453737
"AGTCATGAGCTTTGTG-1_2",0.119101410075196,-0.162971572171924
"AGTGATCCAGAGCTAG-1_2",0.164477653709878,-0.160722043286367
"AGTGATCTCGAACTCA-1_2",0.177406685205915,-0.145137880315999
"AGTTCGACACTAAACC-1_2",0.173489380620577,0.237842303968884
"AGTTCGATCAGGCGAA-1_2",0.146999011809679,-0.11802931191191
"ATACCGATCGTAACTG-1_2",0.137635072400566,-0.0489570680287684
"ATACCGATCTTTCAGT-1_2",0.159771212679833,0.171911353939206
"ATACCTTCATGACGGA-1_2",0.163522452444703,0.21102983425138
"ATACTTCAGTGAGTTA-1_2",0.132731693947914,0.118649998698391
"ATAGACCCAGCCCAGT-1_2",0.136777033675938,-0.0621939258280592
"ATAGACCCATAGGCGA-1_2",0.159621664181985,-0.133076995911785
"ATAGAGAAGAGCCATG-1_2",0.147910191550713,-0.00517979482548292
"ATAGAGAGTCTGTGAT-1_2",0.14161861677909,-0.086797559049697
"ATATCCTAGTTACTCG-1_2",0.148136368187608,0.137608297630049
"ATATCCTCATGTACGT-1_2",0.132573836514358,0.0325475041193347
"ATCACGAGTACTGTTG-1_2",0.113463437501276,0.0555226864930132
"ATCACGATCGAACCTA-1_2",0.123942826023547,0.0994648164555232
"ATCACTTGTCCGGACT-1_2",0.157405861937072,0.172284942509766
"ATCACTTTCAGACCGC-1_2",0.117364863005923,-0.0121626104989344
"ATCACTTTCAGTCAGT-1_2",0.131998228658634,0.0952549981894484
"ATCCATTTCAACGAGG-1_2",0.127817611778316,0.0437882412653514
"ATCGATGAGATCGGTG-1_2",0.175112185423375,-0.160676784378483
"ATCGATGTCCATATGG-1_2",0.171422437103084,-0.131698167023564
"ATCGATGTCTATGTGG-1_2",0.135000647826158,-0.0307538406127379
"ATCGTAGAGTCAGCGA-1_2",0.144430288725071,-0.047522207519993
"ATCGTAGTCACCCATC-1_2",0.163995376858855,0.180931518552505
"ATCTTCACATCGGAGA-1_2",0.141241618868701,-0.0532158169556656
"ATCTTCATCCTTATAC-1_2",0.166488508766699,0.182729387916476
"ATGAAAGTCGATCCAA-1_2",0.172317513794547,-0.172553129102172
"ATGAGGGAGCACTAAA-1_2",0.152476399678422,-0.153426434056
"ATGAGGGTCTAGTGTG-1_2",0.162914960083312,0.16782057313553
"ATGATCGAGGATTCAA-1_2",0.155892701738175,0.153292069601006
"ATGCATGCAGCGGATA-1_2",0.150013621496716,-0.0867155160890823
"ATGCGATAGCGAATGC-1_2",0.146709119814501,-0.0761446291574467
"ATGGATCTCTCGAACA-1_2",0.138189521034324,-0.0688095522698405
"ATGGGAGCATCTGCGG-1_2",-0.00182437289351211,0.0893956337023064
"ATGGGAGTCCACGTGG-1_2",-0.234633284821091,0.0301006719781594
"ATGGGAGTCGTTCCTG-1_2",-0.0679186291435288,-0.0885453086002134
"ATGGTTGGTCCCTAAA-1_2",0.155187058513876,0.164652045813902
"ATGGTTGTCCGGCAGT-1_2",0.18974520485493,-0.150549314427834
"ATTATCCCAATGGGTG-1_2",0.155970992693317,0.163324691102658
"ATTATCCTCATCGTAG-1_2",0.13644472977031,-0.039889405928587
"ATTCACTTCCGCACTT-1_2",0.149637285735077,-0.053820223774641
"ATTCATCTCGACTCCT-1_2",0.0786303032094639,0.0293723500301993
"ATTCCATCAGTATACC-1_2",0.116951301880442,0.121088184958134
"ATTCCCGAGAACTGAT-1_2",0.121257373401032,0.0581192442362785
"ATTCCTAAGTTACGAA-1_2",0.129386795980764,0.0327862732604281
"ATTCCTACAATGTTGC-1_2",0.104953618247848,0.0138450839636999
"ATTCCTAGTAGCGCCT-1_2",0.143959428715063,0.129740603909121
"ATTCCTATCTGGGAGA-1_2",0.138253278513907,0.100441040657914
"ATTCGTTTCAGTGATC-1_2",0.182323789618233,-0.181094461197413
"ATTCTTGGTTCGGCCA-1_2",0.130793792344358,-0.0392436670543787
"ATTTCACCAGAGAGGG-1_2",0.124115802758094,0.0780304873129763
"ATTTCACTCCCGTTCA-1_2",0.169922534474289,-0.177127607360407
"ATTTCACTCCCTCTCC-1_2",0.139535724654918,-0.14370581272743
"ATTTCTGTCGGTCTAA-1_2",0.164123208248539,-0.137123196763342
"CAAAGAAGTTCAACGT-1_2",0.127511205554635,0.0874687335716716
"CAAAGAATCGAACGCC-1_2",0.115050533595903,0.0950605048496371
"CAACAGTGTAGCTTTG-1_2",0.155981240591249,0.184379512027414
"CAACCAAAGACGTCGA-1_2",0.145011553490615,0.129732877130327
"CAAGACTAGCTCGCAC-1_2",0.18828425496543,-0.174595505777227
"CAAGGGACATTAAGCC-1_2",0.127324139050482,-0.0212683393271815
"CAATCGAAGTTCCGGC-1_2",0.163913955783138,0.167658784911433
"CAATGACCAAGACTGG-1_2",0.151375293398525,-0.0897359131858749
"CAATGACGTAGTAAGT-1_2",0.171233772485093,0.234801249646548
"CAATGACGTATACGGG-1_2",0.119550240656365,-0.132414206412737
"CAATTTCAGGTTCACT-1_2",0.130643002397317,-0.0160573857803148
"CACAGATAGATGGTAT-1_2",0.163627347375034,-0.186344531723227
"CACAGATAGCGAGAAA-1_2",0.156834142182109,-0.145477530488682
"CACAGGCCACCTCTGT-1_2",0.153563031879654,-0.154794714401735
"CACATGATCGCAGTCG-1_2",0.164868285244406,-0.137018059560765
"CACGAATGTTTCGATG-1_2",0.16394135069361,-0.122422245770505
"CACGGGTAGACGACTG-1_2",0.177988642813532,-0.167501647645341
"CACGTGGGTGGCGCTT-1_2",0.162816315921416,-0.109834173260024
"CACTAAGAGCTGTACT-1_2",0.147960569267101,-0.0590449428553081
"CACTAAGTCTCGGGAC-1_2",0.157940663713701,0.174494855430809
"CACTGAACACGTACTA-1_2",0.15850475005028,-0.134332574597056
"CACTGTCGTAATTGGA-1_2",0.140468179184506,0.135292283039619
"CACTTCGTCGGCCTTT-1_2",0.128120395008088,0.0505184501893539
"CAGAGCCTCCAACACA-1_2",0.194520547140955,-0.166711265263148
"CAGATCATCGCCTATC-1_2",0.12654416253446,-0.065941074679697
"CAGATTGCAATCTGCA-1_2",0.150580295959412,0.177904850082866
"CAGCAATGTACTGAGG-1_2",0.147151715482593,-0.0771266199932677
"CAGCACGAGACTCGAG-1_2",0.174914104887467,-0.147074673750605
"CAGCACGTCGATTGGT-1_2",0.157175609226928,0.233600564863518
"CAGCACGTCTAACGCA-1_2",0.135012730363181,-0.0619494860269213
"CAGCACGTCTGGCCAG-1_2",0.114130245094169,-0.0930002033031084
"CAGCCAGAGCATGCGA-1_2",0.148527088582394,0.142667669121962
"CAGGGCTGTTGAGTCT-1_2",0.155459864213001,-0.169873059225451
"CAGTTAGAGCTAAGTA-1_2",0.142984330975757,0.133327758147723
"CAGTTAGCAGGTTTAC-1_2",0.125290320173127,-0.0732746886363914
"CATACAGCATACTTTC-1_2",-0.0369686705435652,0.0509024419175932
"CATACTTTCCTCAGAA-1_2",0.129110933534809,-0.0298362984685574
"CATCCACGTGATATAG-1_2",0.148447180022535,-0.0822632779506346
"CATCCACTCAACCTTT-1_2",0.157581898751211,-0.0988927258211982
"CATCGGGAGTAGCCAG-1_2",0.174038494697004,-0.134677453333684
"CATCGGGGTAGTTACC-1_2",0.188828347003585,-0.180287010226716
"CATCGTCAGCACGGAT-1_2",0.164616696900033,-0.14475842488542
"CATGAGTCACAAGTTC-1_2",0.156914364295345,-0.12077505192597
"CATGCAAGTTAAGACA-1_2",0.162347517329148,-0.109036625683588
"CATGCGGGTTACACAC-1_2",0.117701005212157,0.046526549460627
"CATGGATTCTGCACCT-1_2",0.146519365596488,-0.0827535054479426
"CATTCATTCACGGTCG-1_2",0.147097479479421,-0.158865553509105
"CATTCCGAGAATTGTG-1_2",0.0924581248004211,0.102018222296528
"CATTCCGAGAGCTGCA-1_2",0.1373812649359,-0.0555101161930259
"CATTCCGCAACGATCT-1_2",0.0958417175694531,0.0947265663926394
"CATTCCGCACAATGAA-1_2",0.044719700137935,0.000765260306983673
"CATTCTACAGCATGCC-1_2",0.167332121139901,-0.164181869851083
"CCAAGCGGTAACAGTA-1_2",0.136332292792175,0.0442572875810596
"CCAATGACAACGGCTC-1_2",-0.0212377265845026,-0.0341692082857039
"CCAATTTTCTAGTCAG-1_2",0.0738595617967854,0.0650705703791818
"CCACACTTCTGCACCT-1_2",0.169524314616004,-0.170161630497672
"CCACGAGCAGTATACC-1_2",0.151884072612474,0.0233201663476648
"CCACGAGTCGCTATTT-1_2",0.156731638403134,-0.0641692828853447
"CCACGTTCAGTAGTGG-1_2",0.151805822666137,0.185306888756569
"CCACTTGTCGCAAGAG-1_2",0.103975352563232,0.0907206419999488
"CCCAACTCAGCTCTGG-1_2",0.125351891106992,-0.0625940803489459
"CCCAACTGTCCCGGTA-1_2",0.17612707419933,-0.154164995812516
"CCCATTGCACTGTCCT-1_2",0.178964075470445,-0.150346169573889
"CCCGGAATCGCCATAA-1_2",0.142417391685914,-0.0922933734425034
"CCCGGAATCTAGGCCG-1_2",0.154861063637581,0.145975924257452
"CCCTCAAAGACCCTTA-1_2",0.113902869854371,-0.0391827719530566
"CCCTCAAAGCTAAATG-1_2",-0.370450015381982,0.0534575348306884
"CCCTCTCAGCGGGTAT-1_2",0.107682316563467,0.0235443398031793
"CCCTTAGGTGCCGGTT-1_2",0.159812553595716,0.154378805741666
"CCGAACGTCACCATAG-1_2",0.12696604730255,0.0795274682037593
"CCGATCTGTATGCGTT-1_2",0.0658935924981054,0.0837869908886376
"CCGATCTGTTACCTTT-1_2",0.152018997548581,0.157975363720666
"CCGATGGTCTTCGACC-1_2",0.129003632272064,-0.0684694562446695
"CCGCAAGTCTGGCCAG-1_2",0.194459764235008,-0.176773647514083
"CCGCAAGTCTTCTGGC-1_2",0.151860551799864,0.0484626136717747
"CCGGGTAAGACTAGAT-1_2",0.132449438315112,0.0303400678481891
"CCGGTAGAGACTGTTC-1_2",0.162406878521926,-0.134954860243305
"CCGTGAGCACTAACCA-1_2",0.180067520862476,0.256266318913329
"CCTAAGATCGCGTGCA-1_2",0.155544396770663,-0.129491046977711
"CCTACGTCAGCGAGTA-1_2",0.169707268741609,-0.155663699826381
"CCTACGTGTCTTCATT-1_2",0.171269857508951,-0.138911696311174
"CCTACGTTCATGCAGT-1_2",0.119698341329729,-0.0822259898669466
"CCTACGTTCTGAGAGG-1_2",-0.152638825854953,0.0108022241146912
"CCTATCGCAGCGACCT-1_2",0.162628779719225,0.196639873726192
"CCTCAGTGTAGTTCCA-1_2",-0.341878008039413,0.0462407360474336
"CCTCAGTTCATCTATC-1_2",0.140931867440234,-0.0811170739239952
"CCTCATGAGCTCCACG-1_2",0.152061638887737,-0.119546547871491
"CCTCATGAGGTCTGGA-1_2",0.115366934777601,0.0883005819274447
"CCTCATGCAGTCTCTC-1_2",0.00318175084743499,-0.0247942846518045
"CCTCATGCATGGAAGC-1_2",0.163867102189543,-0.133139540447189
"CCTCATGGTCATCCGG-1_2",0.123862221390579,-0.0847742224351644
"CCTCCAATCATACAGC-1_2",0.176910782063191,0.199855540892301
"CCTCTAGCATACTTTC-1_2",0.134274004461806,-0.0882542673336559
"CCTCTAGGTAACAGTA-1_2",0.158023331046199,0.148464645223014
"CCTCTAGGTAGCGTTT-1_2",0.177051552288067,-0.153834838712156
"CCTCTCCGTGGCATCC-1_2",0.15623319677507,-0.10973081878637
"CCTTGTGAGGAAAGAC-1_2",0.170902719626023,0.222603528093002
"CCTTTGGGTCGCTGCA-1_2",0.189783776101932,-0.177008813695098
"CGAAGGAAGAGGCGTT-1_2",-0.0289499120926134,-0.0353709222823316
"CGAAGTTCAAATGGAT-1_2",0.134881102537113,-0.0870115606132671
"CGAATTGAGTCAGCGA-1_2",0.18050352531102,-0.154724571646977
"CGAGAAGAGCCATGCC-1_2",0.132492570478031,-0.064567992581024
"CGAGAAGCAGCATCTA-1_2",0.18698137898703,-0.178583330677121
"CGAGTGCAGATGCCGA-1_2",0.144621791230383,-0.167815412116903
"CGATCGGAGAACCCGA-1_2",0.178291622621569,-0.144608748132204
"CGCCAGATCGATACAC-1_2",-0.0283965389835279,-0.0305212273745671
"CGCCAGATCGGTGCAC-1_2",0.167186016345362,-0.158037208259054
"CGCGTGAAGGCTCTCG-1_2",0.145590635124032,0.129963297330418
"CGCGTGAAGGTCATTC-1_2",0.134007741437581,-0.0507512441937919
"CGGAATTCAGAGATGC-1_2",0.131394271082377,0.020097854340601
"CGGTCAGAGCACGTCC-1_2",0.0905686959632143,-0.111635836895812
"CGTAAGTAGAGAGGGC-1_2",-0.033998224926647,-0.0494259454969022
"CGTAATGCAGGTTTAC-1_2",0.164037573175273,0.174593902773018
"CGTAGTATCGAGTGGA-1_2",0.156919152149861,-0.125108458202813
"CGTGTCTAGTTTGTCG-1_2",0.111739821713808,0.0302822284040496
"CGTGTCTGTCAACATC-1_2",0.125447376007583,0.0722249880892754
"CGTTGGGGTAGCTGAG-1_2",0.0856287320599489,-0.12856472175536
"CGTTGGGGTAGTTACC-1_2",0.149885743386614,0.143073931737976
"CTAACCCAGTCAGGGT-1_2",0.150473705894582,0.156872023369496
"CTACAGATCACAATGC-1_2",0.17083394802384,-0.119923045414153
"CTACATTTCCAAGCAT-1_2",0.159546229817201,0.199907574627427
"CTACCCAGTACGTTCA-1_2",0.157419861552977,-0.120967165776634
"CTACCTGAGGTAAGGA-1_2",0.140499059444947,-0.142455023299215
"CTCAAGATCCTATTGT-1_2",0.101163471129195,-0.0829692479985946
"CTCAGGGCAAATTGCC-1_2",0.155619551212764,-0.134264167604447
"CTCATCGCATGACCCG-1_2",0.143997155533473,-0.106481756712713
"CTCCAACCACAGCATT-1_2",0.164034946411145,-0.153378601806211
"CTCCACATCAGGACGA-1_2",0.159590301792697,0.150106018299793
"CTCCGATCATATGAAG-1_2",0.146662014804837,-0.16140456594819
"CTCCGATGTAATGCTC-1_2",0.159295648480489,-0.181681643623623
"CTCCTTTCAGTCGCTG-1_2",0.185047846476735,-0.176869192721757
"CTCTCGAAGGTAACTA-1_2",0.127336527821362,0.0264850566732991
"CTCTCGATCCACGTAA-1_2",0.14418890848906,-0.119237003946124
"CTGAGCGAGTCAACAA-1_2",-0.234596774933377,0.0232160250205683
"CTGAGCGTCTCGCCTA-1_2",0.143051181224967,0.134849175734554
"CTGAGGCTCACCTCGT-1_2",-0.0421125193524678,-0.146338255491422
"CTGAGGCTCTTCCACG-1_2",0.185514048912937,-0.174278241781435
"CTGCAGGAGTATGATG-1_2",0.139990937126078,0.132797270950866
"CTGCATCCAATTTCGG-1_2",0.16222239463749,-0.172374848016295
"CTGCATCGTCTGTCAA-1_2",0.151133270063056,-0.118507082634537
"CTGCCTAAGGCTGGAT-1_2",0.112409203554999,0.00498238842169606
"CTGCCTATCCGGTTCT-1_2",0.15868902583634,-0.141159526791856
"CTGCGAGGTTCTTAGG-1_2",0.124631080770099,-0.0915355132037902
"CTGCGAGTCAACGTGT-1_2",0.110114474468988,0.039671717380745
"CTGTACCCAGGTTTAC-1_2",0.143307169103309,-0.0902798867660892
"CTGTCGTAGTCAGAGC-1_2",-0.0397556897989246,-0.0453573508300496
"CTGTGAACATGGATCT-1_2",0.142945568216955,-0.0979079998766621
"CTGTGGGAGAAGTCCG-1_2",-0.0501592274837217,-0.0699123661291096
"CTTCCGAAGCTGACAG-1_2",0.170052226021764,-0.133276844970223
"CTTCCTTTCATGAGTC-1_2",0.0890181221622575,-0.113621332524998
"CTTCTAATCAATCGGT-1_2",0.144392873760552,0.0159220241555662
"CTTGAGACAGTCAGAG-1_2",0.184145169197942,-0.176804675393564
"CTTGATTTCCTTATCA-1_2",0.162642844858505,0.169999666711705
"CTTTCGGCAGCCTTCT-1_2",0.160219421112715,0.155007002480069
"GAAACCTTCAAGTAAG-1_2",0.141695632681386,0.140459948105439
"GAAATGAAGTACTGTC-1_2",0.142767259523094,-0.111096831819242
"GAAATGATCGATGGAG-1_2",0.149290580955487,-0.125067168372333
"GAACACTGTCAGACGA-1_2",0.170365833908071,-0.161809814521249
"GAACTGTTCACCCTCA-1_2",0.165071433128341,0.183550096776846
"GAAGAATCAGGACTAG-1_2",0.156643191650106,-0.115675415008096
"GAAGCGATCCCGATCT-1_2",0.155669282369279,0.150371085923836
"GAAGCGATCTACTTCA-1_2",0.172882994821385,-0.169206218371309
"GAAGGACGTTGAGAGC-1_2",0.148948525449725,0.155451742195721
"GAAGGGTAGTTAACGA-1_2",0.166165989996362,-0.140713721646736
"GAAGGGTGTGCCCTTT-1_2",0.155899443785359,-0.0726223220589307
"GAAGGGTTCACCGCTT-1_2",0.125984394838625,0.0838903256999889
"GAATAGACATCGGTTA-1_2",0.119912982369599,-0.0285208004889975
"GAATAGAGTCCACTTC-1_2",0.122000986771255,0.0641681911985441
"GAATCACAGAGATTCA-1_2",0.126991766531714,0.108649641874961
"GAATCACGTTATAGCC-1_2",0.0639845628167803,0.104081432051845
"GAATCACTCAGGACAG-1_2",0.162613444803429,0.220977265938483
"GACCAATAGTAGTCTC-1_2",0.0813194157323341,0.0686117935761049
"GACCCAGAGCCATTCA-1_2",0.161285179039709,0.164955690619123
"GACCGTGAGCGACTGA-1_2",0.000188875313030351,0.00292599473812123
"GACCGTGGTTGGGTAG-1_2",0.137334910277708,-0.117402512880908
"GACCTTCTCTCATTAC-1_2",0.154843731600972,-0.121178147284917
"GACGCTGTCCTACGAA-1_2",0.00447910416610528,-0.0752790853858145
"GACTCAACACATATGC-1_2",-0.016538972139302,-0.0385019736623261
"GACTCAATCGATAACC-1_2",0.161898106854892,0.202358334843157
"GACTCTCAGGCCTAGA-1_2",0.149131939094567,-0.105277659560777
"GACTCTCCAACTTGGT-1_2",0.187341981444843,-0.18131167922049
"GACTTCCAGAGGTATT-1_2",0.189206376054361,-0.144519000578725
"GACTTCCGTATGGAAT-1_2",0.176292864587607,-0.11559903899063
"GACTTCCTCTAGTACG-1_2",0.130135655052366,-0.0246434340873371
"GACTTCCTCTCGCGTT-1_2",0.0284194128055892,-0.0757897760948092
"GAGAGGTAGTGATTCC-1_2",0.169120961037104,-0.146077070382
"GAGATGGGTGCGGTAA-1_2",0.131902878115541,0.108645374837422
"GAGCCTGAGTGCTACT-1_2",0.0922622406471717,-0.0469498828236037
"GAGCCTGCACACAGCC-1_2",0.135416589110668,-0.0443620050732775
"GAGCTGCCAAATCAGA-1_2",0.151961015992001,0.176793010911531
"GAGCTGCGTCGACTTA-1_2",0.141895766064101,0.126314537041992
"GAGCTGCGTTAGGGAC-1_2",0.162326229669845,-0.0985420335735804
"GAGGCCTGTTTGCCGG-1_2",0.116574021557098,0.093377529233669
"GAGGGATGTTTACTTC-1_2",0.133397254594033,0.0717701214578369
"GAGTCATGTTGCATTG-1_2",0.110987781757228,0.0618744339202712
"GAGTGAGAGCAATAGT-1_2",0.154508069340539,-0.115543099210369
"GAGTGAGAGGTTATAG-1_2",0.173209216480175,-0.142570856025934
"GAGTTGTGTACAGAAT-1_2",0.149714839957363,0.142099706311011
"GAGTTGTGTAGGCAGT-1_2",0.142032457616357,0.0896627642466933
"GAGTTTGAGCATTGTC-1_2",0.138276636957202,0.102286325558246
"GATCACAGTGACACAG-1_2",0.15100187786325,-0.123894189080546
"GATCAGTTCGCCGTGA-1_2",0.138419395646098,0.0928827301930585
"GATCATGGTGTTACTG-1_2",0.15704410778309,0.18420198989353
"GATCCCTGTGGGACAT-1_2",0.125115778584105,-0.0478927413383986
"GATGACTTCTAAGAAG-1_2",0.134717141158606,-0.0611902350039615
"GATGAGGGTTCGAAGG-1_2",0.135003142787526,-0.072843478932168
"GATGAGGTCTGCGTCT-1_2",0.104902141847678,0.02610727335582
"GATGGAGGTATGAAGT-1_2",0.156517202684476,0.153270045816507
"GATGTTGGTGTGTCGC-1_2",0.158381085747918,-0.0765146109137547
"GATTCGAAGGTCATTC-1_2",0.15150768281536,-0.141898832913929
"GATTCTTGTAGTCGTT-1_2",0.145581522994416,-0.0782691440378278
"GCAACATTCACGGGAA-1_2",0.145595743288665,-0.0764990895939949
"GCACATACACTGCACG-1_2",-0.206147233477687,0.0198912016094513
"GCACGTGGTGAATATG-1_2",0.102309610223113,0.103868938393759
"GCACTAACACTTGTGA-1_2",0.143242051898647,0.107766919929729
"GCAGCCACAAGTGTCT-1_2",0.18057518420631,-0.172487646466656
"GCAGCTGTCAAGAAAC-1_2",0.169040570257431,-0.151671856327683
"GCAGCTGTCGGAGTAG-1_2",-0.051765567478033,-0.0586755118642283
"GCAGGCTTCACCCTTG-1_2",0.155403563952727,-0.0995271842994438
"GCATCTCCATAACAGA-1_2",0.146765366738241,-0.0919114610832662
"GCATGATGTGTTAAAG-1_2",0.132912553124257,0.0998749323941307
"GCATTAGCATCCGAAT-1_2",0.137926179045623,0.107128829537292
"GCCAGCACAAGTGGGT-1_2",0.168713288193722,-0.157727842757024
"GCCAGCATCCCAACTC-1_2",0.150818546735573,0.0255699935666109
"GCCAGTGCACAGAGCA-1_2",-0.238815494824849,0.0191423871654157
"GCCATGGCACCTTCGT-1_2",0.00683980189367017,-0.0102318255987014
"GCCATGGTCCCTCTCC-1_2",0.118318107417099,-0.0326067738606342
"GCCATTCCATGAATCC-1_2",0.124625892565467,0.102285700024927
"GCCCAGATCTCCAATT-1_2",0.129970405705714,-0.0601533199090481
"GCCCGAAGTCTGTGTA-1_2",0.128947382586868,0.120157848721947
"GCCGATGAGGGCATGT-1_2",0.15371540674157,-0.117856985046601
"GCCGATGCATACAGAA-1_2",0.157624200658701,-0.126471934817941
"GCCGATGGTCCAAGAG-1_2",0.131459605086163,-0.016809275157199
"GCCGTGAAGAAAGCGA-1_2",0.0833686382970208,0.0533409891633302
"GCCGTGACAGCACACC-1_2",0.0487324181405219,0.173357207032279
"GCGAGAAAGGTCGCCT-1_2",0.144279330620736,-0.110669793909103
"GCGAGAAAGTATCTGC-1_2",0.0530135394561487,0.0573132863187391
"GCGATCGAGATGGTAT-1_2",0.191522530982245,0.27595356070115
"GCGATCGCAAGCCCAC-1_2",0.170495819038801,-0.158910794720813
"GCGGATCCAGGAGACT-1_2",0.161179328719129,-0.134373309455751
"GCGTGCACAGATAAAC-1_2",0.138056139051502,0.0296322018508967
"GCGTGCACATTGTACG-1_2",0.133860737965337,-0.013696962113429
"GCTACAAAGTTCCGGC-1_2",0.158432904597968,-0.115284224380625
"GCTACAAGTTGAATCC-1_2",0.123511521111206,0.0206343199575206
"GCTACCTGTAGCCCTG-1_2",0.16557619465686,-0.0820421954852563
"GCTACCTTCCCGAACG-1_2",0.158667332564832,0.153846715527479
"GCTCAAATCCCAACTC-1_2",0.157566706704899,0.150888025980171
"GCTGAATCATCGAAGG-1_2",0.166833786839932,-0.161564662975652
"GCTGAATCATGTGACT-1_2",0.123322607084395,0.125848111636433
"GCTGAATTCAAGTAAG-1_2",0.0388003738806862,0.010307292595055
"GCTGCAGAGCGTCAGA-1_2",0.138204096006323,-0.0562171287052669
"GCTGCAGTCCGCAAAT-1_2",-0.0535037953932405,-0.0609350906175685
"GCTGGGTAGCGTCAGA-1_2",0.147223481124508,0.131592599980198
"GCTGGGTGTAGGACTG-1_2",0.0571419688473629,0.192040984624928
"GCTTCACCAAGAGCTG-1_2",0.12461764644446,0.0605821489716446
"GCTTGGGCAGAGTCAG-1_2",0.151202891522472,0.0120789367341892
"GCTTGGGGTAACATAG-1_2",0.130651058347693,-0.0501199238487452
"GCTTTCGAGCACTTTG-1_2",0.177575238694518,-0.164266967201789
"GCTTTCGGTCTACAGT-1_2",0.106873449128322,-0.0945346679771312
"GCTTTCGTCCATTTCA-1_2",0.162232389186787,0.164105507929258
"GGAACCCAGAACCCGA-1_2",0.133699309687123,0.030378400772458
"GGAAGTGCACGTAGTT-1_2",0.150544099267872,-0.120255458462841
"GGAAGTGGTAGACAGC-1_2",0.156693862954613,0.148828323920614
"GGAATCTAGCCTGTGC-1_2",0.175812106413379,-0.1627406525287
"GGAATGGTCCGCAACG-1_2",0.134375708443564,0.0589799241051486
"GGACGTCGTCACCGAC-1_2",0.115890402394263,0.0610803903327627
"GGAGAACCACGTACAT-1_2",-0.0427514207527266,-0.0439114422415276
"GGAGAACTCGACATTG-1_2",0.124149618848635,-0.0385094620766478
"GGAGATGAGCTACTAC-1_2",0.114595554652332,-0.043357750846096
"GGAGATGGTCACTAGT-1_2",0.143411056648137,-0.00021141060420611
"GGAGCAAAGTACAGCG-1_2",0.174218985094182,-0.160817649687424
"GGAGCAAGTCTAGTGT-1_2",0.15565969135402,-0.0712601776503706
"GGAGGATCAGCTCGGT-1_2",0.139842738223476,0.0660467524722451
"GGAGGATCATGAGGGT-1_2",0.12929738484765,-0.0468970833751539
"GGAGGTAAGGTAAGGA-1_2",0.173983873160678,-0.163289310807002
"GGATCTACAGACCCGT-1_2",0.165971900706331,-0.187070004407833
"GGATGTTCAGTTTCGA-1_2",0.191544420344287,-0.154696914416838
"GGATGTTTCGGTGCAC-1_2",0.132682176386418,0.0447395153264444
"GGCTTGGCATATGGCT-1_2",0.0463856949045761,0.158442167497517
"GGCTTTCCACTTCCTG-1_2",0.172185349707059,-0.145918091008208
"GGGACAAAGACTCCGC-1_2",0.150185556506681,-0.0523255385747391
"GGGACAAAGCGGTATG-1_2",0.136923764826552,-0.0543774818170285
"GGGACAACATGTCAGT-1_2",0.16356739858256,-0.142963108775298
"GGGACAAGTAACACGG-1_2",0.127043667908126,0.0831538901029289
"GGGACCTGTACACGCC-1_2",0.13697071301357,-0.00945554946047603
"GGGACCTGTCACGACC-1_2",0.059880294203582,-0.0865358167734743
"GGGACTCAGTTGGAAT-1_2",0.175306834068476,-0.185387860108306
"GGGACTCTCCGTCCTA-1_2",0.165285321395644,-0.121152679647366
"GGGAGATCAACACGTT-1_2",0.148876681602058,-0.0179477121842867
"GGGAGTATCATTTGCT-1_2",0.149498804778373,-0.062569561335942
"GGGAGTATCCCTGGTT-1_2",0.188202915483023,-0.18268241564677
"GGGATCCAGACATCCT-1_2",0.00439819872276908,-0.00306405889456209
"GGGCGTTGTTCGGCTG-1_2",0.155791843183274,-0.0941672571394218
"GGGCTACGTTCGCGTG-1_2",0.15106479023653,0.172859202141333
"GGGTAGAAGTGTAGAT-1_2",0.0400916887167767,-0.0202803353241168
"GGGTATTGTTCTTGCC-1_2",0.140086045542571,-0.0640616949510614
"GGGTCACAGTGTTGTC-1_2",0.147315652212039,0.13879878324285
"GGGTCACTCACTTATC-1_2",0.163175758880327,-0.105603175707858
"GGGTCTGGTATTTCTC-1_2",0.163922522529366,0.182631603022036
"GGGTGAATCTTCGGTC-1_2",0.033376583071058,0.0263297632371347
"GGGTGTCTCAGACCGC-1_2",0.144555718547451,0.00231621134878821
"GGGTGTCTCGCACTCT-1_2",0.152336870116057,-0.140642336862246
"GGGTTTAGTACAGTCT-1_2",0.164413530777413,-0.12561438854414
"GGTAGAGTCGAGAAGC-1_2",0.122339056971011,0.0816357536666011
"GGTCTGGCAAAGGGCT-1_2",0.155487614445334,-0.125982817928065
"GGTGAAGAGTCGTTAC-1_2",0.157953674275313,-0.14989250214444
"GGTGAAGCAGCGGATA-1_2",0.144283244661283,-0.0929834919827414
"GGTGAAGTCTCTAGGA-1_2",0.165325631926464,-0.169499496956629
"GGTGGCTTCGATTGGT-1_2",0.152473404267318,-0.0320988394031623
"GGTGGCTTCGGTCGGT-1_2",-0.00333984916244752,-0.0481819095367937
"GGTGTCGAGAAGTCTA-1_2",0.147780652789538,-0.13573550557325
"GGTTAACAGCGACAGT-1_2",0.159526102304115,-0.0963830611618
"GGTTAACCAGTACTAC-1_2",0.129824800884642,0.0185711540551256
"GGTTGTACAGAGCCCT-1_2",-0.0489768497069427,-0.0478752345786532
"GGTTGTAGTCCGCAGT-1_2",0.143675275040641,-0.134950758259512
"GTAATCGCACGACCTG-1_2",0.144289045055358,-0.0951546419414118
"GTAATCGTCATAGAGA-1_2",0.126909397855956,-0.0126104413995569
"GTAATGCCACCTGAAT-1_2",0.151249764824714,0.167214812303499
"GTAATGCGTCGCATCG-1_2",0.163371739557731,-0.125873979895623
"GTAGAAAAGGGTCACA-1_2",0.0769958150849823,0.128823179066433
"GTAGAAATCGGTCAGC-1_2",0.155427570505472,-0.14455021372388
"GTAGATCCACGCACCA-1_2",0.181252359036031,-0.162520428417819
"GTAGCTACAAATCAGA-1_2",0.167625251170879,-0.170266174756021
"GTAGCTACACCTTCCA-1_2",0.14912001079788,0.010940916331262
"GTAGCTATCGACGACC-1_2",0.154958992297986,0.147516515874127
"GTAGGAGAGCCATGCC-1_2",0.146461721665596,0.136476691971951
"GTAGGAGGTACCCGAC-1_2",0.12603797328121,0.106195225707626
"GTAGGAGGTATGCGGA-1_2",0.176661006719514,-0.160989403454674
"GTAGGAGTCCATGAGT-1_2",-0.163591335635134,0.0128589819825729
"GTAGGTTGTACAACGG-1_2",0.121650680066883,-0.0389573988650847
"GTAGGTTTCGCCTATC-1_2",0.00353968561623072,-0.114133508520043
"GTAGTACAGTTGGAGC-1_2",0.133515649206076,0.117478329167001
"GTAGTACGTAGAGGAA-1_2",0.163976703981763,0.177599144921474
"GTATTGGGTCTTACAG-1_2",0.174532164855641,0.23177623422473
"GTATTGGTCGGAGATG-1_2",0.14400934760377,0.173671461404765
"GTATTTCCACTGTCCT-1_2",0.153974175367104,-0.105186752016156
"GTCAAACTCCGTACGG-1_2",0.193884767513108,-0.162594307762614
"GTCAAACTCGCCTTTG-1_2",0.178638054536329,-0.161106693360287
"GTCACGGTCTCGTGGG-1_2",0.136420803401209,0.110800392508307
"GTCACTCTCAAGAAAC-1_2",0.072812351380422,0.11351510958936
"GTCAGCGAGTACCGGA-1_2",0.161737595636763,0.18743291672028
"GTCAGCGAGTGGGAAA-1_2",0.121258337305725,-0.0311657907224972
"GTCAGCGCATGTCAGT-1_2",0.144240636558335,-0.139219810451454
"GTCATCCTCAGGCGAA-1_2",-0.0953735575924175,-0.0252970682947354
"GTCATGATCACATCAG-1_2",0.174299628168377,-0.166202841054439
"GTCATTTTCGCAGAGA-1_2",0.151142357247932,-0.104336354069168
"GTCCACTCAACACAGG-1_2",0.152934734279707,0.142290867106911
"GTCGAATGTCTGTGCG-1_2",0.166526665941507,-0.173271219377948
"GTCGCGATCGCCAGTG-1_2",0.175565906148083,-0.141136032036903
"GTCGTAAAGTCTGGAG-1_2",0.120603087120788,-0.101716275804317
"GTCGTTCCAGATAAAC-1_2",0.128370589941362,-0.00396096578734144
"GTCTGTCAGCTGTGCC-1_2",0.152444117369604,-0.0423186339709779
"GTCTTTACAATTGCCA-1_2",0.138596838572175,0.138958093782215
"GTCTTTACAGCACAAG-1_2",0.183968887433582,-0.17587240428364
"GTGAGCCAGGTCACCC-1_2",0.107022291526884,0.030225249166603
"GTGAGGAAGTTTGGCT-1_2",0.18890862345288,-0.144995120740032
"GTGAGTTGTTTGGGTT-1_2",0.187373384070834,-0.169041837733982
"GTGATGTGTTACCCAA-1_2",0.0987274280221241,0.109757705447222
"GTGCAGCGTTCCGCTT-1_2",0.152245740183908,-0.126810346559314
"GTGCGTGAGCCGATTT-1_2",0.124748517971975,-0.0497436969095964
"GTGCTGGCAGTTGAAA-1_2",0.144403540978661,-0.0110573253905228
"GTGCTTCTCTATTTCG-1_2",0.125349239081323,-0.0488595647118424
"GTGGCGTGTCATCTAG-1_2",0.0936199797857521,0.0628642018644485
"GTGGCGTGTCCTGGTG-1_2",0.0401759297694153,0.00496525480151221
"GTGGGAAAGCACCGTC-1_2",0.162529662605704,0.185661166801629
"GTGTCCTAGAGCATAT-1_2",0.131154482644907,-0.0340990501563801
"GTGTCCTGTGCACAAG-1_2",0.177092211857383,-0.165279301020121
"GTGTGATGTGATAGTA-1_2",0.125255824099021,-0.066324179795566
"GTGTGGCTCAATCCGA-1_2",0.122046585510093,-0.0930194369927394
"GTGTGGCTCATCGCAA-1_2",0.114099784976601,0.0907157971787548
"GTTACAGAGCTTGTGT-1_2",0.138645668629148,0.044138667483018
"GTTACAGTCAAGCTTG-1_2",0.157331474583902,-0.136248358601026
"GTTACAGTCTTTCAGT-1_2",0.108455340614715,0.0768799256228905
"GTTACCCAGTCCTACA-1_2",0.0968414130879438,0.000370338241065075
"GTTACCCAGTGTTGAA-1_2",0.143580984470208,0.126815528716608
"GTTACCCCATCCTATT-1_2",0.134283394572769,-0.0577121543492916
"GTTAGTGGTCTGATCA-1_2",0.0430319650956317,0.0390249524770617
"GTTCATTCAAGGCCTC-1_2",0.123611579683652,-0.0249222759500957
"GTTCCGTGTATCCTTT-1_2",0.132115956007115,-0.0597394576909203
"GTTCCGTTCAAAGGAT-1_2",0.170654202455129,-0.130447327158925
"GTTCGCTAGCTACAAA-1_2",0.122386211001733,0.0965942067005188
"GTTCGCTCAATCGCCG-1_2",0.124057751565852,-0.114627505798096
"GTTCGCTTCTATACTC-1_2",0.178435490306752,-0.165893230585198
"GTTCTATAGCTTTGTG-1_2",0.145991967940028,-0.00475507288222254
"GTTCTATCAGAGTTCT-1_2",0.145559633834148,0.168382430146157
"GTTCTATTCCGAGTGC-1_2",0.154752715693376,-0.0482151405941563
"GTTCTATTCTCGCAGG-1_2",0.150485885089177,0.150617525535692
"GTTGAACCAAGCTGTT-1_2",0.172910296642024,-0.176913554769136
"GTTGAACGTGTCCATA-1_2",0.130733722610444,-0.0513134461190761
"GTTGCGGAGGACAGCT-1_2",0.174315678651755,-0.162674411662726
"GTTGCGGGTTAAGTCC-1_2",0.156809392273903,-0.110681810061143
"GTTGCGGTCTAACACG-1_2",0.171335251171011,-0.124004225602646
"GTTGCTCTCAAGTCGT-1_2",0.13135334645909,-0.0805409972593722
"GTTGCTCTCTACTCAT-1_2",0.185166086025945,-0.185360727342072
"GTTGTAGGTGATTAGA-1_2",0.151359394446676,0.0641693269979917
"GTTGTCCCATTGAAAG-1_2",0.129680619999208,-0.00564034479135576
"GTTGTCCGTTGCTCCT-1_2",-0.157229814219926,0.0148175856187441
"GTTTACTCATTAGGCT-1_2",0.16150638327859,0.169169476659782
"GTTTACTGTACTCCCT-1_2",0.176088429270825,-0.131921329451444
"TAACACGCAAGCCATT-1_2",0.118390602474654,-0.0709753686365842
"TAACACGCACCAGCTG-1_2",0.142261082362688,0.137925250727963
"TAACACGTCTCCTACG-1_2",0.1565515784459,0.147873437460967
"TAACCAGGTACGTACT-1_2",0.180760112357429,-0.169116419506712
"TAACGACGTCGCCACA-1_2",0.132265296473948,0.0266485800723818
"TAACGACGTGCAACGA-1_2",0.107496582753501,-0.0712206155638473
"TAACGACTCGGACTGC-1_2",0.175515318632445,-0.165244819968259
"TAAGCACAGCCTGTGC-1_2",0.149408031084816,-0.107723046980452
"TAAGCACCACCGCTAG-1_2",0.121415325103438,-0.00968584550321559
"TAAGCCACAGTTGTTG-1_2",0.130513134650994,0.0383031794590325
"TAAGTCGCAGTTGGTT-1_2",0.158970981482983,-0.145142206314478
"TAATCTCCAAGACGGT-1_2",0.130662506443449,0.0326516588043582
"TAATTCCAGTTAGAAC-1_2",0.157349461303862,0.163224119057961
"TAATTCCCATAACCCA-1_2",0.133778985801903,0.097726915066298
"TACACCCCAGTTTCGA-1_2",0.146493939843058,-0.0231777398333055
"TACATTCGTTTACACG-1_2",-0.068873125700326,0.032150187816106
"TACATTCTCAAGAAAC-1_2",0.146415881766035,-0.156193481959305
"TACCCACTCATTCACT-1_2",0.153775777199231,0.161584856831602
"TACCGGGCAAGACAAT-1_2",0.129628861924649,0.0549745119827928
"TACCGGGGTTGCGTAT-1_2",0.123561170369147,-0.0894403002985403
"TACCTGCAGCAGGCAT-1_2",0.157368168024867,0.180926934221632
"TACCTGCTCCACTAGA-1_2",0.154639963487764,-0.113260260865915
"TACGCTCAGTACGTCT-1_2",0.00222749146289628,0.0619870366672272
"TACGGGCGTTAGGCTT-1_2",0.158702158828905,0.152700502619025
"TACGGTACATACTTTC-1_2",0.0962031790614429,0.0590831049635285
"TACGTCCCAACGTATC-1_2",-0.216516326861012,0.0241792181062453
"TACTTACGTGAATGAT-1_2",0.0706569717715425,-0.0923943429031228
"TACTTCAGTGAGATAT-1_2",0.136934433393871,-0.0694185877667393
"TACTTCATCGTGTGAT-1_2",0.164278300737819,-0.135613072742159
"TAGACCAAGCCTCTTC-1_2",0.134252159973122,-0.0602428633734104
"TAGACCACAAATCGTC-1_2",0.150841638751016,-0.0558159361366711
"TAGACCATCAACTTTC-1_2",0.135223923577708,0.0257645780469653
"TAGACTGCACTGAATC-1_2",0.185848291936028,-0.175416320822133
"TAGAGTCGTTCAAGTC-1_2",0.170554691999073,-0.115127596983646
"TAGCACAAGGTAGTAT-1_2",-0.000426631513452668,-0.0608223875608621
"TAGCACACATCCGGTG-1_2",0.134717250848866,-0.0421651433582451
"TAGGGTTAGGTACATA-1_2",0.168557586367223,-0.158661091407495
"TAGGGTTCAGAGATGC-1_2",0.157862403301515,0.157444563482795
"TAGGGTTCATCCTTGC-1_2",0.148729751500887,0.154248386337762
"TAGGGTTTCTCTGAGA-1_2",0.168992952820306,-0.172089026555969
"TAGGTACAGTAGGAAG-1_2",0.122375133897817,-0.089510330022384
"TAGTGCAAGTTAACGA-1_2",0.134164329519757,-0.0437048368061127
"TATACCTCATAATCCG-1_2",0.154728034847773,-0.149398389909929
"TATACCTGTATACGGG-1_2",0.158852288046312,-0.121624652462689
"TATATCCAGGACTAAT-1_2",0.154869109880141,-0.197904076658448
"TATCAGGTCGGCGATC-1_2",0.125418408977048,0.0170307499937015
"TATCCTAGTCGATGCC-1_2",0.142772758145603,-0.15951721866969
"TATCGCCAGCTGGAGT-1_2",0.13273314136665,0.0871718173988044
"TATCGCCCACGCGTCA-1_2",0.176921685728063,-0.173410468686988
"TATCGCCCACTGAGTT-1_2",0.124516672223342,0.16006774047468
"TATCTGTCATACCATG-1_2",0.185509473734849,-0.15941123751786
"TATGTTCGTATAGGAT-1_2",0.135061743357823,-0.0140293486461546
"TATTCCAAGTCGGGAT-1_2",0.152744471100644,-0.0432853476993207
"TATTGCTAGGATCATA-1_2",0.0299835433136957,-0.0436471578341945
"TATTGGGGTCTCAGGC-1_2",0.173423983483938,-0.181638944548484
"TCAATCTTCTGCTGAA-1_2",0.149335127395522,0.143719650687699
"TCAATTCGTGCCTAAT-1_2",0.139468383008896,-0.0599799712478278
"TCACATTAGGTGAGAA-1_2",0.150247379552768,-0.0830026864195435
"TCACATTCATCGAACT-1_2",0.144271116286985,0.132708292715658
"TCACGGGTCGTTATCT-1_2",0.148353872270796,0.139849551868702
"TCACTCGCATTGGCAT-1_2",0.13940139606033,-0.0246598819948139
"TCACTCGGTACCATAC-1_2",0.126678653608055,0.104186399307759
"TCACTCGGTATCGCGC-1_2",0.105834414802308,-0.0946228497405429
"TCACTCGTCGGCCTTT-1_2",0.163393690619851,-0.148395222187775
"TCAGCAATCGAGAATA-1_2",0.138137224232217,-0.0447498958842496
"TCAGCCTCAAACTCTG-1_2",0.193610094228766,-0.165494311182221
"TCAGGTAAGACATCAA-1_2",0.151443269523387,-0.13408719838999
"TCAGGTAAGCGCCGTT-1_2",0.121323114369746,0.0448725854209908
"TCAGTCCGTGAGTGAC-1_2",0.126742751070592,-0.00126775230191307
"TCAGTCCTCGCTGATA-1_2",0.0639973302430524,-0.0443416620153565
"TCAGTCCTCGTTCTCG-1_2",-0.229404431936671,0.0306038605277468
"TCAGTGACACGGCTAC-1_2",0.134848831620649,0.06562890592094
"TCATACTAGAGTGGCT-1_2",0.115068618198744,-0.0187935376949809
"TCATACTAGGAGTATT-1_2",0.161642070292601,0.161253813771096
"TCATACTGTTTATGCG-1_2",0.149352251698385,0.130942808329424
"TCATACTTCGTGTGAT-1_2",0.166404506720138,-0.161412167640328
"TCATATCAGCAAGGAA-1_2",0.171761028632614,-0.148457652345774
"TCATATCAGCGTGTTT-1_2",0.150427308759236,0.0272387093555789
"TCATATCGTGGTTTAC-1_2",0.158141973123519,-0.116049230113357
"TCATCCGAGTCCGTCG-1_2",0.168398654388338,-0.181102184659126
"TCATCCGGTCAGGCAA-1_2",0.191014840701109,-0.15891504440051
"TCATCCGTCTGCCCTA-1_2",0.131518448258104,0.090333654126178
"TCATGAGCACTGTCGG-1_2",-0.193374263396428,0.0192492960085208
"TCATGAGGTTTGGAGG-1_2",0.141772238605282,-0.00901491680891621
"TCATGAGTCAACGTGT-1_2",0.138996066032596,-0.104169596545783
"TCATTCATCCGACATA-1_2",0.178315960114647,-0.146741146547384
"TCATTTGAGTCTTCGA-1_2",-0.0261680776063329,-0.0425093492727406
"TCCACCAGTATTGAGA-1_2",0.116212201510095,0.049301806393295
"TCCACCATCATGCCGG-1_2",0.12142569934419,0.0942922444614461
"TCCAGAACAGTAGAGC-1_2",0.160354643424008,0.153316474958293
"TCCAGAATCCCGTAAA-1_2",0.160563285405272,0.155672815315996
"TCCATCGAGTGCCGAA-1_2",0.0919437570560872,0.0981881278831885
"TCCATCGTCCCGATCT-1_2",0.155408225590612,0.168065055930192
"TCCATGCAGAAGTATC-1_2",0.130510637024129,-0.00554406251622713
"TCCATGCCAACCCTCT-1_2",0.15210161630609,0.0428035237405938
"TCCCAGTGTATGTCCA-1_2",0.139993092794032,0.00275898924288244
"TCCCATGGTCACCCTT-1_2",0.159888490608464,0.164031878339423
"TCCGAAAAGTGTGTTC-1_2",0.164436860628505,-0.168180706706148
"TCCGATCAGGTAGGCT-1_2",0.150087331369555,0.14369813501914
"TCCGATCCACCCTAAA-1_2",0.149875640963121,-0.0265325661781489
"TCCGATCGTCCGTTTC-1_2",0.160853694275394,-0.0842593674342344
"TCCGGGAAGTCGTTAC-1_2",0.122766676189253,0.0981744431873378
"TCCGGGACAACTTCTT-1_2",0.147076360905343,-0.00425096694035468
"TCCGTGTTCAGTAGGG-1_2",0.188236068914607,-0.168980145864624
"TCCTAATCAAACCATC-1_2",0.129792450034455,-0.00475503268766185
"TCCTCCCAGGATGGCT-1_2",0.181386586163598,-0.161002600227245
"TCCTCCCAGGCATGGT-1_2",0.122188538476301,-0.0743389717099807
"TCCTCGAAGAGATCGC-1_2",0.158544138488333,0.16613697781742
"TCCTCTTCAGGTGACA-1_2",0.147008071747386,0.163847502707647
"TCCTCTTTCACACCCT-1_2",0.170554084215735,-0.125046091374922
"TCCTGCATCTACCCAC-1_2",0.12924473901039,-0.0184071678460615
"TCCTTCTCAACCTAAC-1_2",0.145065950034267,-0.0967682476477229
"TCCTTTCGTTGCCTAA-1_2",-0.0535429334037315,-0.0585150331755538
"TCCTTTCTCACGGTCG-1_2",0.177758677629276,-0.172239503710762
"TCGAACAGTTTGCAGT-1_2",0.157030767550568,-0.14646299051579
"TCGACCTTCTAGCCAA-1_2",0.146686660212848,-0.122314360991085
"TCGACGGAGAATCGCG-1_2",0.135918305979148,0.0157130233043734
"TCGACGGTCATGACAC-1_2",0.159588589211723,-0.121934053577335
"TCGATTTAGCTGTACT-1_2",0.146539272693962,0.128046706208545
"TCGCACTCATTATGCG-1_2",0.162628055202198,0.164371769147269
"TCGCACTGTTCAGCGC-1_2",0.138896323473608,0.1599062907223
"TCGCAGGAGTCACAGG-1_2",0.176265197556474,0.218023740713388
"TCGCTTGAGTTGTCAC-1_2",0.168849234351589,0.242947608250706
"TCGCTTGTCGACATTG-1_2",0.111710467738373,0.0510509493572938
"TCGGATAGTCTTCATT-1_2",0.129512221940957,0.0310811866985141
"TCGGATAGTGACTATC-1_2",0.0809543424049631,0.0858637823325978
"TCGGGTGCACTACCGG-1_2",0.19192867911215,0.218525685845353
"TCGGTCTGTTGACTGT-1_2",0.151487703319005,-0.142298335648001
"TCGTAGATCGGATACT-1_2",0.127510224642014,-0.112351143668884
"TCGTGGGTCGATACAC-1_2",0.185514575455909,-0.166071156689888
"TCTAACTAGAACTCCT-1_2",0.158929882051686,-0.0894886969638209
"TCTACATAGTGCAACG-1_2",0.0225026142944815,0.0181782316525976
"TCTACATCAGGTACGA-1_2",0.123101881318667,0.0357533876249117
"TCTACCGTCCCATACC-1_2",0.125235062485197,0.131794116123004
"TCTATCACACCAGCGT-1_2",0.178024761578449,-0.13121402490253
"TCTCACGAGTAAACAC-1_2",-0.0528680536297594,-0.0589113320387585
"TCTGCCAGTCCAAGAG-1_2",0.185658136442148,-0.150937860171048
"TCTGGCTGTTACCTGA-1_2",0.0503686214745907,0.132071804750195
"TCTGTCGCACGTCGGT-1_2",0.151566686512432,0.138163681935403
"TCTGTCGGTGATTCTG-1_2",0.147059123037967,-0.104385546671758
"TCTGTCGGTTATGTGC-1_2",-0.1550497516185,-0.00462012742973869
"TCTTAGTGTTAGAAAC-1_2",0.162343270076026,0.177253232955901
"TCTTAGTTCGACCATA-1_2",0.174189260767339,-0.151142551192462
"TCTTCCTAGAAGCCTG-1_2",0.178916067067273,-0.160467681135577
"TCTTCCTAGGTAACTA-1_2",0.142988702360176,-0.0595479687033544
"TCTTCCTGTGGGATTG-1_2",0.164012139915676,-0.14009255239785
"TCTTGCGGTCCCAAAT-1_2",0.159061552093885,-0.131552336801153
"TGAATGCTCTTTGCGC-1_2",0.1713313503762,0.19191778829052
"TGACAGTCAAACTCTG-1_2",0.142758058068082,0.126265561703669
"TGACAGTGTTGTGGCC-1_2",0.120477198338584,0.0380536852754127
"TGACAGTTCTAGACCA-1_2",0.124618502020323,0.0552692005211357
"TGACCCTTCGTGGTAT-1_2",0.131253699749096,0.017844575484457
"TGACGCGGTATAGCTC-1_2",-0.243325491941932,0.0430156037603626
"TGACTCCCAATAGTCC-1_2",0.189264774378174,-0.159810590651361
"TGACTCCCACCACATA-1_2",0.121337557615018,-0.00717302797890301
"TGAGCATAGGTCCTGC-1_2",0.130170061426545,-0.0311650165782727
"TGAGGAGGTGGACAGT-1_2",0.158239359367686,0.187515344093693
"TGAGGGAAGTTGCGCC-1_2",0.129948433361299,-0.12669687890719
"TGAGGTTAGTCCGCCA-1_2",0.157229411834722,-0.150867651169551
"TGAGGTTAGTTTCGGT-1_2",0.125679806579877,-0.0607287821573881
"TGAGGTTGTCGTACTA-1_2",0.129496728835202,-0.00691937484453806
"TGAGTCAAGCCTCACG-1_2",0.186375424747875,-0.154033420490727
"TGATGGTCACTGCTTC-1_2",0.168537531748836,-0.154990509850041
"TGATGGTGTTAAACAG-1_2",0.167816955445778,-0.149995449969443
"TGATTCTTCGACGAGA-1_2",0.133445398669052,-0.0583216697079495
"TGCATCCAGGTATCTC-1_2",0.156056236297906,0.182061020372078
"TGCATCCAGTTTAGGA-1_2",0.0370922870842922,0.0778157824563227
"TGCGACGCACAGCCTG-1_2",0.0189585823282492,-0.0472244500676134
"TGCGACGCACCTGTCT-1_2",0.158161897217655,-0.128897411301462
"TGCGATACAGCTCGGT-1_2",0.127064181559149,0.0944805221894161
"TGCGGCACATGACGGA-1_2",0.172923915602456,-0.149304137972132
"TGCTCGTAGAGCTGAC-1_2",0.145063762658181,0.134322930976157
"TGCTCGTAGGGACCAT-1_2",0.176821970659645,-0.153202364290199
"TGCTGAAAGATACTGA-1_2",0.168592152192495,-0.124078445666885
"TGCTGAATCTCCCATG-1_2",-0.0370032391651695,-0.0364285998217508
"TGGAACTAGCACGTCC-1_2",-0.223743810289468,0.0223470930159901
"TGGAACTGTCTTCTAT-1_2",0.116299542273088,-0.113685141944599
"TGGAGAGAGAGTGTGC-1_2",0.153902162419534,0.184217981298255
"TGGAGAGCAACTCGTA-1_2",0.155016184041228,-0.0725062353782067
"TGGATGTTCCTTTGAT-1_2",0.110176965767141,0.0629194694139854
"TGGGAGAGTATCACCA-1_2",0.126001822168974,0.0846678969004592
"TGGGAGATCGAGAAAT-1_2",0.170255744776865,-0.154125475459075
"TGGGATTAGGAAGTCC-1_2",0.150564938622737,0.0334917072737436
"TGGGATTAGTCCGCGT-1_2",0.131181848437026,0.0614449678291248
"TGGGCGTAGTTCGCAT-1_2",0.13250289621419,0.0832072203161108
"TGGGCTGTCGCGGACT-1_2",0.130981180887551,0.0158556692538718
"TGGGTTAAGGCAGCTA-1_2",0.0739485330427224,-0.129216128794683
"TGGTACACAAGGTACG-1_2",0.19230281200539,-0.166277848250695
"TGTAACGCACTCAAGT-1_2",0.157895063305663,0.163732648464742
"TGTAAGCTCCAACTAG-1_2",0.140150077038404,-0.0210180689952006
"TGTACAGTCGCACGAC-1_2",0.133586621715153,-0.00625800523980655
"TGTAGACAGAGGTTAT-1_2",0.15915817337766,-0.150563652007255
"TGTAGACGTAGTGCGA-1_2",0.126794392695734,-0.0601450528650916
"TGTCAGACAATAGTAG-1_2",0.0876306927843526,0.0710678223855515
"TGTCAGATCTGGCCAG-1_2",-0.0194246849374921,-0.0992662884564916
"TGTCCACCAACGCCCA-1_2",0.0788237217942648,0.0975292614572379
"TGTCCACTCCGCATAA-1_2",0.112959300874928,0.0371185944894875
"TGTCCCATCATACGAC-1_2",-0.0465271120391063,-0.0501718504263701
"TGTCCTGGTATCTTCT-1_2",0.140757109352113,0.132912275876572
"TGTCCTGGTGATACAA-1_2",0.164164448020499,-0.149138312829423
"TGTCCTGTCTCTGACC-1_2",0.130135699925501,-0.0143228770413814
"TGTGAGTAGGAAGTAG-1_2",0.134922349595469,0.0788083121538641
"TGTGAGTCAATACAGA-1_2",0.178197640945776,-0.126762638072044
"TGTGCGGAGGAAGTAG-1_2",0.158762337555264,-0.133593519263322
"TGTGCGGAGGACAACC-1_2",0.122447179182084,0.00345353271789798
"TGTTACTAGAGGGTAA-1_2",0.152546807096949,0.141089601196719
"TGTTCTACAAGCCTGC-1_2",0.126949748375452,0.0335931869625243
"TGTTCTAGTTTGGAGG-1_2",0.134896028586704,-0.00341063889380268
"TGTTGAGTCTGACAGT-1_2",0.156019831848876,0.165671473709025
"TGTTGGATCCTGGTCT-1_2",0.138276578886794,-0.112614757618531
"TGTTGGATCTTGGTCC-1_2",0.121822292851311,0.0297749474562605
"TGTTTGTTCATTGGTG-1_2",0.136649221052417,-0.165564133942407
"TTACCATCACCCGTAG-1_2",0.128584498957682,-0.0243605032517912
"TTACCATCAGCACAAG-1_2",0.137883161376805,0.0610403907491092
"TTACCGCCACCAAAGG-1_2",0.170637015442674,-0.134259534713375
"TTACGCCAGACTGTTC-1_2",0.148908803156801,-0.0731193990982104
"TTACGCCCACTTCAGA-1_2",0.158591983949778,0.164882252671918
"TTACGCCGTACCTTCC-1_2",0.158822910701381,-0.088758307004464
"TTACGCCTCACATACG-1_2",0.181577306030772,-0.169171328935065
"TTAGGGTAGAGAACCC-1_2",0.107363198157313,-0.0063531146071819
"TTAGGGTAGTACGTCT-1_2",0.154565169182353,-0.135483516211816
"TTAGTCTTCCGATTAG-1_2",0.125955254987993,0.119224431788969
"TTAGTCTTCGCCTTTG-1_2",0.120602814880225,-0.00908874058834258
"TTATTGCAGGTCCGAA-1_2",0.152549960027107,0.181907538698208
"TTATTGCCACCTGAAT-1_2",0.141502871848205,0.123238623932597
"TTCAATCCAAGTCCCG-1_2",0.159496466892359,0.183217874907106
"TTCACGCGTAACAAGT-1_2",0.183465013471445,0.263832527892333
"TTCACGCGTAGAGCTG-1_2",0.132819751324455,0.112323409109195
"TTCACGCGTGTTAGCT-1_2",0.131411849420656,0.0795285144316434
"TTCACGCTCCCGTGTT-1_2",0.162794267746448,-0.13874848832834
"TTCAGGACACACAGCC-1_2",0.132045752665434,0.123034008069225
"TTCATTGCACTTGAAC-1_2",0.128969194722763,-0.134553338213853
"TTCCAATGTGGCTGAA-1_2",0.133588755814501,0.0289937845712768
"TTCCAATGTTTACCAG-1_2",0.157290708393877,-0.117531052556543
"TTCCAATTCCTACCGT-1_2",0.159328932431303,0.163683327869541
"TTCCTAACAGCGGTTC-1_2",0.145504665580749,0.0104991302538903
"TTCCTCTGTCCAGAAG-1_2",0.156543373972681,-0.1428749783372
"TTCGATTGTCTGTGAT-1_2",0.132450383637142,0.036495748127177
"TTCGATTGTGCTGATT-1_2",0.0320071613795955,0.018949322762499
"TTCGCTGGTCTCCCTA-1_2",0.116769535006525,-0.0175860277050711
"TTCGGTCGTTCTCGCT-1_2",0.150402762065231,-0.100714171489187
"TTCTAACAGCTGTACT-1_2",0.129691936640001,0.0519359506028552
"TTCTAACAGTCGCGAA-1_2",0.0971733494196684,0.0774065915193506
"TTCTAACCATAATCCG-1_2",0.0325971137597995,-0.156808545182424
"TTCTCTCAGGCAGGGA-1_2",0.137342672515915,0.126817054959726
"TTCTCTCGTCTGATCA-1_2",0.133781754958019,0.0329223513365568
"TTCTTCCTCACTACGA-1_2",0.154310813465447,-0.156445944289239
"TTCTTGATCATTTCGT-1_2",0.163312901378324,-0.169842236256936
"TTCTTGATCTTTCTAG-1_2",0.153896975170879,0.158034797889743
"TTGAGTGGTACCCAGC-1_2",0.10600855295858,0.046556170418918
"TTGATGGCAGGATGAC-1_2",0.14217264300018,-0.0642671923110913
"TTGATGGGTCTAACGT-1_2",0.180408077359859,-0.187768336313248
"TTGCATTCATTGGCAT-1_2",0.169620965671847,-0.169482642816707
"TTGCATTGTGTCCAAT-1_2",0.13527053800386,-0.0644811398072207
"TTGCCTGGTAGTCACT-1_2",0.163498146399179,-0.141315613096132
"TTGCCTGTCCATCGTC-1_2",0.141501816029722,0.101340659554174
"TTGCGTCGTTGGTAGG-1_2",0.156845609134138,0.151144725473675
"TTGCTGCCACGACCTG-1_2",0.12424170288469,0.138895604768249
"TTGGATGAGGCAGCTA-1_2",0.112054503645992,0.108464826813473
"TTGGGATGTTATTCTC-1_2",0.121846751895649,0.0127338439310448
"TTGGGTACATAACGGG-1_2",0.144910929753189,0.120262306585283
"TTGGTTTAGAAATTGC-1_2",0.16933193928951,-0.140499742565988
"TTGGTTTCAAGCTCTA-1_2",0.146283552932474,-0.0400491647887907
"TTGTGTTAGGGCAATC-1_2",0.153127319089831,0.15980797434138
"TTGTTGTGTCAATCTG-1_2",0.127921136476488,-0.0432473258068001
"TTGTTTGGTGTACATC-1_2",0.162849209439131,-0.150716423617995
"TTTACCACACCAGCCA-1_2",0.191264902994836,-0.182091496810909
"TTTACCATCTCTCCGA-1_2",0.157877265520298,0.165861834459296
"TTTAGTCCACTACCGG-1_2",0.121157500834929,-0.0599039537438373
"TTTAGTCGTATGTCAC-1_2",0.0385602089000802,-0.0637975567060151
"TTTATGCCAGACAAGC-1_2",0.183386286114735,-0.142263034756483
"TTTCACACATAACAGA-1_2",0.155069639415691,0.151024180128974
"TTTCATGGTACCTGTA-1_2",0.131921696157488,0.0219517217203375
"TTTGATCTCTTACACT-1_2",0.153125833999484,-0.0957661599512843
"TTTGGAGGTCTGTCAA-1_2",0.143102273889872,0.131468119096509
"TTTGGTTTCGAAATCC-1_2",0.168946280041997,-0.16786967558156
"TTTGTTGAGCGAGAAA-1_2",0.124850204559449,-0.104360038072665
"TTTGTTGGTTACGTAC-1_2",0.138802377536762,0.0937604964538133
"TTTGTTGTCTAAGGAA-1_2",0.14180392453502,-0.140515803183391
"AAACCCAAGGCCTAGA-1_2",0.0423541545153683,-0.019585395389796
"AAACCCAGTTGTATGC-1_2",0.0628379462460808,-0.0146200308056389
"AAACCCATCGCATAGT-1_2",0.0467201916939733,-0.00354109139128931
"AAACGAAGTCAACGCC-1_2",0.0438890948117743,-0.012347241881824
"AAAGAACGTGCAGATG-1_2",0.021243457145848,-0.0286259726519769
"AAAGGTAAGCATCAAA-1_2",0.0299664145494155,-0.0260083300816943
"AAAGGTATCCGCCTAT-1_2",0.0324051050571535,-0.0323524229706632
"AAAGTCCAGGCCCAAA-1_2",0.0706691687305945,0.0550331964876209
"AAAGTCCGTCGGATTT-1_2",0.0919384039196266,0.0841075178899115
"AAAGTCCGTTGACGGA-1_2",0.102707575170893,0.0370128865282053
"AAAGTCCGTTTCGCTC-1_2",0.0376123748611972,-0.0442805251509015
"AAAGTGAAGGATTTAG-1_2",0.0533286827828965,-0.0449738852663955
"AAAGTGACAATAGTAG-1_2",-0.0356130658816699,-0.0459319677204501
"AAATGGAAGCTAAACA-1_2",0.0455340963409643,0.00477573827554703
"AACAAAGCATTAGGAA-1_2",0.055682381768347,0.0310347584508741
"AACAAAGTCACACGAT-1_2",0.0888502525233235,0.0408398088505793
"AACAACCCATCTATCT-1_2",0.157350925156094,0.159857946243965
"AACAACCTCAACCTTT-1_2",0.120665443906357,0.0870404551133193
"AACAAGAAGTGTTGTC-1_2",0.13130369623067,0.137995442364358
"AACAAGACATGGAATA-1_2",0.0303079859835949,-0.0321176341208772
"AACAAGAGTACTCAAC-1_2",0.0522248240597435,0.0385161579503072
"AACACACAGACCTGGA-1_2",0.0375834754641379,-0.0179098977158594
"AACACACTCAAGGCTT-1_2",0.1208371869362,-0.0375197640550749
"AACCAACGTAAGCGGT-1_2",0.147682776932261,0.154906444146473
"AACCAACTCACCATCC-1_2",0.0915742735124665,0.0801050536575881
"AACCAACTCGCCTTGT-1_2",0.132098001111532,0.155782713414364
"AACCACATCACGGTCG-1_2",0.0646529526636497,0.0587306180316519
"AACCACATCCGACAGC-1_2",0.131037064483531,0.102671089346088
"AACCATGCACATATCG-1_2",0.0618801983982451,0.0427514936066209
"AACCCAAAGTCCGTCG-1_2",0.0636117031155033,-0.00617777830618381
"AACCCAAGTTCGGCTG-1_2",0.0840856167952918,0.0526058504531426
"AACCCAATCATTGTGG-1_2",0.0537188821305935,-0.0570519225190652
"AACCTGACACCGTCGA-1_2",0.160132196344797,0.191574160942055
"AACCTGACATAACTCG-1_2",0.0351508950450709,-0.0156292693133547
"AACCTTTTCATTTCGT-1_2",0.107431464438933,0.105386204489618
"AACGAAAAGTAGTCCT-1_2",0.00077640954705661,0.0430275632601008
"AACGGGACACAAATGA-1_2",0.0781010599961074,0.0573758700389702
"AAGCATCGTTGGGTAG-1_2",0.0941659328218671,0.0259386230436152
"AAGCCATAGCAGATAT-1_2",0.148127244237013,0.157350803040963
"AAGCGTTCATTGAAAG-1_2",-0.00532108603305451,-0.0569651911693513
"AAGTACCCATTAGGCT-1_2",0.104346577564855,0.0993679585933945
"AAGTACCTCTACCCAC-1_2",0.0709488960299651,0.0759488785572076
"AAGTCGTAGCATTTCG-1_2",0.0685754996261277,0.0419806835363051
"AAGTCGTTCCGCACTT-1_2",0.0540528775789427,0.00878014791316594
"AAGTGAAAGGTAAGGA-1_2",0.0794274583999335,0.0589535488469738
"AATCGACGTCAGTCGC-1_2",0.141174644909216,-0.0521341753209956
"AATGAAGAGCATGATA-1_2",0.00995085398459637,-0.0270153185662147
"AATGGCTGTCATGGCC-1_2",0.109208128854785,-0.043967988714122
"ACAAGCTCAAAGGGCT-1_2",0.149496577354849,0.156797632780355
"ACACGCGCAGAATTCC-1_2",0.0868450940489428,0.075464514136304
"ACAGAAACACAGCCAC-1_2",0.0408205400828587,0.0113891635459891
"ACAGCCGTCGCGTGAC-1_2",0.129293554045228,0.0877134684331265
"ACAGGGACAGCGACCT-1_2",0.125654715267637,-0.0429798556232984
"ACATCGAGTGTTTCTT-1_2",0.163106701617117,0.192340792994785
"ACATCGATCGATGCAT-1_2",0.162647862686764,0.159069403971504
"ACATTTCCAGCTACTA-1_2",0.155650091037133,0.164456176291447
"ACCAAACGTTCTTCAT-1_2",0.146662763137752,0.130335095272497
"ACCAAACTCCCAAGCG-1_2",0.0517354047403869,0.0269915612405035
"ACCACAAAGTATGCAA-1_2",0.117790321230051,0.151039636106684
"ACCATTTTCTCTATAC-1_2",0.0523208671365047,-0.0493086503712911
"ACCCAAAAGCTATCCA-1_2",0.0337302520472188,-0.0333581484087767
"ACCCAAAGTCCGAAGA-1_2",0.0349157990414415,0.00433052242877211
"ACCCTCAGTGATCATC-1_2",-0.0345782558996728,-0.0503694137231937
"ACCCTCATCGTGCAGC-1_2",0.031811743320422,-0.0130954941027575
"ACCCTTGAGCCGCACT-1_2",0.149538348484533,0.169218018317436
"ACCCTTGAGCTCATAC-1_2",-0.18552490552651,0.0128288929953903
"ACCCTTGGTAGTGGCA-1_2",0.0933905052946083,0.0688013999714449
"ACCGTTCAGTTGAAGT-1_2",0.153974489040419,0.149225928695824
"ACCGTTCCACGCTGAC-1_2",0.0702478237843047,0.0597028572671463
"ACCTACCGTCCATCTC-1_2",0.151253760568462,0.142560303359053
"ACCTGTCCACCTGCAG-1_2",0.0508087374001888,-0.0192023243217994
"ACCTGTCCATACCAGT-1_2",0.0928485473690374,0.0619592371730317
"ACGATGTAGCATCAAA-1_2",0.113636729530488,-0.0230144976172272
"ACGATGTGTATGTCAC-1_2",-0.048119117976571,-0.0456458837242037
"ACGGAAGGTCCAGGTC-1_2",0.131682132577879,-0.0315631611411969
"ACGGAAGGTGTGTACT-1_2",0.0387612181376267,-0.0383727531513055
"ACGGAAGTCCTCTAAT-1_2",0.0301633303056241,-0.0294629120978013
"ACGGGTCCATCCGTTC-1_2",0.109076843555065,-0.0937302334371866
"ACGGTCGAGCATTTGC-1_2",0.0132806925773017,-0.0299754372500949
"ACGGTTATCATGAGAA-1_2",0.0833619154998206,0.0648047197883663
"ACGTAACCAGCGTACC-1_2",0.0965509568042999,0.0789051105841785
"ACGTAACCATGTAACC-1_2",0.0949925588890158,0.0751189211634002
"ACGTACACACCTGTCT-1_2",0.0544623942121817,0.0360563314933774
"ACGTACACAGAGAAAG-1_2",0.0355061355541275,-0.0331359574550002
"ACGTAGTTCAAGCGTT-1_2",0.0362697328307017,-0.040137711951582
"ACGTAGTTCCCGAGGT-1_2",0.0450595363930793,0.00331892634513825
"ACGTCCTTCTCAGGCG-1_2",0.101501502457864,0.0848057343614773
"ACGTTCCAGATACGAT-1_2",0.0891509582177239,0.0659622283428984
"ACGTTCCGTTCGAGCC-1_2",-0.0786183223932727,-0.0554638305512758
"ACTACGACAAGAGTAT-1_2",0.097460242007637,0.0725637735371245
"ACTACGACATTCCTAT-1_2",0.0630965763669853,-0.0578917877093529
"ACTACGAGTTAGGGTG-1_2",0.0579010509086983,-0.0577543434338655
"ACTATTCCAGAACTCT-1_2",0.148060141961632,0.177468207366383
"ACTATTCCAGATGCGA-1_2",0.0662687131634403,-0.0444916082410318
"ACTCCCATCCGAGAAG-1_2",0.0590328516413007,0.0473475233510047
"ACTGATGAGTGGGAAA-1_2",0.0365313265655071,-0.034597900594624
"ACTGCAACAGAAGTGC-1_2",0.0287729866113544,0.0103140587671345
"ACTTAGGAGGATGCGT-1_2",0.0393401010312576,-0.0215014761627282
"ACTTAGGGTGACTGTT-1_2",0.130114327920612,0.0509012623256612
"ACTTATCGTACACGTT-1_2",0.137939077375112,0.225308268280051
"ACTTCCGAGAATCGTA-1_2",0.131124367966097,0.135471911314999
"ACTTCGCCATTGCTGA-1_2",0.144357566902833,0.172202637989909
"ACTTTCATCTTGGTGA-1_2",0.0721518764755439,0.0486372370568417
"AGAACAAGTAGGATAT-1_2",0.00721566590786521,0.000441630716787322
"AGAACCTTCCATAAGC-1_2",0.132249602916873,-0.0502697308357008
"AGAAGCGTCGATGCAT-1_2",0.035485377827501,-0.0162908470790804
"AGAAGCGTCGCCCAGA-1_2",0.102936615161241,0.0919552004793328
"AGACACTGTCACATTG-1_2",0.150645641218149,0.142127945414071
"AGACAGGTCTTTGCGC-1_2",0.104026477087687,0.0856639851901386
"AGACCATTCTGAGCAT-1_2",0.136376216003266,0.120235536459724
"AGACCCGTCCGAGGCT-1_2",0.0524596630647273,-0.039232984380587
"AGAGCAGGTAGCGTAG-1_2",0.0445490028533735,-0.0320158058302433
"AGAGCCCCATTACTCT-1_2",-0.0641400740315292,-0.0509980961868351
"AGATAGACACAACGTT-1_2",0.0581351959568895,-0.0542431812579687
"AGATCCAAGAAATCCA-1_2",0.0535475342265029,0.0164221767875075
"AGATCGTTCTCTTCAA-1_2",0.0378531601392836,-0.0363066178958097
"AGATGAAAGCACTCCG-1_2",0.0462138591328751,0.027411125604485
"AGATGCTCAGCTATTG-1_2",0.13065597233144,-0.00232650052993138
"AGCCAATGTGGTCTTA-1_2",0.0728956245152944,0.0432171923715359
"AGCCACGAGCCTCCAG-1_2",0.155971789058565,0.154498355134731
"AGCCACGAGGTGCTAG-1_2",0.15502737579884,-0.0767122315877132
"AGCCAGCGTCTTCCGT-1_2",0.126682195723769,0.119521715410315
"AGCCAGCTCGGATTAC-1_2",0.0917305810893857,0.0649895630808066
"AGCGATTAGTTCCATG-1_2",0.117584916457883,0.0753401221224895
"AGCGATTGTGACACGA-1_2",0.069459077119108,0.0541851798302613
"AGCGATTTCTACGGGC-1_2",0.100831260175808,-0.0255312950874687
"AGCTACATCCTTATGT-1_2",0.0432063039070041,0.0150137249079968
"AGCTTCCGTTGGCCGT-1_2",0.0469670451408779,0.0142939221061221
"AGGAAATAGAGCAGAA-1_2",0.13590023751128,0.067116830123553
"AGGACGATCCAGTACA-1_2",0.0868223617751612,0.0683381962176325
"AGGAGGTTCAAACCCA-1_2",0.0598006375262751,0.0327026904233368
"AGGATAACATCCGTTC-1_2",0.0911497466528268,0.0901759178572451
"AGGATCTGTGGGCTCT-1_2",0.0476893088516787,-0.0415882431000636
"AGGCATTGTCGAATGG-1_2",0.154713756823081,0.194797153911773
"AGGCCACTCGTAACCA-1_2",0.0482547913359096,-0.0218751022306909
"AGGCTGCGTAGAATAC-1_2",0.0704336281485026,0.0682078070801206
"AGGCTGCTCCAAGAGG-1_2",0.0336215264552395,-0.00304653399937198
"AGGGCCTAGCTAGAAT-1_2",0.044561627288491,-0.0379087715362224
"AGGGCCTTCTACTATC-1_2",0.14053065452401,0.171388140285554
"AGGGCTCCAGGGAGAG-1_2",0.0900852876782436,0.0786995964789385
"AGGGTTTGTCCATCTC-1_2",0.0941732956256778,0.0395615150641904
"AGGTCTACATGGAGAC-1_2",0.134064772798145,0.150963526255807
"AGGTCTAGTAACGCGA-1_2",0.0961483501206107,0.0805998742635919
"AGGTGTTAGCAACAGC-1_2",0.0366837658434358,-0.032763926333521
"AGGTTACGTGCAACAG-1_2",0.0948511779873041,0.0772228809816872
"AGGTTGTGTATCTCTT-1_2",0.0618542716157542,0.0271142930479223
"AGTACCAGTCGTCGGT-1_2",0.101390252246852,0.0838340362988345
"AGTAGCTAGGTCGTCC-1_2",0.0377483463032021,-0.0290261785207169
"AGTAGCTTCATTTGCT-1_2",0.048443530651311,0.0109269871243098
"AGTAGTCAGGCACTAG-1_2",0.0958652193484581,0.0879346178624032
"AGTCAACAGGCACTAG-1_2",0.0446287201641305,0.0307256872298275
"AGTCAACTCAAAGGAT-1_2",0.0748196284629176,0.0575944829193418
"AGTCATGCATCATCCC-1_2",0.0767096173914231,0.0299451294298845
"AGTCATGTCAGCTCTC-1_2",0.0959752878174953,0.00671465351616391
"AGTGACTGTCACTAGT-1_2",0.0448288608147923,-0.00284277851500939
"AGTGATCAGTCCCTAA-1_2",0.0634446232304073,-0.0496460138577636
"AGTTCGACATGGCTGC-1_2",0.0534041449300501,-0.048916500048017
"ATACCGAGTAGGTCAG-1_2",0.108865749338736,0.0719718859333383
"ATACCGAGTGCGACAA-1_2",0.135290138039816,-0.0122561407203873
"ATACCGAGTTAACCTG-1_2",0.14249776575162,0.157222685700027
"ATACCTTTCACTCTTA-1_2",0.0571689999076766,0.0186489793237955
"ATACTTCGTGTCTAAC-1_2",0.0495480664069926,0.0473140475976995
"ATAGAGACACTTGAGT-1_2",0.0272979595062728,0.0271975482181721
"ATAGGCTCAGCCATTA-1_2",0.075588599095666,0.0643966880867051
"ATCACAGGTCGCTTAA-1_2",-0.422473174505656,0.060846181759611
"ATCACTTAGACGCCAA-1_2",0.054236444052246,0.0157741360618209
"ATCCCTGCAAGGTCTT-1_2",0.118981195273927,0.109954850791771
"ATCCTATAGCCTTTCC-1_2",0.048479527002531,-0.00299462103257918
"ATCGCCTGTTCGGGTC-1_2",0.128899244657746,0.150892206215718
"ATCGGATTCAGTGCGC-1_2",0.105964124821547,0.0892705996961101
"ATCGGCGCAGGCATTT-1_2",0.0873704405751214,0.0542217055074787
"ATCGGCGGTATGTGTC-1_2",0.0176711567293882,-0.00446100103792263
"ATCGTAGCATTGACTG-1_2",0.0887014461499521,0.0657882818112346
"ATCGTCCTCCACTTTA-1_2",0.0345081257002071,-0.0179270590280776
"ATCGTGAAGTGGCAGT-1_2",0.092711901814601,0.0373587754423923
"ATCGTGATCCAAATGC-1_2",0.0337202247225321,-0.0250147197651026
"ATCTTCAAGCCGGAAT-1_2",0.119352306571127,0.0881274699015228
"ATCTTCATCGACGATT-1_2",0.0622433190121754,0.0154544484825726
"ATGAAAGCAGCTCTGG-1_2",0.0420397409119263,-0.0373401702768531
"ATGACCAGTCTAGATC-1_2",0.0898660005922361,0.0578406788170621
"ATGATCGCATGTTTGG-1_2",0.0423482163177855,-0.0267034963953134
"ATGATCGTCAGATTGC-1_2",0.0667539131333429,-0.039829092214407
"ATGCCTCCAGCCATTA-1_2",0.100095065711528,0.110282196839283
"ATGCGATAGCGAGGAG-1_2",0.15629880874041,0.147017407834686
"ATGCGATAGGTAAAGG-1_2",0.11420979541584,0.108930504962083
"ATGGAGGCAAACAGGC-1_2",0.0852551639657571,0.0666751904186378
"ATGGGTTGTCAAATCC-1_2",0.114568947847568,0.112180061648489
"ATGTCCCTCGTAGGGA-1_2",0.0958215121293659,0.0695427951512341
"ATGTCCCTCTTCACGC-1_2",0.104134034016827,0.081360764404676
"ATTACCTTCGTAATGC-1_2",0.0242079429437318,0.0123256389615822
"ATTACTCCACTGCGAC-1_2",0.0700265995428385,0.0476544503873896
"ATTCACTCATTCGATG-1_2",0.0104241501893804,0.0475096587467234
"ATTCACTGTCTTACAG-1_2",0.0688726355336869,0.0426037034550663
"ATTCACTTCGAAATCC-1_2",0.0416923543959931,-0.03158273689092
"ATTCAGGCACCCAAGC-1_2",0.00575307793750007,0.0186907222762825
"ATTCATCCAGTGTACT-1_2",0.0978278729015037,0.0805402084777925
"ATTCCATCACAATGCT-1_2",0.0627361406922544,0.0362406593196577
"ATTCGTTAGGTACTGG-1_2",0.0522221293689182,0.0340041570346474
"ATTCTACAGGATTACA-1_2",0.0846516523802301,0.0769218124300598
"ATTGGGTTCCTTATGT-1_2",0.10201065532217,0.10238336875917
"ATTTCTGGTCGTCTCT-1_2",0.0914001463689638,-0.0074067218913237
"CAAAGAAGTCACTAGT-1_2",0.00128399143629183,-0.0250778339541003
"CAACAACGTTGGAGGT-1_2",0.159277942768971,0.15578487112121
"CAACCTCCATGGAACG-1_2",-0.0225235693443974,-0.0362689974971152
"CAACCTCGTCTACGAT-1_2",0.0369037861529377,-0.024250856557781
"CAACGATCATCGAGCC-1_2",0.141194611948081,-0.0916043360278793
"CAACGGCCAACGGGTA-1_2",0.106200030815477,0.104019225817844
"CAACGGCCACTGGAAG-1_2",0.135797665210803,0.155524226796606
"CAAGACTTCCTCTAGC-1_2",0.0605743839562229,-0.0511926055349294
"CAAGAGGAGAAATGGG-1_2",0.0947032827895691,0.0812785890975749
"CAAGAGGAGACTTCAC-1_2",0.0687933546744037,0.0638895552343706
"CAAGCTAAGTATAACG-1_2",0.0330591870936555,0.0156654825454722
"CAAGGGAAGCTTAAGA-1_2",0.0291727444562472,0.0292244600878503
"CAAGGGAGTCAGATTC-1_2",0.1029964345121,0.112586032718489
"CAAGGGAGTTCATCTT-1_2",0.0892887495655867,0.0600187288761373
"CAATTTCCACTATCGA-1_2",0.0358021104529395,-0.0150310959522675
"CACAACAGTCTACGTA-1_2",0.0945886410647305,0.0918796518095161
"CACAGATGTATTGAGA-1_2",0.0142695421572873,0.0672611336192586
"CACAGATTCGCCTAGG-1_2",0.109646498799719,-0.0539695837316394
"CACAGGCTCGCGGTAC-1_2",0.0499368274295812,0.00307590446921421
"CACATGAGTCGCATGC-1_2",0.13283908126389,-0.0478361640169634
"CACATGATCACTCTTA-1_2",0.116250193582873,0.105888555675119
"CACCAAAAGGCACGAT-1_2",0.0770205796480659,0.0683382521544263
"CACTAAGTCAAACTGC-1_2",0.0400124257581599,-0.0256423141121257
"CACTGAAAGCCGATCC-1_2",0.0744436311501343,-0.0392602537622195
"CACTGGGAGTTGTCGT-1_2",0.069216311385331,0.0228527236456676
"CACTGTCCAAGTCGTT-1_2",0.111578526390012,0.0924313254778331
"CACTTCGTCACCACAA-1_2",0.0695983948629578,0.0551466903520107
"CAGAGCCGTTAAGGAT-1_2",0.0776182708872181,-0.0507625948276183
"CAGATACAGCAGTCTT-1_2",0.0216029618647091,0.0560627441669811
"CAGATCAGTAATTGGA-1_2",0.0784000929180024,0.0950358643074216
"CAGATTGCAATCTCGA-1_2",0.142552709071784,0.115438413489627
"CAGCAATAGCACCTGC-1_2",0.038881841721706,-0.019572221219774
"CAGCAATAGGCCTAGA-1_2",0.116499932026073,-0.00157589623417102
"CAGCAATCAGAGCTAG-1_2",-0.0412263791048241,-0.0486606762097083
"CAGCAATTCCCACAGG-1_2",0.0193230607915514,-0.0205627967255755
"CAGCAATTCTCTATAC-1_2",0.0472146909715567,-0.0388415879529714
"CAGCACGCACCGTCGA-1_2",0.0587365010084461,0.0394320839026218
"CAGCACGGTGCAACAG-1_2",-0.0909727348277062,-0.00238255974172363
"CAGCGTGAGATTGGGC-1_2",0.14366489181241,-0.0944371763480251
"CAGCGTGAGGTTACAA-1_2",0.0495853705351929,-0.0469683998060905
"CAGCGTGGTCCGATCG-1_2",0.0679671299445441,0.145917635300767
"CAGCGTGTCTAGTACG-1_2",0.0611110029720766,-0.054276028740466
"CAGGCCACAAATTGGA-1_2",0.131448969749738,-0.00939975650060863
"CAGGGCTCAACTGAAA-1_2",0.116891481112367,0.0910474256312548
"CAGGGCTTCGGCTGGT-1_2",0.0606003942191484,-0.0551875505725602
"CAGTGCGAGGTTGGTG-1_2",0.0830476357994829,0.033949847360473
"CAGTGCGCAGGGCTTC-1_2",0.034506679587773,-0.0333311060332732
"CAGTGCGTCCACGGAC-1_2",0.0673131435842923,0.0478502830281089
"CAGTTAGCAAGGTCTT-1_2",0.134251129206362,0.125755495770388
"CAGTTAGGTCCGCAGT-1_2",0.12426064547882,0.0274947604631487
"CAGTTCCAGGCGTTAG-1_2",0.0928492232637437,0.091405597170513
"CAGTTCCTCACCTGGG-1_2",0.0740128030812711,-0.059743053058573
"CATAAGCAGATGTTGA-1_2",0.0426863694847946,0.000400668475050294
"CATACCCGTGACAACG-1_2",0.139982866417748,-0.0575771021451977
"CATACTTAGGATTTGA-1_2",0.0462059721683021,-0.00280136141291089
"CATACTTCAAGACGGT-1_2",0.022182518514363,0.00636805185072035
"CATACTTCAGGTTCAT-1_2",0.0842610474926913,0.0599931368769105
"CATAGACAGCGTGTCC-1_2",0.048614084712447,0.0295306938595876
"CATAGACCACCCAATA-1_2",0.169274500844502,0.214787450736435
"CATAGACTCTCGGGAC-1_2",0.0714738148860778,0.010429934662909
"CATCAAGTCTAGGAAA-1_2",0.106920580549515,0.0993590573144627
"CATCAAGTCTCGTGGG-1_2",0.0982389555495441,0.0764983559976525
"CATCCACAGTAGGAAG-1_2",0.0546235839963469,0.0201520562291773
"CATCCGTCATAGGAGC-1_2",0.074028468893996,0.0463426346314504
"CATCCGTCATTATGCG-1_2",0.0795470750801184,0.0776687755035827
"CATCCGTGTTCCCAAA-1_2",0.10700345812864,0.0810395635494104
"CATCCGTTCCATAGGT-1_2",0.139978241935367,0.146249175095118
"CATCGCTCAAAGGAGA-1_2",0.0440227536810809,0.0403103945084526
"CATCGTCCAACGGGTA-1_2",0.0534160006880504,0.0118471879278196
"CATCGTCCAGCGTTTA-1_2",0.0276670833112528,0.0618417428272455
"CATGCAAGTTGCAACT-1_2",0.0948561710018863,0.0654014772896872
"CATGCAAGTTTGGCTA-1_2",0.0794475999392705,0.0494067328391202
"CATGCCTCACTACAGT-1_2",-0.23344702393766,0.0265240210083404
"CATGCCTTCCAACTGA-1_2",0.0686740119274319,0.0589136930995925
"CATGCTCGTTCAAAGA-1_2",0.0784270138487457,-0.070083682652278
"CATGGATGTAGGAAAG-1_2",0.0134899398539363,-0.00628826645188171
"CATGGATTCGACATCA-1_2",0.0461737863112041,0.0462371888642183
"CATGGTACAGCGTGCT-1_2",0.0676694479707256,-0.0597675681624804
"CATGGTATCACTTATC-1_2",0.0695481481429303,0.0277627882218854
"CATTCATCATGAATCC-1_2",0.0759766446973299,0.0743128818514421
"CATTCATTCCGGACGT-1_2",0.0774266067734377,-0.0643478145246978
"CATTCTAAGGAACGCT-1_2",0.114915564303231,0.0894977134898977
"CATTGCCCAGTAACAA-1_2",0.133154462726872,0.161746829858946
"CATTGTTGTATGCAAA-1_2",0.18029140543019,0.208223907134342
"CATTTCATCATTACGG-1_2",0.0957376925247471,0.0276852207293141
"CATTTCATCGATTCCC-1_2",0.0881073283877591,0.0328553207341006
"CCAATGACAAGAATGT-1_2",0.0501259905199003,-0.036163513535175
"CCAATTTTCCAGCTCT-1_2",0.0594784286810872,0.0249958050092212
"CCACAAAAGGTTTACC-1_2",0.059704578754039,0.0295110688712977
"CCACAAATCTTGGTCC-1_2",0.0867514316120978,0.0818599595297885
"CCACACTGTGATCGTT-1_2",0.0112477525992155,-0.015384558931541
"CCACACTTCGTTCCCA-1_2",0.0838725443056324,0.0632211934930759
"CCACGAGGTAAGTTAG-1_2",0.0711320471577657,0.04059380017189
"CCATAAGGTCTTTATC-1_2",0.0798471747916993,0.0695169276094813
"CCCGAAGAGATAGGGA-1_2",0.0634551386172904,0.0186150993280447
"CCCTCAAGTAGGACTG-1_2",0.154626233764917,0.191230690197669
"CCCTCTCTCGACGACC-1_2",0.157695897313081,0.16115244252872
"CCCTGATCACGGAAGT-1_2",0.154974580942225,0.166939960938635
"CCGAACGGTTACGATC-1_2",0.0715849817406577,0.0185908831888002
"CCGATGGTCACGAACT-1_2",0.0874249802432973,0.0876221422830265
"CCGATGGTCGACGCTG-1_2",0.0314870594534534,0.158515860137797
"CCGATGGTCTCTAGGA-1_2",0.0562977775823079,0.0191447798130964
"CCGCAAGGTAGGGTAC-1_2",0.0315559408324072,-0.00530971280988674
"CCGGGTAAGCGTTCAT-1_2",0.108714788002437,0.0896919285515424
"CCGGTGAGTAAGCTCT-1_2",0.154552027018197,-0.108625947746761
"CCGTAGGAGGCTGGAT-1_2",0.153972598282228,0.171336023476393
"CCGTAGGAGGTACAAT-1_2",0.120606534187281,-0.0194940734570509
"CCGTTCACATGTTCAG-1_2",0.0477988219700112,-0.0504812680980935
"CCTAACCAGGACGGAG-1_2",0.0863065579761463,0.0449232497597183
"CCTATCGAGCAACTTC-1_2",0.0528708361905643,0.0315423915989213
"CCTCAACAGAGTTGTA-1_2",0.0943098183523656,0.0755112605772234
"CCTCAACCATATCGGT-1_2",0.143035989768678,0.177719737887416
"CCTCAACGTCCAGCAC-1_2",0.0737841414436445,0.0699265778485538
"CCTCAACTCTTGGTCC-1_2",0.0922573704189017,0.0750316045887844
"CCTCACAAGACCTTTG-1_2",0.100503158917873,0.0436964637589864
"CCTCACACAGCGCTTG-1_2",0.11440813196143,0.094227430168912
"CCTCACAGTAGATCGG-1_2",-0.0356237391849737,-0.0569426005928884
"CCTCAGTCACTGTGTA-1_2",0.135308807842171,-0.0215003355632304
"CCTCATGAGTCGAAGC-1_2",-0.0364730940626027,-0.048109403584237
"CCTCATGCATGCGTGC-1_2",0.0487738918684388,-0.016955278047227
"CCTCATGTCCTTCTTC-1_2",0.0281039829498078,-0.0184188778147624
"CCTCTAGGTACTCGCG-1_2",-0.0142653806633755,-0.0225090437704903
"CCTGTTGAGAGCCGTA-1_2",-0.0248215257419116,-0.0548752317403105
"CCTTGTGAGAGGTTAT-1_2",0.0397403349478563,0.00344019436796363
"CCTTGTGAGCCTTCTC-1_2",0.165922154813206,-0.165882344972133
"CCTTGTGGTACCGGCT-1_2",0.0266317420846642,-0.0171390507042098
"CCTTGTGGTAGATTAG-1_2",0.025525359187185,-0.014101454858492
"CCTTTGGGTCCTACAA-1_2",0.0646606957983636,-0.0590306481062685
"CCTTTGGTCGGTTCAA-1_2",0.131364499930626,0.0897553870946514
"CGACAGCCAGTTCCAA-1_2",0.0914292895998944,0.0290780955751597
"CGACAGCTCTAGCCAA-1_2",-0.232387960886692,0.0308872055673952
"CGAGAAGTCGATTCCC-1_2",0.0363222374264336,-0.0365669494576409
"CGAGGAAAGAGCACTG-1_2",0.0352648579887879,-0.00631264948477965
"CGAGGAAGTGCTGTCG-1_2",-0.00487964824554169,-0.0243948929480518
"CGAGGCTAGCTGGTGA-1_2",0.0523231462379602,-0.0548854317446211
"CGAGTTAGTCATAAAG-1_2",0.0255278742005807,0.0571865460578274
"CGATCGGAGGTTACCT-1_2",0.13008031011847,0.132498924666436
"CGATCGGTCTCTCTTC-1_2",0.105284745096961,0.116056252789184
"CGATGGCGTCTGATCA-1_2",0.0569949146084416,-0.0567932230165355
"CGCAGGTCATGCGTGC-1_2",0.0257544145072437,0.00203703840792501
"CGCATAAAGATGAAGG-1_2",-0.134263461041426,0.029831702283147
"CGCATAACATTGAAAG-1_2",0.103910402173796,0.0889031593287216
"CGCATGGAGGATATGT-1_2",0.0329391784014121,-0.0361537929595316
"CGCATGGAGTCGAATA-1_2",0.146640859719348,0.143209417939503
"CGCATGGCAGCCTTCT-1_2",0.151814504071945,0.180340392486495
"CGGAGAAAGTTTCGAC-1_2",0.0945823582180837,0.04441565081752
"CGGGACTAGTGTAGAT-1_2",0.0354796710871981,-0.038254331841181
"CGGGACTTCCTTCAGC-1_2",0.148991965363589,0.180162529189543
"CGGGCATCAATGCAAA-1_2",0.0652554382037291,0.0203661745733788
"CGGGTCAGTTTCTTAC-1_2",0.083183426078813,-0.0641390505906139
"CGGTCAGGTTATCTGG-1_2",0.0539801788761974,-0.0435863977540229
"CGTAATGAGACATGCG-1_2",0.135936109807716,0.145767431037441
"CGTAGTATCCAGTGCG-1_2",0.0026990114358796,0.0205695172778337
"CGTCAAAAGGGTTAAT-1_2",0.0493164070787999,-0.0439918626850606
"CGTCCATCAGCTTCGG-1_2",0.121826768356146,0.124421694150292
"CGTGAATTCTCTGGTC-1_2",-0.242917857037039,0.0279909280884919
"CGTGATACAGTTTCGA-1_2",0.100853536256146,-0.0380087416359444
"CGTTAGACACAGCCTG-1_2",0.108210331508536,0.0993355604538928
"CGTTCTGGTGTGAATA-1_2",0.0493785584326498,0.021161060392092
"CTAACCCAGACGGATC-1_2",0.0646700624713523,-0.025858807605022
"CTAAGTGGTTTCACAG-1_2",0.0926070036573464,0.03505968032184
"CTACAGAGTGGATGAC-1_2",0.0819576280480668,0.0235455409872237
"CTACAGATCAGACTGT-1_2",0.0958402820022873,0.0937671728976253
"CTACCCAAGCCTCAGC-1_2",0.0570726972028434,-0.0534262449145863
"CTACGGGCATCGTGCG-1_2",0.140573481649302,0.150676719229658
"CTAGACACAGTAACAA-1_2",0.0847835656762234,0.0638968502825135
"CTAGACAGTTGGCCGT-1_2",-0.0244334317930646,0.0166197475985671
"CTAGACAGTTGTCCCT-1_2",-0.176847614751274,0.033412631976052
"CTAGGTACATAGATCC-1_2",0.135615856627906,0.137820227167743
"CTAGGTAGTTCAATCG-1_2",0.0478792895090197,-0.0378429466953107
"CTAGGTAGTTCCTACC-1_2",-0.0285718505809287,-0.123801788923796
"CTATCCGAGTCATACC-1_2",0.1570109826234,0.195820070194594
"CTATCCGGTCGCTGCA-1_2",0.0942236456080967,0.0883201629582583
"CTATCTACAGAGTTGG-1_2",0.0539557519943145,0.0282975274159112
"CTATCTAGTTAAGACA-1_2",0.0629800100734703,0.0556184835759562
"CTCAACCTCTCCTACG-1_2",0.0243120278373532,0.0130613213575422
"CTCAAGAGTAACTTCG-1_2",0.0821293725358342,0.0635030056707204
"CTCAGAACAGCTGTCG-1_2",0.0479488587651202,0.0102922682662151
"CTCATCGTCACCTCTG-1_2",0.154737471955935,0.149517553323634
"CTCATGCTCCCAAGTA-1_2",0.135124586305111,-0.0438316904013681
"CTCCACAGTACTTGTG-1_2",0.0696240458992123,0.0573087013507976
"CTCCACAGTGCCTATA-1_2",0.109400708096793,0.102522603737379
"CTCCACATCTGTAAGC-1_2",0.0966153895459733,0.0470050695254486
"CTCCTCCGTCACTAGT-1_2",0.102935915608167,0.0821754831255239
"CTCCTCCTCGCACTCT-1_2",0.0546806752667275,0.0010225883000779
"CTCCTTTCACCGTGAC-1_2",0.0446178509948967,-0.0244913376737408
"CTCCTTTGTGAGACCA-1_2",0.147916911875269,0.197401879106977
"CTGAGCGTCCATGCAA-1_2",0.0645703979901553,0.0580683567734343
"CTGAGGCGTTGCGTAT-1_2",0.0991401370873465,0.0835440169293803
"CTGAGGCTCCCAACTC-1_2",0.153833107984348,0.152093171018729
"CTGATCCGTACTAGCT-1_2",0.144966149994346,-0.00287871625630397
"CTGCATCAGCTGGAGT-1_2",0.0665483583517269,0.0276662473074508
"CTGCCATGTCATCAGT-1_2",0.0543419608125656,0.00209103867793133
"CTGCCATGTCTAGATC-1_2",0.112346621084172,0.0470516517037042
"CTGCCTAAGTGATCGG-1_2",-0.00548588824975446,-0.0240538243072041
"CTGCGAGAGTCTAACC-1_2",0.131308324038526,-0.0756527108757314
"CTGCGAGGTACGAAAT-1_2",0.14993850872992,0.170485763488095
"CTGCGAGGTGACTAAA-1_2",0.103291005604527,0.0792694782099758
"CTGCGAGGTGCACAAG-1_2",0.0583129335684038,-0.0399984587377378
"CTGCGAGTCACCGGGT-1_2",0.0919404127037304,0.01499439256892
"CTGCTCACAGCTGTAT-1_2",0.153535072947143,-0.157909614607215
"CTGGACGGTACCAGAG-1_2",0.0942518314375271,0.062871110200659
"CTGGCAGAGTTGTCGT-1_2",0.197549835612737,0.286745436727814
"CTGTACCCATTCCTCG-1_2",0.0563334620391609,-0.00896760394731904
"CTGTGAATCTTCCGTG-1_2",-0.204504165269099,0.0216159371618647
"CTGTGGGGTCTCGCGA-1_2",0.0878556305477404,0.0798642253883372
"CTGTGGGTCCGTGTAA-1_2",0.154564332775144,0.181638717435407
"CTTAGGATCCGTAGGC-1_2",0.0679705538371944,0.0414314396923403
"CTTAGGATCGACCTAA-1_2",0.0980172897074153,-0.0599904243075511
"CTTAGGATCTTCTAAC-1_2",0.107213038654504,0.0933949255179182
"CTTCAATCAGGGAATC-1_2",0.044154881938851,-0.0446881488406212
"CTTCTAACAAGCTGCC-1_2",0.0445380304799092,-0.025334766287699
"CTTCTCTAGCACGTCC-1_2",0.109060804134643,0.0600458846372831
"CTTCTCTGTCCGGATC-1_2",0.0327171819170713,-0.0372100686531578
"CTTGATTAGGGCCTCT-1_2",0.0526730169127497,0.0358445222071695
"GAAATGACAAGAGTGC-1_2",0.0368174312604928,-0.0337416677390418
"GAACACTCAGGACAGT-1_2",0.0676166681618086,0.0419749735605946
"GAACGTTAGCCTCTGG-1_2",0.0851359228641383,0.0211110136433905
"GAACGTTTCATCTCTA-1_2",0.0582941105201614,-0.0523935161085773
"GAACGTTTCTTGTTAC-1_2",0.0476525178468654,-0.0109178777638897
"GAACTGTCAGGTGGAT-1_2",0.0841528322068398,0.0547216917055781
"GAAGCCCAGAAGTATC-1_2",0.055178751759787,-0.0130299540643018
"GAAGCCCCACAATGCT-1_2",0.163426773237945,0.189246073298972
"GAAGCGAGTATAGGGC-1_2",0.177029353994565,0.230557033503395
"GAAGCGATCCAACCGG-1_2",0.129770106160317,0.0146220185816248
"GAAGTAAGTAGCGTAG-1_2",0.0225884455685197,-0.0120756950631015
"GAAGTAATCCTGCCAT-1_2",0.0984757369950969,0.0878992954819732
"GAATCACGTGTGCTTA-1_2",0.0940045721622906,0.087572748844615
"GAATCACTCCCATAGA-1_2",0.0461790343762868,-0.0218470807098097
"GAATCACTCGTCAGAT-1_2",0.148687113464955,0.185555043660779
"GAATCGTGTAGTCTGT-1_2",0.00776082784727444,-0.0205470144306483
"GACACGCTCAGCGGAA-1_2",0.071238392734978,-0.060676502661735
"GACAGCCAGAAGGTAG-1_2",0.0555742387460014,0.00100775729286756
"GACAGCCCACGGAAGT-1_2",0.0808739505132961,0.0311776015894732
"GACAGCCCAGGAATAT-1_2",0.14702565101231,0.167293063972622
"GACATCAGTAGACTGG-1_2",0.044517619517765,-0.0140366480739961
"GACCAATAGAGCTGAC-1_2",-0.197570086614596,0.0131358902844497
"GACCAATGTGCGGATA-1_2",0.104506071879446,0.0235494452939003
"GACTATGGTGGCAGAT-1_2",0.0596277768963806,-0.0040611694083742
"GACTATGTCTGTCGTC-1_2",0.0877331636070323,-0.0685245729125337
"GAGAAATTCTTGTTAC-1_2",0.083376570649145,0.0378139078592725
"GAGACCCGTGGGATTG-1_2",-0.00610825965753371,-0.0209670697071579
"GAGACCCTCAGTGTGT-1_2",0.12050171225331,-0.0388262224897165
"GAGACCCTCCGATCTC-1_2",0.122685665651406,0.0483364502111163
"GAGATGGCAAAGGAGA-1_2",0.0171632939856884,-0.0323976761887243
"GAGCCTGGTCAGTTTG-1_2",0.0367048465167631,-0.0387741341970277
"GAGCTGCGTGTTCAGT-1_2",0.0174263986845608,-0.018443682055896
"GAGCTGCTCGAGCACC-1_2",0.124201290286634,0.067783473010905
"GAGGCAACATCATCTT-1_2",0.125005965850045,0.153731512597586
"GAGGCCTCAGGTGACA-1_2",0.031600725044005,0.00426085520328425
"GAGGGATGTTAATCGC-1_2",0.0863913930676942,0.0544776384239919
"GAGGGTATCATCTACT-1_2",0.138373664164538,0.143976736637064
"GAGTCATTCCACATAG-1_2",0.143353993883617,0.147073110990007
"GAGTCATTCCACTGGG-1_2",0.0196959155044375,-0.0192004550369386
"GAGTGAGAGTCACAGG-1_2",0.0419667757729752,-0.0412596037200952
"GAGTGAGCACTGAATC-1_2",0.0799201087363109,0.00336405740157437
"GAGTGAGTCAAGTCGT-1_2",0.127377892525747,0.137225723941654
"GAGTGTTGTATGCGTT-1_2",0.041745211801409,-0.0124556696781784
"GAGTGTTGTTCGAGCC-1_2",0.147796634048077,0.138581472284092
"GAGTTGTGTATATGGA-1_2",0.0757818977506742,0.0408119018413186
"GAGTTGTTCCCTCGTA-1_2",0.100189300771454,0.107573170551617
"GAGTTTGGTTCGGACC-1_2",0.0646222116866975,0.0189405978775185
"GATAGAAGTGCCCAGT-1_2",0.0611975145256568,-0.0572303260893833
"GATAGCTAGTTGCATC-1_2",0.0395977319261775,-0.0375597327441132
"GATAGCTCATTGTCGA-1_2",0.0250077639518505,-0.0217594002057691
"GATCACATCAAATGCC-1_2",0.109907925287921,0.101767103970131
"GATCACATCTCACGAA-1_2",0.0546178838541853,0.0122027383045931
"GATCCCTAGGAACTCG-1_2",0.0479613935331024,0.0231373856067831
"GATCCCTTCTACGCGG-1_2",0.141771097362716,0.137167389010049
"GATGAGGTCAAGCCCG-1_2",0.0333306712733046,-0.0271587481127132
"GATGATCTCGCTAGCG-1_2",0.0965802966903195,0.0761937526994499
"GATGGAGCACAGCCAC-1_2",0.115294515599745,0.096884040258947
"GATGTTGAGGCAGTCA-1_2",0.023136594537585,0.00124807292363542
"GATGTTGCAGATCCTA-1_2",0.119745913147775,-0.0941524164924531
"GATTCGACACGCTATA-1_2",0.055829833789762,0.0171970677936025
"GATTGGTTCGCATTGA-1_2",0.05920688314395,0.0350211118769446
"GCAACATGTCTGGTTA-1_2",0.154311762709683,0.165888974259721
"GCACATACAAAGTGTA-1_2",0.0736740169175759,0.0963328855469615
"GCACGTGAGACTACCT-1_2",0.0166973968290635,0.00658854975019717
"GCACGTGAGGCACCAA-1_2",0.119722310237566,0.112732061481526
"GCACGTGTCTTCGTGC-1_2",0.0755742439188882,-0.0668603562046265
"GCAGCCACATCGAAGG-1_2",0.0660414763058042,0.0163337858729938
"GCAGCCAGTCGGTGTC-1_2",0.0228639773512291,-0.0241869943835648
"GCAGTTAAGATAACGT-1_2",0.132900854920291,0.00168004553693497
"GCAGTTACAATACCCA-1_2",0.0423560511847101,0.0385188234385217
"GCAGTTACACAAACGG-1_2",0.0291805687011096,-0.0192750829270262
"GCATCGGCAGGTTACT-1_2",0.0452191800880915,-0.0437777200830398
"GCATTAGTCGTGGTAT-1_2",0.0971689633165875,0.102971759605285
"GCCAACGTCGAGAGCA-1_2",0.159640400286846,0.157329743264393
"GCCAGCACAAGATTGA-1_2",0.0367230240919481,-0.00414727208201985
"GCCAGCATCTAGTGTG-1_2",0.0939570137090566,0.0809289380880511
"GCCAGTGAGGCCACTC-1_2",0.0429603430961719,-0.0289058746805839
"GCCAGTGTCCTCCACA-1_2",0.00773075697871729,-0.0229480468084154
"GCCATGGAGGTCGTAG-1_2",0.122044746118909,-0.0702209734784145
"GCCCGAATCCTACAAG-1_2",0.0352615406989714,-0.0364960318561919
"GCCGATGGTAAGGCCA-1_2",0.117870626948398,-0.0156818555571789
"GCCTGTTTCATCGTAG-1_2",0.10148598783669,0.0770972480299974
"GCGAGAAAGGTGATCG-1_2",-0.0545116206913962,-0.0667171926947103
"GCGATCGCAGACCATT-1_2",0.022522456410765,-0.0210878950314127
"GCGATCGGTACATACC-1_2",0.114015361570857,0.106232859494582
"GCGTGCAAGGTAGCCA-1_2",0.133013029789305,0.160015075620076
"GCGTGCACAAGATTGA-1_2",0.104148755037875,0.103843620004456
"GCTACAACAGGGACTA-1_2",0.0498612939820315,-0.0116699891890831
"GCTACAAGTCGTGTTA-1_2",0.0812138296053501,0.0350445691245823
"GCTACAAGTTCTCCAC-1_2",0.0653308855010428,0.0400584738382893
"GCTACCTAGTCACTAC-1_2",0.10124095327674,0.055933726219308
"GCTACCTGTTACCGTA-1_2",0.0555725917444877,0.0303411417033407
"GCTCAAAGTCACAGAG-1_2",0.0934535624542357,0.0769894682939865
"GCTGAATCACACCTGG-1_2",-0.0532100973325863,-0.0652516057592168
"GCTGAATTCTAGCAAC-1_2",0.139909091141,0.123963813044737
"GCTTCACGTCCATACA-1_2",0.137845194546688,-0.034231375833664
"GCTTTCGCAGGGAGAG-1_2",0.0513940575432431,0.00167156603269892
"GGAAGTGAGATTGACA-1_2",-0.238108075876753,0.023894817858795
"GGAAGTGCAAAGCACG-1_2",0.121722409838343,0.0473848686211043
"GGAATGGGTTCAGGTT-1_2",0.0643173614187648,-0.00407966687644993
"GGACGTCAGCTGTGCC-1_2",0.0576011083856799,-0.0551485744188813
"GGACGTCCAGTTCTAG-1_2",0.0337193213218007,-0.0129051185778816
"GGAGAACTCTAACGGT-1_2",0.0454433051923321,-0.0408999035173596
"GGATCTAGTCATCTAG-1_2",0.0260466914604173,0.0131553150037669
"GGCACGTAGCAGCCCT-1_2",0.0551412596686401,0.0435375127170804
"GGCACGTTCCACACAA-1_2",0.156129723465564,0.168344818730133
"GGCTGTGCAACCGCTG-1_2",0.0598797930686891,0.0193889537932472
"GGCTGTGTCCAGCCTT-1_2",0.0383926135443464,-0.033247775619867
"GGGAAGTGTGTTACTG-1_2",0.046416328422363,-0.001753698405898
"GGGACAATCAGCGGAA-1_2",0.0325100257885584,0.0174294332595316
"GGGACTCGTCCCAAAT-1_2",0.0909709677305706,0.0196169859937488
"GGGAGATGTAGAATGT-1_2",0.0831430248654547,-0.0720242359739567
"GGGAGATGTAGCACGA-1_2",0.0766210419727443,0.0655450481471219
"GGGAGATGTTTAGAGA-1_2",0.0486483581597516,0.00597765497437473
"GGGAGATTCTATTCGT-1_2",0.120540730608917,0.114642807695128
"GGGAGTAGTCAACCAT-1_2",0.055950430914389,-0.0344947792098626
"GGGATCCGTCCCTCAT-1_2",0.0412625204672067,-0.03714738773585
"GGGATGAAGCAGATAT-1_2",-0.0407785561000602,0.0347811388811256
"GGGATGACAATCTGCA-1_2",0.100839273128182,0.0455706068049392
"GGGATGACAGTAGAAT-1_2",0.0666267908611823,0.0499451669040561
"GGGATGAGTCTACAGT-1_2",0.159165024189595,0.20691025090186
"GGGCGTTGTGACACAG-1_2",0.0315771588173098,-0.0337902208170096
"GGGCGTTGTGCCCTTT-1_2",-0.201855059002971,0.0228492770864695
"GGGTAGAAGGTACATA-1_2",0.101632229336143,0.0388345158195875
"GGGTAGACAGCCGGTT-1_2",0.125285758296727,0.110672310895769
"GGGTATTAGCCTTTGA-1_2",0.10251178462542,0.0771000346227808
"GGGTATTTCTCGGCTT-1_2",0.0269686596638079,-0.0103507610590919
"GGGTTATAGAGCATTA-1_2",0.126518889001928,-0.026694256871494
"GGGTTATAGGCTGTAG-1_2",0.113633631506324,0.112999557658459
"GGGTTATGTGCGGCTT-1_2",0.0604934072423147,-0.0535701941156136
"GGGTTTAAGAAATCCA-1_2",0.0648846139965735,0.0506243247599727
"GGTAACTCATCTCGTC-1_2",0.0422056985208898,-0.0398232353337506
"GGTAACTGTACGGTTT-1_2",0.0407358833280884,-0.0364664074170939
"GGTAACTTCGGCGATC-1_2",0.150072796558539,0.147666457534702
"GGTAACTTCTTCCAGC-1_2",0.0532395934417883,-0.0305663362501728
"GGTGAAGTCTGGCCGA-1_2",0.0938897506604654,0.0764137268466629
"GGTGATTTCACGGGCT-1_2",0.0371541161900414,0.0286915538675162
"GGTGGCTAGTTCGCAT-1_2",0.0342631657609601,-0.0416282034910732
"GGTGTCGAGTAGACCG-1_2",0.0264824606577921,-0.0204184385534098
"GGTGTCGTCGGAGTAG-1_2",0.0826048068077718,0.0612133458400814
"GGTTCTCGTATGACAA-1_2",0.0392100454969199,-0.0116753468828169
"GGTTCTCTCGATGGAG-1_2",0.0953651233984786,0.0950899055569309
"GGTTGTACAATGAAAC-1_2",0.113702004822026,0.0961154163984707
"GTAAGTCCAGCCTACG-1_2",0.0525053377930989,0.0460574685391596
"GTAATGCGTAACCCGC-1_2",0.0113989972748342,-0.0127536021198001
"GTACAACAGGACCCAA-1_2",0.0753164888256226,0.0452099586339948
"GTACAACGTCTGTAAC-1_2",0.0528506705196656,-0.0345865073184748
"GTACAGTGTCGTTATG-1_2",0.146290727089637,0.156335538357031
"GTAGAGGGTCATTGCA-1_2",0.0170818321265602,-0.028263485875517
"GTAGAGGGTTTCGACA-1_2",0.0900138808238846,0.0334388730466813
"GTAGAGGTCTCCGAGG-1_2",0.0411905362803579,-0.0309368512134822
"GTAGCTATCGGCCCAA-1_2",0.122926178515633,0.112047980595657
"GTAGGAGTCTATTTCG-1_2",0.0115507369164212,-0.022776942226702
"GTAGGTTCAGCGTGCT-1_2",0.0764448811449648,0.00333668102767273
"GTAGTACCAAGTTGGG-1_2",0.158837442076611,0.150827223545756
"GTATTGGGTTGCCGAC-1_2",0.0378870934276037,-0.00195336872694087
"GTATTTCAGATTGAGT-1_2",0.0946394161004732,0.061711661012789
"GTATTTCAGTACAACA-1_2",0.0699794609501723,0.0621387351979772
"GTCAAACGTGTTGATC-1_2",0.092390835936034,0.0512760355632258
"GTCAAACGTTCCGCAG-1_2",0.046506940874027,0.0158549677695266
"GTCAAACTCACGGGCT-1_2",0.152862738627101,0.176871058129221
"GTCAAGTAGTTCGCAT-1_2",0.0990006315706694,0.0462932634674889
"GTCACGGTCAGCGGAA-1_2",0.119604443259598,0.0004789734136636
"GTCACTCGTGAATGTA-1_2",0.0382323886542753,-0.0105554132731955
"GTCATCCCACTGTGTA-1_2",0.0376905941791729,-0.0351970212640238
"GTCATTTGTACCGGCT-1_2",0.0404815941937818,-0.0161649731855411
"GTCCACTCACCGTCTT-1_2",0.0212936365919802,-0.00651934937247341
"GTCCACTTCTTCCTAA-1_2",0.191573044090087,0.223514718072766
"GTCCCATAGATACGAT-1_2",0.0754343128745542,0.0706578568061136
"GTCGAATAGTATAGGT-1_2",0.0947197515645603,0.100211290901666
"GTCGAATGTGAGTAAT-1_2",0.0645636006216223,0.0210826386652839
"GTCGAATGTTTGGAGG-1_2",0.15134663760598,0.159925864478736
"GTCGTTCCACTAACCA-1_2",0.0832570185849823,0.0800809291790144
"GTCTAGAAGGAAGTAG-1_2",0.0389568554268723,0.00493868596418336
"GTCTCACGTGGCCCAT-1_2",0.0517360970165025,-0.0306016363729758
"GTCTCACTCAAAGGTA-1_2",0.153354747424429,0.156348359377885
"GTCTTTAAGGTCACTT-1_2",0.0503022130841235,0.179725122328621
"GTGACGCCACCGGCTA-1_2",0.142825917804682,0.141883455438426
"GTGACGCCATACTTTC-1_2",0.0527657756744978,0.0373598393234367
"GTGAGCCTCTTGGTCC-1_2",0.049004560635869,-0.0407552136522853
"GTGAGGAGTATCAGGG-1_2",0.0898393338582567,-0.0304405272947908
"GTGAGTTTCCAGCTCT-1_2",0.11579855741068,0.0714204953147666
"GTGATGTAGATAGTCA-1_2",0.0647333146976664,-0.0595685203895849
"GTGCACGAGTAGTGCG-1_2",0.0459887001194677,0.132630598049126
"GTGCACGTCTGCTAGA-1_2",0.0710395388409854,0.0452131984865119
"GTGCGTGAGATCACCT-1_2",0.0227730783944232,0.0376365710519549
"GTGCGTGGTAACGCGA-1_2",0.145208499700688,0.203973531998353
"GTGCGTGGTCATAGTC-1_2",0.0744532494704272,0.0481217761618041
"GTGCGTGGTTCAAACC-1_2",0.116860170638393,0.118217964617278
"GTGCTTCAGCAACTCT-1_2",0.00793126661169247,-0.00943061811689953
"GTGCTTCAGCATCCCG-1_2",0.158918168260166,0.152996555409903
"GTGGAAGAGGTTACAA-1_2",-0.0527232920655074,-0.0557863008317577
"GTGGAGAAGCGGATCA-1_2",0.106369897450104,0.0192594459057598
"GTGGCGTGTACTGAGG-1_2",0.157608677493892,0.152656794206507
"GTGGGAATCTGTGCAA-1_2",0.14389336907199,0.159176107451337
"GTGGTTATCTGGTCAA-1_2",0.0295554407401617,-0.02129427967175
"GTGTAACGTAGAGACC-1_2",0.103227049995075,0.0825960806415553
"GTGTGATCAGCGATTT-1_2",0.0852043027984854,0.0728567885254843
"GTGTGGCAGTTCATGC-1_2",0.0614973265671938,0.0221331732053797
"GTGTGGCGTGAGATCG-1_2",0.139469026967424,0.126648057570577
"GTGTTCCAGAACTCCT-1_2",0.120200870284283,-0.0451054857861725
"GTGTTCCGTGCAGTGA-1_2",0.0981406060257034,0.0813536104649481
"GTTACGACAGGCACAA-1_2",0.0488337064073447,0.00802753310836993
"GTTATGGCAACGGCCT-1_2",0.0920336058737578,0.0812757222048413
"GTTCCGTCACGGATCC-1_2",0.0407493365218967,-0.0443198868164908
"GTTCGCTAGCGTTCCG-1_2",0.0286578911413548,0.00167874773584719
"GTTCGCTCAGCTTTGA-1_2",0.0533636418252333,-0.0496891650411303
"GTTGCGGGTCGATTAC-1_2",0.104883456350086,0.102514499702635
"TAACACGCACCGTCGA-1_2",0.13120020178378,-0.0153814412436508
"TAACACGCAGAGCTAG-1_2",0.0394315540920338,0.0260369572128782
"TAACGACTCCATTTAC-1_2",0.039720649272068,-0.0239205871026143
"TAAGCACAGCCACTCG-1_2",0.0416623903257616,-0.0277056439184124
"TAAGCACTCTCTATAC-1_2",0.102843059072833,0.0896196142384515
"TAAGCCATCTTTGCGC-1_2",0.0667260686118598,-0.0617326359844455
"TAAGTCGAGCCTCCAG-1_2",0.0950594013851816,0.0725812283893783
"TACACCCCAAGACCTT-1_2",0.0975026370899822,0.0751277259692703
"TACAGGTCATAGATGA-1_2",0.0331720601395784,-0.0126692515286813
"TACATTCTCGCCATAA-1_2",0.0786740766435101,0.0695677759431718
"TACCGAAAGTAGACAT-1_2",0.0666978603086114,-0.0433327916767472
"TACCTCGTCATGCAGT-1_2",0.0530876488987573,0.0173541345622631
"TACCTGCAGTGCACAG-1_2",0.0477376557711183,-0.0144504442445867
"TACCTGCCAAGCTCTA-1_2",0.0387763658692914,-0.0114607050123235
"TACCTGCGTGCCCAGT-1_2",0.0572451014554464,0.0135893033881671
"TACGCTCTCACGGGAA-1_2",0.104994578049142,0.0884281758376346
"TACGGGCCACTGCACG-1_2",0.0391990554903633,-0.028272470397151
"TACGGTAGTGTAGCAG-1_2",0.0600588399310828,-0.0206773117649979
"TACGTCCGTATACGGG-1_2",0.0655304121746996,0.0339937329745291
"TACTGCCAGAGGCGGA-1_2",0.0941613146685284,0.0583123549368976
"TACTGCCTCGAGAGAC-1_2",0.0456344725999631,0.0285065859239481
"TACTTCAGTTTAGAGA-1_2",0.155526926609323,0.147670217729792
"TACTTGTGTCAACGCC-1_2",0.0348653262535899,-0.00787511490877175
"TAGACCAAGTTCCGTA-1_2",0.0684777983163556,0.0397146397185526
"TAGACCATCGTCACCT-1_2",0.0366946784308649,-0.0229095599681697
"TAGAGTCGTCATCGGC-1_2",0.112716719837879,0.109283353789964
"TAGAGTCGTGATGGCA-1_2",0.0300639335537803,-0.0150087618611285
"TAGATCGGTCCTTAAG-1_2",0.128150260583941,-0.0571246016129009
"TAGGAGGTCATTGGTG-1_2",0.141170256995981,0.146278477179214
"TAGGAGGTCTCGCGTT-1_2",0.137223372240484,0.0754757668762196
"TAGGGTTGTTGGTAGG-1_2",0.107532276139236,0.0395614370803109
"TAGGTACAGTGCCGAA-1_2",0.158483049689883,0.169029723472321
"TAGGTACCAGGACAGT-1_2",0.149638876251503,0.162502421154624
"TAGGTACTCGACTCCT-1_2",0.107155169994864,0.101854380479148
"TATACCTGTCGCAGTC-1_2",0.0315752551702478,-0.0403114271028335
"TATCAGGCAGACAAAT-1_2",0.0447931701269867,-0.0336840086384902
"TATCCTAGTGTAGTGG-1_2",0.0766114340458366,0.0639618730720018
"TATCGCCAGGGTTTCT-1_2",0.164643715424897,0.211461697242868
"TATCGCCGTACGTTCA-1_2",0.11892911542923,0.0290658775953118
"TATCTGTAGGCATCAG-1_2",0.0431684673096665,-0.0120273953547767
"TATCTGTGTCGCACGT-1_2",0.0412498610631581,0.0345754087617373
"TATCTTGGTTACTCAG-1_2",0.0366012127241105,0.0327386292903179
"TATGTTCGTCAGCTTA-1_2",0.0393464530582421,-0.023186102279866
"TATGTTCGTTTGAACC-1_2",0.0753756994158694,-0.0570082448691903
"TATTTCGAGTGAGGCT-1_2",0.146581520807692,0.1736719992368
"TCAAGTGGTTTGCCGG-1_2",0.108503291063667,0.103599500654537
"TCAATCTAGAGTCAAT-1_2",0.0354780528699597,-0.0414490855745583
"TCAATTCAGGCTTAAA-1_2",0.147759434424211,0.143363959804359
"TCAATTCGTTCCGCGA-1_2",0.035103015647153,0.00350988018820651
"TCAATTCTCACACCCT-1_2",0.151413882134598,0.183856957666056
"TCACAAGCAATTTCGG-1_2",0.0566529449432574,-0.0435329608039319
"TCACACCCACAAGCTT-1_2",0.0421750062973717,-0.0131614043546945
"TCACATTCAGCCTACG-1_2",0.0361301058603865,-0.0299130359262432
"TCACGCTTCACCGGGT-1_2",0.085288332090951,0.069207217126713
"TCACGCTTCGGTCACG-1_2",0.0725012890421647,0.0387153490651594
"TCACGGGGTGATCATC-1_2",0.0710784257868906,-0.0623659528956422
"TCACGGGTCGAGAAGC-1_2",0.0919985302323889,0.0575848652847428
"TCAGCAACATCTCGTC-1_2",-0.242666757791528,0.0212426887851276
"TCAGCCTCAAACACGG-1_2",0.0576642648746897,7.04310374677548e-05
"TCAGCCTTCAGCACCG-1_2",0.043269936385167,-0.0187230622223109
"TCAGGTAAGTGGAATT-1_2",0.156710004856079,0.177493343398417
"TCAGGTAGTCTTCAAG-1_2",0.111522819672411,0.00807126847983712
"TCAGTCCAGGTTCTAC-1_2",0.0935520861176019,0.103108780915788
"TCAGTCCAGTCTTCCC-1_2",0.0410371247762238,-0.0431037982269488
"TCAGTGAAGCTGTTAC-1_2",0.0837437795639452,0.0706056367176384
"TCAGTTTGTGGCGCTT-1_2",0.10660443617634,0.0799885043161095
"TCATACTTCCGACGGT-1_2",0.0275697721161892,-0.0277728647458941
"TCATACTTCGAGAATA-1_2",0.0372703469293223,-0.013471176116357
"TCATATCCAGGTCCCA-1_2",0.0767280842524295,0.0487691021997495
"TCATATCTCGAGTACT-1_2",0.0513923137128844,0.0300983004908257
"TCATCATAGAATTTGG-1_2",0.0916614452547648,0.0747929352068346
"TCATCATTCTCTTGCG-1_2",0.0641491761373638,-0.0414640581021627
"TCATGAGGTACTCGCG-1_2",0.0505168963078374,-0.0478895513179872
"TCATGCCAGCATTTCG-1_2",0.0352401985649276,0.0316252635855978
"TCATGCCCATGTTCGA-1_2",0.0795131349063114,-0.0706100711483982
"TCATGGACACCGGAAA-1_2",0.0247406753587321,0.0141162943907038
"TCATTACAGCCTCAAT-1_2",0.104751861464847,0.0739296885213355
"TCATTACAGGACTGGT-1_2",0.14947452539818,0.0317109069425383
"TCATTACAGGGAGGAC-1_2",0.0931329345678198,0.0738266227338019
"TCATTTGCATTGCAAC-1_2",0.0895640168436713,0.0865834084112473
"TCATTTGTCTTGCGCT-1_2",0.149155632748461,0.199759767157284
"TCCACCAAGCGTCGAA-1_2",0.0278999768419738,-0.0008822241603329
"TCCACCATCTCCACTG-1_2",0.0575934223710166,0.0581196004234405
"TCCAGAAAGTTGTCGT-1_2",0.038926512796515,-0.0181369643808467
"TCCAGAAGTATGAAAC-1_2",0.0677398113585731,-0.0624732622377948
"TCCATCGCAACTCGAT-1_2",0.0628875205246001,0.0505044956921008
"TCCATGCCAAAGACGC-1_2",0.0515047081593267,0.0398843336793804
"TCCCATGGTGTTACAC-1_2",0.0979292240924283,0.0398877312937809
"TCCGAAACAGTATACC-1_2",0.150851600734888,0.143757453377703
"TCCGATCTCACCTCTG-1_2",0.0847419834290869,0.0285762152568578
"TCCTAATTCAAACCCA-1_2",0.0314420611313781,-0.0268420528477736
"TCCTAATTCGCGTGCA-1_2",0.0231500117292015,0.0061456702376346
"TCCTCCCCAGACGCTC-1_2",0.0814039714316896,-0.0714446151812615
"TCCTCCCGTATTTCGG-1_2",0.0481776279596307,-0.0345683508160338
"TCCTCGAGTGCCTACG-1_2",0.11093359486271,0.106305575913908
"TCCTCGATCGCGGACT-1_2",0.0244540686276332,-0.0147038213385715
"TCCTGCACAGGCATGA-1_2",0.0792036657031372,0.0665649953699706
"TCCTTCTTCTCAACGA-1_2",0.0227746861052318,-0.0131235636060706
"TCGACCTCATCATCTT-1_2",0.0956928359128671,0.0609442369840977
"TCGACGGAGGAAAGGT-1_2",0.0476316770945579,0.00886345994571568
"TCGCACTCAGGTACGA-1_2",0.166801951108323,0.225584233993384
"TCGCTTGCAAGAAATC-1_2",0.0238491005918794,-0.0113733371597941
"TCGCTTGCACGCGCAT-1_2",0.020948702222358,-0.00174417827938717
"TCGGATAAGAACCCGA-1_2",0.108684270425139,0.0533974940394518
"TCGGATACAACATCGT-1_2",0.151883225774571,0.164461279655866
"TCGGATACATAACTCG-1_2",0.0390370761872634,-0.0248443417883812
"TCGGATAGTCCGGCAT-1_2",0.118512937781696,-0.0445908694845948
"TCGGGACGTAACGCGA-1_2",0.0415090823605721,-0.0322536638989255
"TCGGGCATCGCGTCGA-1_2",0.0257314174939814,-0.0221112124186718
"TCGGGTGGTTAAGAAC-1_2",0.0357812709430088,0.00982582349577001
"TCGGTCTGTGTAACGG-1_2",0.0814436088607643,0.0532392760991385
"TCGTGCTCAGTAGAAT-1_2",0.0174817782018186,0.0287901284588472
"TCGTGGGCAGGAGACT-1_2",0.12367021853775,-0.0957447096441545
"TCGTGGGGTACACGCC-1_2",0.0637387371075696,-0.0603925707028654
"TCTAACTGTTAAACCC-1_2",0.0215300066166102,-0.0249556563798854
"TCTAACTTCAACGCTA-1_2",-0.0363384621501344,-0.0433091156934636
"TCTAACTTCTGCGGCA-1_2",0.0455854806760094,-0.0315594433407089
"TCTATCACAAGAGAGA-1_2",0.118419265734063,0.131581240097966
"TCTCAGCAGCTGACTT-1_2",0.0985680746115581,0.108189042098963
"TCTGCCATCTGACAGT-1_2",0.131318138442482,0.110682605661568
"TCTTAGTCAGATACTC-1_2",0.0583419294464658,0.0596280654530083
"TGAACGTAGGTCGCCT-1_2",0.0538513120995191,0.0379362257147882
"TGACAGTGTTAAGGGC-1_2",0.130081656588748,0.0912645535733935
"TGACCCTAGAATCGCG-1_2",0.0349728086285629,-0.0418991051451572
"TGACCCTAGCTAGAGC-1_2",0.0857279904918826,0.0704797384182084
"TGACGCGAGGCAATGC-1_2",0.048542017652016,-0.0414355112059904
"TGACGCGCACTACGGC-1_2",0.0926637729372641,0.0438220270557406
"TGACGCGTCCCATTTA-1_2",0.0376638443052479,0.00120887032695803
"TGAGACTAGTGAGGTC-1_2",0.0630540648561354,-0.0608562039195517
"TGAGCGCAGCTACGTT-1_2",0.0270704525148591,-0.029451352191605
"TGAGGAGCAGGTATGG-1_2",0.055080466101322,0.0287156984041753
"TGAGGGACACTCCTGT-1_2",0.0248113142134655,-0.0186189600740598
"TGATCAGCAAACCACT-1_2",0.0913800845418937,0.0780230085918733
"TGATCTTCACTTCCTG-1_2",0.0411096878590847,0.00218356971151764
"TGATCTTGTTCGGACC-1_2",0.107109023839308,0.104062586949476
"TGATGGTAGCCTCTCT-1_2",0.158496767955981,0.191169557937211
"TGATGGTCATACAGGG-1_2",0.090305625467383,0.0640775231029865
"TGATTCTTCGAGTGAG-1_2",0.051915572767431,0.0130563477632186
"TGATTTCAGACAACAT-1_2",0.128111454964827,0.153461561182701
"TGCACGGTCACGAACT-1_2",0.0624251283855309,0.00254731217500736
"TGCAGATTCGACGATT-1_2",0.0735190014081804,0.058969186402871
"TGCAGGCCACCATTCC-1_2",0.0649397657618926,0.0164454982549324
"TGCAGGCCACGGCCAT-1_2",0.121330913656207,0.00898827601318593
"TGCCGAGAGGTCCTGC-1_2",0.104514297070827,0.0170673333315231
"TGCCGAGCACAGTCCG-1_2",0.0390711322773722,0.00135076186326092
"TGCGACGCAATAGTCC-1_2",0.0340357585183122,0.127973245712334
"TGCGATAGTCCGTACG-1_2",0.102923900030602,0.0648477889192778
"TGCGGCAAGCATCTTG-1_2",0.0508867603471805,-0.0509401932117453
"TGCGGCAAGGTACCTT-1_2",0.0300815952086633,-0.0404686157491631
"TGCGGCAGTTTGGGTT-1_2",0.119832888790021,0.0956207186951241
"TGCTCCAAGCGCCTCA-1_2",0.0406686788031388,-0.038616851360073
"TGCTCCAGTCAGACGA-1_2",0.0666553482416102,0.0485453986173976
"TGCTCCATCGAGTCTA-1_2",0.120514459577853,0.128760381568904
"TGCTGAAAGGATTTAG-1_2",0.0123700198201653,0.0228150982740659
"TGCTGAATCCCAGGAC-1_2",0.113385588225491,-0.0585455747672615
"TGGAACTAGAAACACT-1_2",0.0580513435268466,0.0218803707723677
"TGGAGAGTCAAGGTGG-1_2",-0.0151612211153533,-0.113569602090579
"TGGAGAGTCCTACCAC-1_2",0.098558416020512,0.0849536829681096
"TGGAGGAAGGATATGT-1_2",0.0690326035833389,0.0488642908364857
"TGGATGTAGATCCTAC-1_2",0.0906187379126591,0.0957332822329637
"TGGCGTGTCACTCCGT-1_2",0.0226588288226884,-0.0276346251094852
"TGGGCGTCAAGACCTT-1_2",-0.0357608040960323,-0.0383868645559401
"TGGTACAGTACTGACT-1_2",0.0788291356848055,0.055091684250759
"TGGTAGTAGCCTATCA-1_2",0.0438775803781599,-0.00467121826348691
"TGGTAGTGTCTTGAAC-1_2",0.0603231176999652,0.0100732799074556
"TGGTAGTGTTCCGCTT-1_2",0.0703544747361433,-0.0600085740314295
"TGGTGATGTAGGACTG-1_2",0.0271098074297877,0.0221204079129882
"TGTACAGCACACGCCA-1_2",0.163881271595054,0.200523778393552
"TGTACAGGTGCCCGTA-1_2",0.0177502052488687,-0.012969561689048
"TGTAGACAGAAATTGC-1_2",0.0828308822817446,-0.104450268670047
"TGTCCCAAGCAAGTCG-1_2",0.107538451783034,0.0203135602922883
"TGTCCCACAATGTTGC-1_2",0.10882991649567,-0.0579129096052037
"TGTGAGTTCCAGGACC-1_2",0.0891126688013212,0.0781346354694995
"TGTGATGTCCAAAGGG-1_2",0.0843680276480303,0.0726905902019922
"TGTGTGATCACGGGCT-1_2",0.0432846142445544,0.0187336382449655
"TGTTACTCAAAGAGTT-1_2",0.0737393169300207,0.0617536485030324
"TGTTCTAAGTAAGGGA-1_2",-0.284901589176811,0.0438376073805308
"TGTTCTATCTTGATTC-1_2",0.141978373891132,0.012493747313831
"TGTTGGAAGATTGATG-1_2",0.0330122575574624,0.0276704334103129
"TGTTGGACAACACGAG-1_2",0.0578307493406854,0.00654788250527905
"TGTTGGACATGGTACT-1_2",0.0694305187596084,0.0513592097909627
"TTAATCCCAGATCACT-1_2",0.145581821296578,0.00714959568395399
"TTACAGGGTCGGCCTA-1_2",0.0812573254762209,0.0670368290238363
"TTACCATCATTAAGCC-1_2",0.0969767015587153,0.0824974374014398
"TTACGCCAGAGCCGTA-1_2",0.141650526352214,0.172376383690077
"TTACGCCCAGGAGGAG-1_2",0.122884976043101,0.0993857223347535
"TTACGTTAGGTTCATC-1_2",0.0448035822632949,-0.0394981769416394
"TTACTGTCACGACGCT-1_2",0.0442690662857679,-0.043314114290201
"TTACTGTTCCCTTGTG-1_2",0.0512076083266277,-0.0100153691535532
"TTAGGCAGTGTTACAC-1_2",0.034494104826815,-0.0169733496156745
"TTAGTCTAGCTGAAAT-1_2",0.134626491143014,0.140243232279802
"TTATTGCAGTTCCATG-1_2",0.107091782177065,0.117444012589546
"TTCAATCAGGTCACCC-1_2",0.0420996615496857,0.0080004681303434
"TTCAATCTCCGCACTT-1_2",0.142293998643675,-0.0475750705010704
"TTCACGCGTGTACAGG-1_2",0.0583079943362355,0.0502492072499638
"TTCAGGAAGATGTTCC-1_2",0.0768433130852069,0.0574659652354191
"TTCCAATAGAGGTTTA-1_2",0.0580306820829728,0.026746452636004
"TTCCACGTCTCGTGAA-1_2",0.115638483078941,-0.0429803017738515
"TTCCGGTAGACTGGGT-1_2",0.0259197387067973,0.0140362279856117
"TTCCGGTAGCCTTTCC-1_2",0.0968593759827228,0.0428109137270028
"TTCCGGTCAGTAGTTC-1_2",0.0873360288507173,0.0648234480966314
"TTCCGTGAGGCCACTC-1_2",0.0770294835021069,0.0807073129904532
"TTCCTAAGTCTACGTA-1_2",0.0667511813226913,-0.0560804445488391
"TTCTAACAGCCGTTAT-1_2",0.137821471464951,0.168248884299156
"TTCTAACAGGATTCCT-1_2",0.00559923321146498,-0.0343883005126406
"TTCTCTCAGAGTGGCT-1_2",0.0365363567009593,-0.00479406446979937
"TTCTGTAGTAGACGTG-1_2",0.047272259497481,0.0478533932517265
"TTCTGTATCAGACCCG-1_2",0.0513903784160739,0.0321107739926866
"TTCTGTATCAGAGTTC-1_2",-0.0410793097573023,-0.0755636863004711
"TTCTTCCGTGGACCAA-1_2",0.128018522611235,0.136485646379206
"TTCTTCCTCTCGAGTA-1_2",0.0267498489117582,-0.0146690722718326
"TTCTTGAGTATGGAAT-1_2",0.150199925641372,0.140489520454716
"TTGACCCCATCCGAAT-1_2",0.0273926606070677,-0.015037573709613
"TTGAGTGCACTGGCCA-1_2",0.0878763520798628,0.0857598607278868
"TTGATGGAGCTTTCTT-1_2",0.0470356784799377,0.0319233684008193
"TTGCATTAGCATCCCG-1_2",0.0487942918685055,0.0230070091660843
"TTGCATTCACTCACTC-1_2",0.0941556263689029,0.0690003339166844
"TTGGATGCAACGGCCT-1_2",0.0301012019539248,-0.02396453325548
"TTGGGTAAGACCATGG-1_2",-0.245711429679605,0.0264848683888873
"TTGGTTTCAACGTATC-1_2",0.0791836788483116,-0.0681714698645002
"TTGGTTTCAGACCATT-1_2",0.0394953823347651,0.00631391792610256
"TTGGTTTGTGGCCCAT-1_2",-0.0345176442238022,-0.0648065299385678
"TTGTGGAAGTAGGGTC-1_2",0.143441890168034,0.0260550894333422
"TTGTGGATCCGATCTC-1_2",0.0790473036598456,0.0627291730562883
"TTGTTCACACGGAAGT-1_2",0.0507463081167323,-0.0131466087668568
"TTGTTTGCAGGTTCCG-1_2",0.0785482021929632,0.046113698374547
"TTTATGCGTGGGTATG-1_2",0.101359907293356,-0.0346762270965506
"TTTATGCTCTTACTGT-1_2",0.121560438398692,0.0964001796344061
"TTTCACATCGTTCGCT-1_2",0.0403691036786565,-0.0272475763340185
"TTTCAGTGTCACCACG-1_2",0.132412414818986,0.0721819909880193
"TTTCATGTCCACCTGT-1_2",-0.0852273086481461,0.00128279552844893
"TTTCCTCTCACCGCTT-1_2",0.0829731439230123,0.0630553111399583
"TTTCCTCTCACGAGGA-1_2",0.110624541253966,0.0865677937026085
"TTTCGATAGAGCCTGA-1_2",0.0627696810537343,0.0317799375352359
"TTTGATCCACTACCGG-1_2",0.0502910422018676,-0.0349765632243185
"TTTGATCTCCTTCTTC-1_2",0.159250085738751,0.151846967157715
"TTTGGTTGTGATAGTA-1_2",0.0978619055357266,0.0978662989695438
"TTTGTTGGTTCCTTGC-1_2",0.0203728501251927,-0.0225293007044196
"AAACCCAGTTGAGGAC-1_2",-0.0142928979198178,-0.17643655652934
"AAACGAACATGGCTAT-1_2",-0.0080258537880135,-0.177879428907865
"AAAGAACAGGTTTGAA-1_2",0.0556493818565907,-0.188984526710719
"AAAGAACCAAGAATAC-1_2",0.0570923764335424,-0.208473207091585
"AAAGGGCAGGATTCCT-1_2",-0.0812424218492655,-0.0824912669429754
"AAAGGTATCATGAGTC-1_2",-0.0221415097537999,-0.0846515472856385
"AAAGTCCTCTTCCAGC-1_2",0.0789193674760593,-0.222727413919828
"AAAGTGAAGGGCTAAC-1_2",-0.011997193221387,-0.152905680244817
"AAAGTGACAGCACGAA-1_2",0.0782494264391561,-0.222353460153985
"AACAAAGTCTGTGCGG-1_2",0.0257419958147149,-0.198813018637803
"AACAACCGTCAGGAGT-1_2",-0.0235725829254325,-0.167878255879331
"AACACACGTTAAGCAA-1_2",0.0757129720893153,-0.193470274714471
"AACAGGGGTGTAGTGG-1_2",0.0364767295649091,-0.177805050906933
"AACCAACCATGGCGCT-1_2",0.050237646405638,-0.207938219086511
"AACCACACAGACTCTA-1_2",-0.157478129453345,-0.0141753714808747
"AACCACATCCCAAGCG-1_2",-0.0263952780904254,-0.010387513820871
"AACCATGCAATAGGGC-1_2",0.0480786666069831,-0.182372219185028
"AACCATGCAATCGAAA-1_2",0.0588518822966067,-0.220106730402308
"AACCCAACAGTATGAA-1_2",0.0875324526059466,-0.200155549143725
"AACCTGAAGCTTTGTG-1_2",-0.0296670587100694,-0.126965183652421
"AACCTGACAACGAGGT-1_2",-0.184554068506467,-0.0316222082941361
"AACGGGAGTAGATCCT-1_2",-0.223518771688144,0.0136569941096788
"AACTTCTAGCCTTCTC-1_2",-0.0415292996185874,-0.115187549698298
"AACTTCTGTTCTGAGT-1_2",0.0473534126915127,-0.206652124794396
"AAGACTCGTGTTTCTT-1_2",-0.0299067928352061,-0.169552770232499
"AAGCCATGTCGCATCG-1_2",0.12743518297498,-0.16588592838651
"AAGCGAGTCTAGGCCG-1_2",0.0193875497917883,-0.145404650628128
"AAGTTCGAGAGCTGAC-1_2",0.0841662792825018,0.113229822955518
"AAGTTCGAGGATATAC-1_2",-0.0328463083030761,-0.16590662883997
"AAGTTCGAGGCGAACT-1_2",-0.1378823348307,0.0218604409784271
"AAGTTCGAGGTCGCCT-1_2",0.0130231014522693,-0.170799531060461
"AATAGAGCAACCGGAA-1_2",0.0778596972814722,-0.200926804654654
"AATAGAGCATGACGTT-1_2",-0.161749146834276,-0.00881716431391204
"AATCGTGAGCTCGTGC-1_2",0.0885726387792157,-0.22412264907797
"AATGAAGCACTTACAG-1_2",-0.0908928327961754,-0.0424019886241552
"AATGACCCAAACTCGT-1_2",0.0269597591916725,-0.170159439377744
"AATGCCACAAATGAGT-1_2",0.0391579173377862,-0.179922743802672
"AATGGAACATGAATCC-1_2",-0.0569733901326841,-0.0790543053650547
"ACAACCAGTCATCCGG-1_2",-0.0413477376999107,-0.127547461791152
"ACAAGCTAGGCGTTGA-1_2",0.0823478035869919,-0.208597257685437
"ACACAGTGTCGCAACC-1_2",-0.0363285659829896,-0.0739873667982916
"ACACAGTTCTTCCACG-1_2",0.00950701283745064,-0.186549767437075
"ACACCAATCCATTTGT-1_2",0.00774065716642578,-0.192639505377881
"ACACGCGAGGAACTCG-1_2",-0.0808893593249098,-0.00721170883648254
"ACACGCGGTGGAACAC-1_2",-0.0833439168278589,0.00424324100476993
"ACAGAAATCATGCAGT-1_2",-0.256593093991985,0.0301020090283812
"ACATCCCGTAGGAGGG-1_2",-0.0731227603083398,-0.0224070558768643
"ACATCGAAGACACACG-1_2",0.112220372172878,-0.093030506667383
"ACCAAACCACTGCGTG-1_2",-0.0739864093999727,-0.0378948278275999
"ACCATTTAGCACCGAA-1_2",-0.0226771504202598,-0.146203329099193
"ACCCAAATCGAAACAA-1_2",0.0686123850759868,-0.224127537186542
"ACCTGTCTCAGATTGC-1_2",0.0604854928620961,-0.197030925934977
"ACGATGTAGGAGTATT-1_2",-0.024754176439899,-0.14242020326047
"ACGCACGAGCCTGACC-1_2",-0.04713672403138,-0.118709842060037
"ACGGGTCAGTCAAGCG-1_2",0.0601327294756657,0.00259964624930479
"ACGGTCGGTTATCTGG-1_2",0.0806621692786664,-0.185726064451258
"ACGTAACGTTGCAAGG-1_2",-0.00112804444046709,-0.200479606968191
"ACGTACAGTTACGGAG-1_2",-0.0380923493558324,-0.153782540406348
"ACGTAGTTCAACTTTC-1_2",0.0629338722246288,-0.191988867977675
"ACGTAGTTCCGTTGAA-1_2",-0.0560978272451981,-0.0436088041121494
"ACTATGGTCGGAGCAA-1_2",0.0774620565528606,-0.222645967328034
"ACTATTCTCATGAGGG-1_2",0.0538009471244182,-0.185227600034859
"ACTCCCACAGTTGTTG-1_2",0.218338419079878,0.26117574684187
"ACTGATGCACGGGTAA-1_2",-0.101786905525272,-0.023170151263531
"ACTGATGTCCTGCTAC-1_2",-0.0540931173784519,-0.123070451547346
"ACTGTGAAGTTGGAGC-1_2",0.200688655315366,0.281092212323099
"ACTGTGATCAAGTAAG-1_2",-0.235798550562926,0.0236302394005798
"ACTTATCAGTGCAGGT-1_2",-0.0963378327704032,-0.0398952993533384
"ACTTCCGGTGGCAACA-1_2",0.0656444715701893,-0.187914217075897
"ACTTCGCTCCCATTTA-1_2",-0.0776150820430725,-0.0372524454271579
"ACTTTCACAGCCTATA-1_2",0.0690314743894508,-0.204595185432073
"AGAAATGCACCGTGGT-1_2",0.0475549891573676,-0.216772690697234
"AGAACCTAGCGCGTTC-1_2",0.0317570077474564,-0.16950135106853
"AGACAGGAGCCATTTG-1_2",-0.00360318243045278,-0.189749970894505
"AGACTCAGTTGTATGC-1_2",-0.0535416482996808,-0.0830143601156053
"AGAGCCCGTATGCTTG-1_2",-0.0165801071521516,-0.124948658492069
"AGCCACGCAAAGGATT-1_2",-0.0127191673754603,-0.185595809093264
"AGCCAGCAGAAATGGG-1_2",-0.0302901607399374,-0.148970181738501
"AGCGATTCACAAGCTT-1_2",0.150518365919311,0.228012673582192
"AGCGCTGGTGGTTTAC-1_2",-0.0856251383221497,-0.0400653112922187
"AGCGTATTCCAACCGG-1_2",-0.0318952547069703,-0.139680367671223
"AGCGTATTCGTGGAAG-1_2",0.0369617945209841,-0.205247558350287
"AGCTTCCCAGAACTCT-1_2",0.108459456475473,-0.22423364805464
"AGCTTCCGTCTTCCGT-1_2",0.0715948300549975,-0.199633558759469
"AGCTTCCTCATGGTAC-1_2",0.0583705664314605,-0.191808728980629
"AGGAAATTCAGACCCG-1_2",-0.0110273317435086,-0.177044587750193
"AGGACTTCACTTGGGC-1_2",0.158067346536245,0.158778999680061
"AGGATAATCACTGATG-1_2",-0.0548144151801792,-0.0899690137701618
"AGGATCTAGATCACCT-1_2",0.197584901554678,0.290819504515673
"AGGATCTTCCCAAGTA-1_2",-0.0487956005715321,-0.0846748743640279
"AGGCATTCAGCTTCCT-1_2",0.107238530898429,-0.149931414796662
"AGGCATTGTGGATCAG-1_2",0.0762255443543224,-0.225999512623406
"AGGCCACGTGTCTCCT-1_2",-0.206527333002998,0.00835831479280366
"AGGCCACGTTCGGTAT-1_2",-0.226819105518371,0.0142646442727898
"AGGCCACTCCAACACA-1_2",-0.00833047964586577,-0.187078984050276
"AGGCTGCAGCTGTACT-1_2",0.0591229188502459,-0.178183988229402
"AGGCTGCTCATTGAGC-1_2",0.182753575574147,0.220823667925174
"AGGGCCTCATGGAAGC-1_2",-0.166527390888326,0.00103879532027337
"AGGGCCTTCAGACTGT-1_2",0.0622721165033641,-0.184573526138482
"AGGGCTCAGGCAGGTT-1_2",0.0504353107166765,-0.211165357785068
"AGGGTCCCACGCGTCA-1_2",-0.0192609285257702,-0.176495350964229
"AGGTAGGCAAGGTCTT-1_2",-0.138061792751573,0.0268930044070063
"AGGTCTACACACGTGC-1_2",0.0745225503198568,-0.224047030812147
"AGGTCTAGTATGGTTC-1_2",-0.0216898095970196,-0.18014031482394
"AGGTGTTTCAATGTCG-1_2",-0.12276468214729,-0.0160828648338724
"AGGTTGTCATGTGACT-1_2",0.182514196639132,0.272439052236563
"AGTAACCAGCGTCAAG-1_2",-0.0199069391072396,-0.139230644007939
"AGTAACCCATTGTAGC-1_2",0.0523234837129608,-0.208098106344652
"AGTAACCTCTTGCGCT-1_2",-0.00886316820841788,-0.189016250145927
"AGTACCAAGAAAGCGA-1_2",0.0694853429844006,-0.213773119972099
"AGTACCAAGAATTGTG-1_2",-0.0456939825227428,-0.0842908124501212
"AGTACCAAGCGTCTCG-1_2",-0.0502893975284423,-0.0749451081890411
"AGTACCACAATCTGCA-1_2",-0.0603214054427832,-0.103351002142467
"AGTACCACACATACTG-1_2",0.204429855229388,0.287290927521882
"AGTACCACACGTGTGC-1_2",0.00311480641248596,-0.193070400231981
"AGTACTGGTTAGTCGT-1_2",-0.0309483530302072,-0.158165710185164
"AGTAGTCTCGGTAACT-1_2",0.0446905251487143,0.188098178311088
"AGTCAACAGCGATGCA-1_2",0.0360047503533367,-0.173180407774092
"AGTCACAGTGATCATC-1_2",0.0681080262793822,-0.216294778163928
"AGTCATGGTCAACGCC-1_2",0.0556719485882138,-0.214404424489656
"AGTCATGGTCACTCAA-1_2",-0.0323959323423857,-0.158803590657801
"AGTCATGTCAAGGACG-1_2",0.0409071284635302,-0.171972137780018
"AGTGACTGTCTCTCAC-1_2",0.0353752380011586,-0.175278332799366
"AGTGCCGTCGTCTACC-1_2",0.0900655130121917,-0.211311619865252
"AGTGTTGAGTAATCCC-1_2",-0.254533691135927,0.0334555107746738
"AGTGTTGTCCAAGCCG-1_2",0.0540705148475488,-0.215834569360961
"AGTTAGCCAGTTCTAG-1_2",0.149805578200181,0.120361022675208
"AGTTCGAAGGCTTCCG-1_2",0.0849445950376124,-0.201313189506166
"AGTTCGAGTAACAGGC-1_2",0.0701113916318871,-0.173346670096939
"ATACCTTGTAGTTACC-1_2",-0.0381833439260163,-0.14536902963975
"ATAGAGACAGTAGTTC-1_2",0.0320527944804517,-0.182766405448578
"ATATCCTGTTGCCAAT-1_2",-0.135377122000549,0.023404319675389
"ATCACAGAGCTCAGAG-1_2",-0.00202151262786148,-0.169120417418933
"ATCACAGTCATCGCCT-1_2",0.0245427831591918,-0.143137495254364
"ATCACGACAGAACTAA-1_2",-0.138685237715466,0.0253450675838629
"ATCACGACATCTCATT-1_2",-0.0319491928850672,-0.106498810376828
"ATCAGGTTCGTGTGAT-1_2",0.0510364393680223,-0.193212670673017
"ATCATTCAGTACAGCG-1_2",-0.0219236702085475,-0.184688995786193
"ATCCACCAGTCTTGGT-1_2",0.0369778507434369,-0.179094406755628
"ATCCACCGTGGAACCA-1_2",0.125555592015869,-0.203694742634874
"ATCCCTGCACAGCCAC-1_2",0.0464252312600303,-0.163491763410738
"ATCCTATGTACGATCT-1_2",-0.0351482190430492,-0.142333084086913
"ATCGCCTTCGTTAGAC-1_2",0.0656291697619924,-0.214348346811739
"ATCGGATTCCCATACC-1_2",0.0464107528419247,-0.180166073715729
"ATCGGCGAGAACCGCA-1_2",-0.0300354936600643,-0.168204117489942
"ATCGTAGTCTGCGGAC-1_2",0.116704519649075,-0.195280148652575
"ATCGTCCCACGAGGTA-1_2",0.0866600286777255,-0.196425082497725
"ATCGTCCTCAGACCGC-1_2",0.125976983750455,-0.168744256147332
"ATCGTGATCTCATTTG-1_2",-0.0372853852853603,-0.149997364592123
"ATGAAAGTCCGTTGAA-1_2",0.0321765281010434,-0.164284348506042
"ATGAAAGTCTCATTTG-1_2",0.205174455732837,0.282175509432101
"ATGCGATCAAGCTCTA-1_2",0.0953625203574974,-0.207566010048393
"ATGGATCAGAGTATAC-1_2",-0.0254860539572355,-0.11601088518963
"ATGGATCAGGGCAACT-1_2",-0.021071859582415,-0.174932077236864
"ATGGATCTCTATGTGG-1_2",0.0915272531817904,-0.198819164606003
"ATGGGAGTCGGTAAGG-1_2",-0.0696167147022453,-0.115033764037162
"ATGGTTGGTCTCAGGC-1_2",-0.0184898394230251,-0.174667750146618
"ATGTCCCTCGGCTATA-1_2",0.043117196460279,-0.184690646051421
"ATGTCTTTCCCGTAAA-1_2",0.00196789903724529,-0.189696502922742
"ATTACCTCATAGGTAA-1_2",0.206936887186354,0.28401974250103
"ATTACCTGTCTCCTGT-1_2",-0.00779865277701437,-0.179338332347394
"ATTACTCCAGCGGTCT-1_2",0.203894645202808,0.282984771744032
"ATTCATCAGCAGGCAT-1_2",0.023750248793016,-0.195733548902009
"ATTCATCCATTACGGT-1_2",0.0606007808795092,-0.192973388669506
"ATTCCATGTTACCTGA-1_2",0.0507867868008238,-0.205684327335794
"ATTCCCGGTCGAACGA-1_2",0.078033369147035,0.0142214392227116
"ATTCCCGGTGAGGCAT-1_2",-0.182892688934481,-0.00424020994087846
"ATTCGTTAGCACTCTA-1_2",-0.0517052121364327,-0.13703188821789
"ATTCGTTGTATCAAGA-1_2",0.051078710512924,-0.158041013518225
"ATTCTACTCGATACTG-1_2",0.0845945003103868,-0.174246391650432
"ATTGGGTCACCATTCC-1_2",0.0806831051162003,-0.226016876622573
"ATTGGGTGTTAATGAG-1_2",0.116483532133022,-0.193304390989136
"ATTGGGTTCATTATCC-1_2",-0.0264315539199536,-0.118039221138061
"ATTGTTCAGACCCTTA-1_2",0.110736863632028,0.0425306408482784
"CAACAACAGGTTCCAT-1_2",0.206085209012128,0.283743907295551
"CAACAGTAGACTCTTG-1_2",-0.0439920745153155,-0.059131576989121
"CAACAGTCAGAAGCTG-1_2",0.048894745288216,-0.169661524323951
"CAACAGTCATCTTAGG-1_2",0.0285726659254344,-0.166298766525998
"CAACAGTGTTACTCAG-1_2",0.2003225242662,0.275294035449982
"CAACGATCAGGATCTT-1_2",-0.00335193855704697,-0.177455674599935
"CAACGGCGTTAAGCAA-1_2",-0.0393297143274069,-0.140175830422445
"CAAGACTCAAGTATCC-1_2",-0.0270172187504976,-0.113040121170073
"CAAGACTGTAAGACCG-1_2",0.083613826363396,-0.22824238406292
"CAATACGGTCAAACGG-1_2",0.017941558860673,-0.205149402380197
"CAATGACAGACCACGA-1_2",0.00457113174869956,-0.18993719429057
"CAATGACGTTAGTTCG-1_2",0.195216619423341,0.256103470749378
"CAATTTCTCTTAATCC-1_2",-0.142141623887052,0.0234566783159351
"CACAACAAGGCTGGAT-1_2",0.0794914713500568,-0.226673091925866
"CACACAACACGTAACT-1_2",0.0316756259876511,-0.195186428582956
"CACAGATAGTGCACAG-1_2",-0.0449296157259328,-0.132050986234701
"CACCAAAGTCAAATCC-1_2",-0.0326605289091049,-0.145421370767522
"CACCGTTTCCCAAGCG-1_2",0.130800990741446,-0.222181904249252
"CACGGGTGTTTCAGAC-1_2",-0.0438253938239816,-0.131964394151425
"CACGTGGAGCGTTCCG-1_2",0.00494839144816507,-0.190531673686097
"CACTAAGCAAGGAGTC-1_2",0.114824938259757,-0.17108615299093
"CACTTCGCACCAGACC-1_2",0.0491408827131282,-0.2222406400472
"CACTTCGTCAAGTCTG-1_2",0.0953473380383756,-0.19089722274307
"CAGAGCCTCTCTGGTC-1_2",0.174014072130502,0.209695817949728
"CAGATCATCATTTGCT-1_2",0.202457754065078,0.286242954607119
"CAGATTGCAGGCCCTA-1_2",0.204590287614758,0.24619172600416
"CAGCAATCAGTCAGAG-1_2",0.0476533593493,-0.183665595773705
"CAGCAATGTACCTATG-1_2",-0.0174878059151187,0.0935804412595104
"CAGCAATGTCAGGTGA-1_2",0.0920354399292198,-0.202862794751386
"CAGCAGCTCGAACCAT-1_2",0.0910642974491934,-0.189229698338752
"CAGCCAGAGCCGAACA-1_2",-0.0123409694525221,-0.18375455656832
"CAGCGTGAGGGTGAAA-1_2",-0.0171907466340141,-0.176319555091989
"CAGCGTGGTGCTCCGA-1_2",-0.0471407222728362,-0.123644561806146
"CAGCGTGTCCATGCAA-1_2",-0.241921814801883,0.019609913644066
"CAGGGCTAGAATTTGG-1_2",-0.0422532207377981,-0.122616235405195
"CAGGTATGTAAGGCCA-1_2",0.113962633714115,-0.186931092045952
"CAGTGCGCATGATCTG-1_2",0.195726365202939,0.272066274942702
"CAGTTAGTCCACGAAT-1_2",0.097913363579501,-0.197279198895197
"CAGTTCCTCGTGCTCT-1_2",-0.197409902724436,0.0066808720106925
"CATACAGAGCGTTACT-1_2",-0.017876010995616,-0.171012852702237
"CATACAGCACATGAAA-1_2",-0.0305024737219212,-0.158927802263524
"CATACCCAGCAACTTC-1_2",0.206483013056588,0.281606563735783
"CATACCCGTCATCCCT-1_2",0.037975748745231,-0.171839626150265
"CATAGACCATCGATAC-1_2",-0.00609107237193089,-0.18935856240389
"CATCCGTAGCCTGTGC-1_2",0.0740594109840875,-0.221057445853587
"CATCCGTTCAGCACCG-1_2",-0.0412297460942314,-0.129398044780602
"CATCGCTAGCAGCGAT-1_2",-0.0292424075153079,-0.174578454757658
"CATCGGGGTTGGACCC-1_2",-0.0435831301306136,-0.135608905926399
"CATGAGTCAGTAGTGG-1_2",-0.0285791229827915,-0.153634360296816
"CATGCAAGTTTGGGTT-1_2",0.0532126781646117,-0.177676271105203
"CATGCGGAGACTGAGC-1_2",0.0598724526283349,-0.176359789352392
"CATGCGGCATTCTCTA-1_2",0.0480459071789618,-0.172676463021744
"CATGCTCGTTCCAGGC-1_2",-0.0836235695562255,-0.0396889801353917
"CATGGATGTCACAGAG-1_2",0.0696493795878014,-0.208838760779942
"CATGGTACATGACTGT-1_2",-0.0266541122134403,-0.165169818078066
"CATTCATCACAACGTT-1_2",0.0523060770977972,-0.185129075671392
"CATTCTACAGGACGAT-1_2",0.0132386747595302,-0.185428627333332
"CATTGAGCAACCAACT-1_2",-0.129929379846451,-0.0366293919115047
"CATTGAGCAACGCCCA-1_2",0.0824864484642251,-0.177693434216954
"CATTGCCCAAACACGG-1_2",-0.0403082028892164,-0.121912062473925
"CATTGCCGTCGCAGTC-1_2",0.0269886492934081,-0.167184957388621
"CCAATGATCACCGACG-1_2",0.00474803937456674,-0.178050032389536
"CCAATTTAGGTGAGCT-1_2",-0.00588737928886459,-0.157014074496833
"CCACACTAGATGTTAG-1_2",0.0340811525029898,-0.167231173663444
"CCACCATCAACGAGGT-1_2",0.186711192141709,0.268762770238131
"CCACGAGGTCGACGCT-1_2",-0.362543443331205,0.0795960325964548
"CCACGAGGTTTCCATT-1_2",-0.0328869576244497,-0.155568741683334
"CCACGTTAGGTACATA-1_2",-0.0194430221031238,-0.164417073742722
"CCACGTTCAGGTCAAG-1_2",-0.141182020825301,-0.0344449094422663
"CCACTTGAGTACCCTA-1_2",-0.0157111118040034,-0.179770770639265
"CCCAACTGTCCCTCAT-1_2",0.131066874078433,-0.210402064011744
"CCCAACTGTCCTTGTC-1_2",-0.134544201911103,0.022796560156959
"CCCGAAGGTCCATCTC-1_2",-0.0500068559775314,-0.130727720149569
"CCCGGAAGTGTTCCAA-1_2",0.0469021385792066,-0.17263553932625
"CCCTCAATCTCAACCC-1_2",-0.204485361354639,0.00766033949631031
"CCCTCTCAGCGTTCCG-1_2",0.0937901786856004,-0.214907183528804
"CCCTGATTCTCTGCCA-1_2",-0.393971158696396,0.0723885253332673
"CCGATCTAGAACAGGA-1_2",-0.219171699058437,0.0120825309935411
"CCGATCTGTGGAGAAA-1_2",0.0792583700874004,-0.174112256999354
"CCGATGGCAATGTGGG-1_2",0.0744833619786563,-0.188477477918202
"CCGATGGGTCGTCATA-1_2",-0.0270497573394317,-0.148419632608872
"CCGATGGTCGATTGAC-1_2",-0.0608426658325357,-0.121560103729021
"CCGCAAGTCACCTGTC-1_2",-0.0369814996318203,-0.140956704723434
"CCGGACAAGCGCTGCT-1_2",-0.0378818788584544,-0.146565187852443
"CCGGGTAGTTTGTTGG-1_2",-0.304188454623047,0.0497438367556396
"CCGGGTATCGAACACT-1_2",0.0871024736117177,-0.212708174257618
"CCGTAGGAGGTGCCAA-1_2",-0.029522880449198,-0.164865009017566
"CCGTTCACAGCTCATA-1_2",0.10744612648181,-0.048659304286882
"CCGTTCATCCCACAGG-1_2",-0.0416328532643548,-0.147843571663526
"CCTAACCCACGCGGTT-1_2",-0.240840854340261,0.0292733968917882
"CCTAAGAGTACATTGC-1_2",-0.0152915411260796,-0.173646728312661
"CCTCAACTCCGCTAGG-1_2",-0.094822893696349,-0.0923456510570003
"CCTCACAAGACCTCAT-1_2",-0.0291016176237745,-0.143416656799714
"CCTCCAACAGCATGCC-1_2",-0.0164388678194305,-0.160699262186742
"CCTCCTCAGTGCAACG-1_2",-0.0312672337542511,-0.163753170009116
"CCTCTAGAGAACGCGT-1_2",-0.0383597375422858,-0.142417474803822
"CCTCTCCCAATGGCAG-1_2",-0.250558444530848,0.0298594318038602
"CCTGCATGTTAGGACG-1_2",0.0208540935999282,-0.191649703138305
"CGAAGGAGTTTACGAC-1_2",0.109139194602174,-0.184730588061017
"CGAAGTTCATAACCCA-1_2",0.208330381577031,0.287414197737739
"CGAGAAGTCAGAGCAG-1_2",-0.0575718419939356,-0.0741302503533219
"CGAGGAATCACCCTGT-1_2",0.131769493899024,0.018953807356072
"CGAGGCTAGCAACAGC-1_2",-0.0204669661664753,-0.160225038152319
"CGAGGCTAGCATCAGG-1_2",0.0152307269144481,-0.171099738747031
"CGAGTGCGTACGTGAG-1_2",0.134233344296244,-0.205024714974361
"CGAGTGCGTGGGTATG-1_2",0.0865577380687941,-0.213088393587362
"CGAGTTATCGTTCTCG-1_2",-0.0330745534180669,-0.126880637518003
"CGATCGGTCAGTGCGC-1_2",0.200719269145817,0.236564255943733
"CGCAGGTAGAATAGTC-1_2",-0.109992927985911,-0.0108044424365002
"CGCCAGAAGTCGGGAT-1_2",-0.119219992320617,-0.0432194070840223
"CGCCATTTCAAACCTG-1_2",0.0425793045903454,-0.176986260894071
"CGCCATTTCGCAATGT-1_2",0.0388435636554584,-0.170429813872721
"CGCGTGACAGAGTGAC-1_2",-0.00967042949010081,-0.193984494791991
"CGCGTGATCGTTAGAC-1_2",0.0109625439196592,-0.18189706801296
"CGGAACCGTGAGTAAT-1_2",9.5614885696236e-05,-0.19485220262986
"CGGAGAAGTGTCATGT-1_2",-0.0194914552338959,-0.147814551616984
"CGGCAGTCATTCGATG-1_2",-0.203161702458127,0.00630264887470632
"CGGCAGTGTGACAGGT-1_2",0.138435471465043,0.0948273168181637
"CGGGACTAGCGGTAGT-1_2",0.0718082692656063,-0.224685277183104
"CGGGCATTCACGGACC-1_2",0.0169266962331237,-0.201745438486139
"CGGGTGTCACAGAGAC-1_2",0.0403976567035788,-0.17087647546436
"CGTAAGTCAAATGGAT-1_2",0.106377965202389,-0.126359492946334
"CGTAAGTCACATGACT-1_2",0.052658633936641,-0.170045672129994
"CGTAGTAGTCCACGCA-1_2",-0.1009978388418,-0.0484641340646794
"CGTCAAACAAGGACAC-1_2",0.0529241269853479,-0.178888750024947
"CGTGAATAGAGGCCAT-1_2",0.0554825421319228,-0.216036644391859
"CGTGATAAGCCTTTCC-1_2",0.096792488925282,0.106768834006579
"CGTTCTGAGCGTTCAT-1_2",0.115075459904526,0.0106851832852388
"CGTTCTGTCATTCTTG-1_2",-0.0050697055188827,-0.188198117622192
"CGTTCTGTCGCGTGAC-1_2",-0.397655486836986,0.037277747758712
"CGTTGGGGTAGGGAGG-1_2",0.0465121109054883,-0.171476820927092
"CGTTGGGGTCGTTTCC-1_2",-0.0410514675786729,-0.128101979662096
"CTAAGTGCAGATTCGT-1_2",0.073572362498866,-0.197867362511189
"CTAAGTGGTCTTGAAC-1_2",-0.0303954922852197,-0.161961135225418
"CTACAGACAATAGTGA-1_2",-0.0204411249030887,-0.177528314182345
"CTACCCAAGCTGCCAC-1_2",0.0582154000328541,-0.220676322492585
"CTACCTGAGCAGGCAT-1_2",0.0900516390700204,-0.215908663948858
"CTACGGGAGGCCTAAG-1_2",0.114988049462776,-0.182638040478149
"CTACGGGGTATTGAGA-1_2",0.0792955258526084,-0.215406384677416
"CTACGGGTCTTTGCAT-1_2",0.139770637208131,0.104034300452887
"CTACTATCAAATCGGG-1_2",0.0284073959375807,-0.205418890210446
"CTACTATTCCTGGTCT-1_2",-0.114228852957545,-0.00169830678814525
"CTAGACACATCCGGTG-1_2",0.128879487664878,-0.165917553971152
"CTATAGGAGGATGAGA-1_2",0.00643118268066094,-0.171388324127109
"CTATAGGGTCACAATC-1_2",0.0490599291217408,-0.171682660320432
"CTATCTAAGGAAAGGT-1_2",0.0349951367487097,-0.166111399162311
"CTATCTAGTATCAGCT-1_2",-0.25192881558482,0.0265376691517813
"CTCAAGAAGATGCTAA-1_2",0.0752315790081762,-0.182922008644125
"CTCAAGAAGGAACGTC-1_2",-0.0506653483289908,-0.136899513873117
"CTCAATTCAGTCGGAA-1_2",0.10455663567005,-0.205146615766861
"CTCAATTTCGAGCCAC-1_2",0.0420390943513587,-0.183363036540485
"CTCAATTTCGTGAGAG-1_2",0.0905028252633153,-0.210868730897084
"CTCATGCAGGTTCACT-1_2",-0.02856727265368,-0.167570123445782
"CTCATTACAGGTCAGA-1_2",-0.396068428862713,0.0738304497620062
"CTCCACATCGGTATGT-1_2",0.133327249956948,0.112148716813005
"CTCCATGCACTCGATA-1_2",-0.0216726333404116,-0.118181033953147
"CTCGAGGGTCTCCTGT-1_2",0.0349772559585219,-0.15885643397839
"CTCTCAGGTATGGTTC-1_2",0.132181665114787,-0.222851491893644
"CTCTCAGGTTCTCCCA-1_2",0.0332150428900595,-0.172132280323904
"CTCTCAGTCAACGAGG-1_2",0.0965108515180381,-0.191691783897647
"CTCTGGTCAAGCTGCC-1_2",0.13404990693774,-0.205735547428135
"CTGAGGCGTCACGACC-1_2",0.0357557089378044,-0.201999704328096
"CTGAGGCTCACTGGTA-1_2",-0.224699155856349,0.0131380992689175
"CTGCATCTCAGACATC-1_2",0.0637446095627909,-0.188685761590259
"CTGCCATGTCTGATAC-1_2",-0.246137834142139,0.028489897343178
"CTGCGAGGTAGCCCTG-1_2",-0.0127441113247315,-0.194966519547081
"CTGCTCACAAGTCGTT-1_2",0.0651262369379089,-0.000567283505508549
"CTGGCAGCAAACTGCT-1_2",-0.214507420506039,0.0102782169565246
"CTGGCAGGTAGGTAGC-1_2",0.198229581120085,0.279361586861413
"CTGGTCTCAAATGAAC-1_2",0.0621019902563077,-0.186695519805733
"CTGGTCTTCATGCCAA-1_2",0.0613083458313827,-0.192731026325025
"CTGTATTGTGACTGAG-1_2",0.115066898931237,-0.190844022603809
"CTGTGAATCCCTATTA-1_2",0.0685308208597068,-0.199446714033653
"CTGTGAATCTGAGTCA-1_2",0.0104507514784137,-0.18441581617283
"CTTAGGAGTGAATATG-1_2",0.113802555696461,-0.189498240063427
"CTTCAATTCCAGCAAT-1_2",0.102601843672202,-0.227479641857195
"CTTCCGAAGGTTTGAA-1_2",0.0671806724484876,-0.19154231768555
"CTTCCGATCGAAGTGG-1_2",-0.00711688907828305,-0.183657854499995
"CTTCGGTCACCACATA-1_2",-0.0726499793102644,-0.0477781834121678
"CTTCTAACAATCACGT-1_2",-0.058333145449599,-0.107213518604675
"CTTCTAATCGACACTA-1_2",0.144901211860726,0.115934580368069
"CTTCTAATCTGCTGAA-1_2",0.0573745669105974,-0.190987744327458
"CTTCTCTCAAATCGTC-1_2",0.0690419471720301,-0.210107500631061
"CTTGAGATCGTTAGAC-1_2",-0.00718450896730484,-0.186868678685616
"CTTGATTAGTCCTGCG-1_2",0.0294805403419849,-0.150938619813021
"CTTGATTAGTGAGCCA-1_2",0.190362662018648,0.249420706648581
"CTTGATTGTATGGGAC-1_2",-0.0106614838400248,-0.181533937260907
"CTTGATTTCAATCGGT-1_2",0.0322867109957923,-0.167284918132531
"GAAACCTAGTCAGCGA-1_2",0.074541521371297,-0.225654319754865
"GAAACCTCATGAGTAA-1_2",0.0710747876568572,-0.215782152880351
"GAAACCTTCCGTGGCA-1_2",0.00193991082510716,-0.187589308497151
"GAAATGACAATGCAGG-1_2",-0.0649696987781778,-0.0851609266510673
"GAACTGTCATATCTCT-1_2",-0.00588457172687741,-0.170081831249153
"GAACTGTTCTCAACCC-1_2",0.207775255241739,0.263123446963382
"GAAGCCCAGCATTGTC-1_2",-0.0356365553133023,-0.12325195385036
"GAAGCCCGTAGCTTAC-1_2",0.0698869379588694,-0.177564480506889
"GAAGGACAGAAGCTCG-1_2",0.0344545333410132,-0.149043844723355
"GAAGGGTAGAACCCGA-1_2",-0.205661952357037,0.0087364568197746
"GAAGGGTGTCGCTTGG-1_2",0.0813244764165604,-0.227511935791098
"GAAGTAACAGTCTGGC-1_2",-0.0404227393234847,-0.142894100191546
"GAATAGACACTCAAGT-1_2",-0.0622422523009437,-0.122990308258022
"GAATAGATCAGGCGAA-1_2",-0.0146281620751878,-0.178411592441532
"GAATCACGTGCGACAA-1_2",-0.0223335701415761,-0.155492327939683
"GACATCACACACCGAC-1_2",0.118620504237729,-0.173541277990971
"GACGCTGAGACCCTTA-1_2",0.108798105630508,-0.219359153433857
"GACGTTACACCCTATC-1_2",-0.0279600666521516,-0.116356777477592
"GACTGATTCCTTTAGT-1_2",0.0362556854939871,0.094580508522108
"GAGACCCCATCGGTTA-1_2",-0.0483250636276767,-0.108666715958525
"GAGACTTAGGTTCATC-1_2",0.127434306132749,-0.186267376564601
"GAGACTTGTAGTGGCA-1_2",0.062227337129456,-0.198818732222519
"GAGATGGCAGATTCGT-1_2",0.114461422474607,-0.20393145767819
"GAGCCTGGTGACTGTT-1_2",0.087216160671553,-0.225488957224464
"GAGGCAAAGGAATCGC-1_2",0.123403175643509,0.105043230103056
"GAGGGTACAGCTGAAG-1_2",0.0573103065849191,-0.186699103191563
"GAGGGTATCGGATAAA-1_2",0.038641855441696,-0.175733639590218
"GAGTCATTCAGTGTTG-1_2",-0.014749527976713,-0.191585499443463
"GAGTGAGCACTAGTAC-1_2",-0.240457493446291,0.0316584974569919
"GAGTGTTGTCGTGTTA-1_2",0.0318014088029163,-0.12970503397747
"GATAGCTAGCTCCGAC-1_2",0.0663581737257802,-0.22369832840167
"GATCACACATATTCGG-1_2",0.0417467738714431,-0.196960587343264
"GATCCCTTCATCTACT-1_2",0.102440984537851,-0.186694632846229
"GATGACTAGGCCTTCG-1_2",0.114771123980251,-0.22830561699776
"GATGATCTCATCCTGC-1_2",0.202656525207454,0.261921377368189
"GATGGAGGTGGGTCAA-1_2",0.0420979157982985,-0.219576932388661
"GATGTTGGTGTTCCAA-1_2",-0.0258508437502328,-0.172953691598555
"GATTCGATCTGCGAGC-1_2",0.205724985214793,0.273822892861572
"GATTCTTGTTTGAACC-1_2",0.0353662370198416,-0.191453113475311
"GATTGGTTCCTAGCGG-1_2",-0.138395392615483,0.0273932081670107
"GCAACATCATGCCGCA-1_2",-0.0207892148965831,-0.155342134310518
"GCAACCGAGGACAGCT-1_2",0.187323726449178,0.208962983537186
"GCACATAAGCGCTGCT-1_2",-0.0145509008566058,-0.179093609500433
"GCACGGTGTGTTGACT-1_2",0.0602199961609534,-0.190092984037551
"GCACTAAGTCCAAAGG-1_2",0.204686442599296,0.259406314120651
"GCAGCCATCAAGCCCG-1_2",-0.0551756182769411,-0.120130306878806
"GCAGGCTAGGATTCCT-1_2",-0.0301037380869234,-0.140006890441372
"GCAGTTAAGGGACACT-1_2",0.163986738895314,0.208045639594398
"GCAGTTACACTACAGT-1_2",0.20504389318301,0.27985263373678
"GCAGTTATCAACTGGT-1_2",0.0731416252967849,-0.220008243255887
"GCATGATCAGGTCCGT-1_2",0.018778261297685,-0.203133721789186
"GCATTAGAGTGCCCGT-1_2",0.0693047298369551,-0.161342738776089
"GCATTAGCAACACGTT-1_2",0.0698549078464759,-0.223761087881041
"GCATTAGGTGAGGCAT-1_2",-0.0367391303700092,-0.124993926617421
"GCCAACGAGGCTGAAC-1_2",-0.193338795838781,-0.000385610370311464
"GCCAACGAGGTAGACC-1_2",-0.161792766206946,-0.00799391557960324
"GCCAGGTGTGCATTAC-1_2",0.0587781709070944,-0.207509031487188
"GCCAGTGGTACCGCGT-1_2",-0.0819823691996303,-0.028244357161877
"GCCAGTGTCCTGTTGC-1_2",0.0527179515089684,-0.187200589321696
"GCCATTCGTGACAGGT-1_2",-0.062695537652516,-0.10388980087952
"GCCCAGATCATTCATC-1_2",0.0768406097838136,-0.199639945365556
"GCCGATGTCCCATTCG-1_2",-0.0066243218956936,-0.188695334059679
"GCCGTGATCCAGCAAT-1_2",0.0391809914263921,-0.17121461810989
"GCGGAAAAGGCTCAAG-1_2",-0.117521910407615,-0.0477680236630702
"GCGGATCGTTCCTACC-1_2",0.135654025619894,0.0226152657088445
"GCGTTTCAGTTTGCTG-1_2",0.137190105072511,0.140336958676953
"GCTACCTTCAAACCCA-1_2",0.0652451499457945,-0.215219226929112
"GCTGAATGTCTCGGGT-1_2",-0.34577113966708,0.0684886244626501
"GCTGCAGAGCAAGTGC-1_2",0.0395379199951674,-0.168323217472247
"GCTGCAGCACTCCACT-1_2",-0.0381890611374246,-0.16210078456206
"GCTGCAGGTCGATTTG-1_2",0.0575607288390243,-0.20912052809606
"GCTTCACAGCCTGAAG-1_2",0.134112246728855,0.121553914503895
"GCTTCACAGTTGCCCG-1_2",0.0896951871014073,-0.217408284468509
"GCTTCACCAAGAAATC-1_2",0.0352503595465501,-0.171172838260964
"GCTTGGGAGTCTGTAC-1_2",0.0903573705928577,-0.204780345062827
"GCTTTCGAGTCGGCAA-1_2",-0.0289144448420559,-0.163237608968469
"GGAATCTCACGAGGTA-1_2",-0.0148373610336134,-0.187371864378126
"GGAATGGAGTCATACC-1_2",0.078336952146709,-0.224239656137683
"GGAATGGCACAAAGTA-1_2",0.0328939479535617,-0.15115655929774
"GGAGAACAGGTTCTAC-1_2",0.0269016070589557,-0.179073968513551
"GGAGATGAGTCTCGTA-1_2",-0.212511017154572,0.0198391566407557
"GGAGCAACAAACTAGA-1_2",0.0535417830832856,-0.173631652057247
"GGAGCAACAGACCGCT-1_2",0.0276783864789626,-0.17495802241381
"GGAGGTAAGGAGACCT-1_2",0.0546264683522688,-0.185401637715841
"GGATGTTTCCTTCTAA-1_2",-0.00501602326217486,-0.192063013951809
"GGCAGTCAGGCGCTTC-1_2",0.0582470109514819,-0.18961316258331
"GGCTTTCAGGACGGAG-1_2",0.0314229378831493,-0.162240938033114
"GGCTTTCTCGATTGAC-1_2",-0.0307736281533171,-0.155399248489236
"GGGACCTTCGCGTGAC-1_2",0.0921914607210284,-0.219939852221125
"GGGACTCAGGCCGCTT-1_2",-0.0230483659827631,-0.167285310143797
"GGGAGATGTCTTGTCC-1_2",0.0152980311738301,-0.193108171209092
"GGGCGTTAGTGCGTCC-1_2",-0.212590813507094,0.0110436036104902
"GGGCTACAGCGGATCA-1_2",0.0723973280455554,-0.193566073795008
"GGGCTACAGTGGAATT-1_2",0.00749291570205957,-0.179778464281988
"GGGCTCACACGCGCTA-1_2",0.0529780311809191,-0.186044957594163
"GGGTCTGAGTTGCCCG-1_2",0.0903608296047952,-0.208149575091968
"GGGTGAAAGCGAGTCA-1_2",-0.0206942810583889,-0.156036214161926
"GGGTGTCCAGAACTCT-1_2",0.0429194624290588,-0.184000505407876
"GGGTTATCATCGCTGG-1_2",-0.0152997565700182,-0.190442255952328
"GGTAATCGTGGTCTTA-1_2",-0.0164797342390966,-0.181088906958078
"GGTAGAGCAGCAGTCC-1_2",0.109261151377243,-0.222098918282803
"GGTAGAGTCGCACGAC-1_2",-0.0553952017335154,-0.103210768246731
"GGTCACGCATCACAGT-1_2",-0.0391051189299429,-0.143641810365333
"GGTCTGGGTCCGACGT-1_2",-0.026263815709608,-0.134905891041705
"GGTGATTTCAATGTCG-1_2",0.0812984855717613,-0.201957450970221
"GGTGATTTCATAGCAC-1_2",-0.0152508432161171,-0.148047060114887
"GGTGGCTCACCGCTGA-1_2",0.0177280582723674,-0.200375288131113
"GGTTAACGTGAGACCA-1_2",-0.0138264130494785,-0.120165136353954
"GGTTCTCTCTGTCTCG-1_2",0.0243710509065233,-0.162116249966973
"GGTTGTAAGGCCTTCG-1_2",-0.02315725980879,-0.162963599593558
"GGTTGTAGTCCTATAG-1_2",-0.0951586167620729,-0.057933082154321
"GTAATCGGTCCCACGA-1_2",-0.0495269345943446,-0.114391787710459
"GTAATGCCAGCTATTG-1_2",0.054139713873981,-0.186328385991185
"GTAATGCGTAGGTACG-1_2",0.104539332913266,-0.195373515136866
"GTACAACCAACAGCCC-1_2",0.0401121269158395,-0.170312940249455
"GTACAACCACATACGT-1_2",0.0524029639495932,-0.189306647564974
"GTAGAAATCGCATGAT-1_2",-0.0054116168876366,-0.15577006614416
"GTAGAAATCTACTTCA-1_2",0.0522618207165392,-0.177936210075355
"GTAGATCGTGTTACTG-1_2",0.0444518481808595,-0.165408383614062
"GTAGGTTCAGTGCCTG-1_2",0.0876958313548754,-0.224167039049947
"GTAGGTTTCCCGTGAG-1_2",-0.209660005285277,0.00933335005099021
"GTAGTACCAAAGCTCT-1_2",-0.0363969030973326,-0.133363873653055
"GTATTGGTCAGGAAAT-1_2",-0.0368425208208119,-0.131088122139448
"GTATTGGTCTTGTGCC-1_2",0.0502264242975655,-0.195226241656188
"GTATTTCAGTTCTACG-1_2",-0.00900920509435311,-0.151616916698101
"GTCAAGTTCTGAGTCA-1_2",0.0473995315358042,-0.186130350077389
"GTCACGGCACAAGTTC-1_2",0.0476488072986262,-0.212758048240418
"GTCATCCAGGTAACTA-1_2",0.0521525837050798,-0.219027720992925
"GTCATTTTCACTGCTC-1_2",0.00506108306482021,-0.186620656360245
"GTCCACTCAGGAGGTT-1_2",0.105147662535921,0.0754579943506044
"GTCCACTTCGTCACCT-1_2",0.111770949935358,0.118564379267295
"GTCCTCATCCTCTGCA-1_2",0.0824130838563155,-0.213378114490996
"GTCGAATAGAGTGACC-1_2",0.119114810078931,-0.190925317769978
"GTCGCGAGTCGTACTA-1_2",0.13015181668467,-0.169987753438861
"GTCGTTCCACCCTAGG-1_2",0.0439131908080896,-0.183152873345722
"GTCTTTAAGGCTTAAA-1_2",0.201598653073425,0.275218555167474
"GTCTTTATCCACTTCG-1_2",0.100818509891089,-0.18205035686299
"GTGACGCTCTCAACGA-1_2",0.0646878274994412,-0.19007318691872
"GTGAGCCCAGCGGTTC-1_2",0.0875097146655431,-0.231392019808086
"GTGAGCCTCCGACAGC-1_2",0.102506241910931,-0.22591202796772
"GTGAGGAGTTCCAAAC-1_2",-0.0118683304646019,-0.178980232013149
"GTGAGTTAGTCCCGGT-1_2",-0.0192785716356753,-0.0513443967144372
"GTGCACGAGAAGCGCT-1_2",0.0384795497182216,0.104251469592792
"GTGCACGGTTTGGGAG-1_2",-0.0567013150945261,-0.119464567058728
"GTGCAGCCACGCTGTG-1_2",-0.0361561443609508,-0.136631216886884
"GTGCTGGGTTCGGCCA-1_2",0.115341724280449,-0.193207166618774
"GTGCTGGTCGGTGTTA-1_2",0.20163455113082,0.273464986216069
"GTGCTTCAGTCCGCCA-1_2",0.052618758041072,-0.219882887024049
"GTGCTTCCAATAGGAT-1_2",0.188514539177197,0.229994091587065
"GTGGAAGTCATCACCC-1_2",0.20255456847345,0.293643865249206
"GTGGCGTTCTTAGTTC-1_2",0.0377571455064098,-0.0990522750943306
"GTGTTCCTCCGGCAAC-1_2",-0.12815310495207,-0.00103780949926979
"GTTACAGGTAGAGACC-1_2",-0.100935835936885,-0.00539894248774075
"GTTACAGTCGGACTGC-1_2",-0.0159954312728704,-0.183077568528742
"GTTACGATCCCTTTGG-1_2",-0.00946180978231251,-0.184005279473119
"GTTAGTGTCTGTCGTC-1_2",-0.0344291762592156,-0.158998818186376
"GTTCATTGTACCGCGT-1_2",0.0644355721221586,-0.176687244755361
"GTTCATTTCCGAGAAG-1_2",-0.0227324613861706,-0.169120639033004
"GTTCATTTCCGCTGTT-1_2",-0.120975417317454,-0.0183490736032651
"GTTCCGTAGCACCGTC-1_2",0.110204576076309,-0.189899481338345
"GTTCCGTAGTTGGGAC-1_2",-0.179225846972749,-0.00396275878149221
"GTTCTATAGTGCTACT-1_2",0.0185953920765524,-0.202101880366474
"GTTCTATGTTCTCGCT-1_2",0.00156891357447266,-0.196782326924275
"GTTCTATTCGTTCCCA-1_2",-0.136156162759791,-0.0168249885215882
"GTTGAACTCAGGAGAC-1_2",0.0706365342250788,-0.197637206645224
"GTTGAACTCGGTCATA-1_2",-0.200574652394984,0.010476567171977
"GTTGCGGAGAGAGGTA-1_2",0.00703738490868302,-0.193811565241637
"GTTGTAGGTGGCTTAT-1_2",0.197446898353683,0.267776734763948
"GTTGTCCGTTGAATCC-1_2",0.0499290916889154,-0.180751193380047
"GTTGTCCTCTAGGCAT-1_2",-0.0989878089692593,-0.0467290893074964
"TAACACGAGTTGAAAC-1_2",0.00162049683411169,-0.182692891405027
"TAACCAGTCAGTCCGG-1_2",0.167682439555487,0.18927798628731
"TAACTTCCACTCCCTA-1_2",0.198563574995815,0.261464268219731
"TAAGCACCATCCTGTC-1_2",-0.0931959314214478,-0.0406465461021995
"TAAGCCACAGACCAGA-1_2",0.0259330844705221,-0.212580852185654
"TAAGCGTAGCACAAAT-1_2",-0.350861022972913,0.0359034479469052
"TAAGCGTGTATACGGG-1_2",0.0748492755255813,-0.223407783978573
"TAATCTCAGGAAACGA-1_2",-0.0438279452692958,-0.149699177596909
"TAATCTCCACCTGCAG-1_2",-0.0150882967231426,-0.154313259629718
"TAATCTCGTAATACCC-1_2",0.20352851446934,0.259418185207543
"TAATCTCGTCACTACA-1_2",0.0965558623403333,-0.222811372776436
"TACACCCTCAACTTTC-1_2",0.0953942018992382,-0.223149463827443
"TACAGGTCACGACAAG-1_2",0.0774955824819191,-0.18775481157641
"TACAGGTCATTAAAGG-1_2",-0.0290673592014125,-0.169509773659225
"TACCGAAGTGAGAGGG-1_2",-0.00303023358399824,-0.184962309709852
"TACCGAATCAAGCTGT-1_2",0.0613967838274911,-0.201080678761953
"TACCGGGCAAGCACAG-1_2",-0.216551628336498,0.0122336733805066
"TACCGGGCAGGACTAG-1_2",0.105403779836175,-0.23313854423456
"TACCGGGCATGTGCCG-1_2",-0.00487270568679376,-0.189445535380914
"TACGCTCGTGCATTAC-1_2",-0.358884752496185,0.0411748673634969
"TACGGTACATATCGGT-1_2",0.0590274747766372,-0.191210369668846
"TACTTACGTCTTCGAA-1_2",0.0447590845666877,-0.178471883315897
"TACTTGTAGCCAACCC-1_2",0.112521309296608,-0.178852898903506
"TAGACCAAGCATCAAA-1_2",-0.0336763347025879,-0.162100023405344
"TAGGAGGGTCTGCGCA-1_2",0.108003682028441,-0.204765118593885
"TAGGGTTTCGGAATGG-1_2",-0.0162638569046484,-0.121433248641987
"TAGGGTTTCTTGCAGA-1_2",-0.00565617509677728,-0.171399807625142
"TAGGTACAGATTTGCC-1_2",0.0506522314890043,-0.214757666094844
"TAGTGCAAGGGCCAAT-1_2",-0.192433096533586,0.00489891297711129
"TAGTGCAGTTTCACTT-1_2",-0.0118656515008008,-0.159665915619446
"TATCCTAAGGGCAGAG-1_2",-0.0256661262564176,-0.165918016448283
"TATCTTGTCACTGTCC-1_2",0.00256200500391018,-0.194159249835168
"TATGTTCCATCATCTT-1_2",-0.0254779843875189,-0.149513847076272
"TATTGCTTCAAAGGAT-1_2",0.0441235829890834,-0.179414468882111
"TATTTCGAGTACCCTA-1_2",0.00401121801511167,-0.203547003283482
"TCAAGACTCCCAGGAC-1_2",-0.142766091410934,0.0255273837295821
"TCAAGTGAGTTTGAGA-1_2",-0.0310639465866981,-0.166418841150434
"TCAAGTGGTGAGTTTC-1_2",-0.0404182226777318,-0.132767944473199
"TCAATCTAGTTGCTCA-1_2",0.145979045221357,0.174442182028786
"TCAATCTCAGTCGGAA-1_2",0.0686604562814251,-0.196494338371915
"TCACGCTAGGTAGGCT-1_2",0.042228737837175,-0.181430252509679
"TCACGCTGTGGTTCTA-1_2",0.0490342071086476,-0.187046936333063
"TCAGGGCGTTCGGCTG-1_2",-0.0648587643454269,-0.0367374089411521
"TCAGGTAAGTCCTGCG-1_2",0.080147466667908,-0.209636808385476
"TCATACTAGGATGAGA-1_2",-0.0464319794514449,-0.137165617568448
"TCATCATGTTGGTAGG-1_2",0.0576395030321122,-0.21794748851778
"TCATCCGGTCGTAATC-1_2",0.194069440446181,0.270085917927746
"TCATGCCTCTTTCAGT-1_2",0.0550717543336261,-0.194121354499746
"TCATGTTTCCTTCTAA-1_2",-0.0608769852928581,-0.0920887509568909
"TCATTACAGGTCATAA-1_2",0.0793586275182584,-0.226195695823167
"TCATTCAGTTGCCGAC-1_2",-0.0322629182711288,-0.15767348402234
"TCATTGTCAATGACCT-1_2",0.173424752173995,0.21237869505071
"TCCACCAAGCCTCTTC-1_2",-0.0444697835361914,-0.143533563779256
"TCCAGAAAGACGCTCC-1_2",0.0751207988262722,-0.166643315727699
"TCCATCGGTGGGAGAG-1_2",0.0438372506651579,0.179000365540293
"TCCATGCTCCGCAAAT-1_2",0.206836971881827,0.258883337088665
"TCCCACATCTAGCAAC-1_2",0.0586933676835319,-0.182869922057197
"TCCCAGTCATCATCTT-1_2",0.0683941739419374,-0.212086839731295
"TCCCATGTCTACCAGA-1_2",-0.249316764754107,0.0235487578765115
"TCCGGGACATCGTTCC-1_2",-0.216908347871976,0.0137923455148851
"TCCGTGTTCATCGCTC-1_2",0.0395458599251583,-0.202962838667055
"TCCTCCCTCGCATAGT-1_2",-0.259918136408002,0.029640283160782
"TCCTCCCTCGGCAGTC-1_2",0.00161736720128364,-0.190665492263754
"TCCTGCATCCATCGTC-1_2",-0.0521695325413789,-0.135385325458521
"TCCTTTCAGCTCGAAG-1_2",0.063010641561875,-0.179590765863996
"TCCTTTCGTAACTGCT-1_2",-0.0621678600607909,-0.11807370836662
"TCGAACACAAGGTCTT-1_2",0.0408261410623391,-0.170660454750994
"TCGAACAGTCGCGTCA-1_2",-0.0150585918457563,-0.14965913418518
"TCGAAGTAGATGGCAC-1_2",-0.0188811439473996,-0.120654320950872
"TCGAAGTCATGTGGTT-1_2",0.111646422652296,-0.194309008434638
"TCGAAGTTCCCAAGTA-1_2",-0.0187477480890684,-0.177334944587583
"TCGATTTTCCGCATAA-1_2",0.200919748153842,0.271299831575275
"TCGCACTTCCACTTCG-1_2",-0.214426130727223,0.0139941903442905
"TCGCAGGGTAGACAAT-1_2",0.0717229739089813,-0.217908030708173
"TCGCTTGGTGTACAGG-1_2",0.0614210498320087,-0.193285994016988
"TCGGGACGTCGTACTA-1_2",0.0117399651259303,-0.173341089548669
"TCGGGTGGTTATGTGC-1_2",-0.24926092977495,0.0214027346506071
"TCGGTCTCACGTACTA-1_2",0.100952191649415,-0.196910221269403
"TCGGTCTTCGAACTCA-1_2",-0.112055524023713,-0.038012715200303
"TCGTGCTAGAACCGCA-1_2",-0.230594105056802,0.0179957271039534
"TCTAACTGTAGGACCA-1_2",0.0103759426022857,-0.118698164096346
"TCTACATTCGTACCTC-1_2",0.0732258244811698,-0.215937594184722
"TCTATACGTATCGCGC-1_2",0.20239271122502,0.274703365000889
"TCTCACGAGTGCCAGA-1_2",0.0426468845312747,-0.181121682702329
"TCTCACGAGTTAGTGA-1_2",0.061642882645702,-0.191030877121554
"TCTCAGCCACTTGTCC-1_2",-0.00315823074014314,-0.19330204048694
"TCTCTGGAGAGCTGAC-1_2",-0.0169957864368227,-0.175683428881491
"TCTCTGGGTTCTCGCT-1_2",-0.00778842849318047,-0.190473455847644
"TCTGCCATCGCAAGAG-1_2",0.0913248933686482,-0.206661160777436
"TCTGCCATCGCTGCGA-1_2",-0.0642717134782594,-0.0753111326854135
"TCTGGCTAGCAAGGAA-1_2",0.149224511165665,0.120646748008998
"TCTGGCTAGCGAGAAA-1_2",-0.0396647737581601,-0.149009102231244
"TGAACGTAGAAGGTAG-1_2",0.0931840337288375,-0.192484409836488
"TGAATCGCACATGGTT-1_2",-0.0190597906772729,-0.180874762239512
"TGAATGCGTAAGTTAG-1_2",-0.0170544265338116,-0.182517074387019
"TGACAGTGTCTTTATC-1_2",-0.015409365452375,-0.168877288053035
"TGACAGTGTGTCTCCT-1_2",-0.0237214063278746,-0.174055541124911
"TGACCCTCAACCGCCA-1_2",0.0967811611012163,-0.10543821505276
"TGACGCGGTTCGTGCG-1_2",0.0616099945606824,-0.19250653076698
"TGAGCATAGTGACCTT-1_2",-0.0594325056015966,-0.103153118497938
"TGAGGGATCCGTATGA-1_2",-0.0138949893515227,-0.16972698796292
"TGAGGTTCAAGACGAC-1_2",0.0659103378875875,-0.215282937885906
"TGAGTCAAGATAACAC-1_2",-0.07184909686958,0.00280769795326093
"TGATTCTAGAGATCGC-1_2",0.115589321778187,-0.169163637863981
"TGCACGGAGCTTCATG-1_2",-0.100789868219302,-0.0346541220235637
"TGCACGGCAGGCATTT-1_2",0.0470486386390639,-0.187146690529497
"TGCAGATGTGCATCTA-1_2",0.123344636454748,-0.17337287371636
"TGCAGATGTTGTGTAC-1_2",-0.0755617171314207,-0.0811602842113599
"TGCAGTACATACTTTC-1_2",0.0506029093410944,-0.200046123195856
"TGCATCCAGAAGGTAG-1_2",0.0521335320747139,-0.203335052478598
"TGCCGAGAGGTCGTAG-1_2",-0.143722499602618,0.0017557653293336
"TGCGACGCACAAAGTA-1_2",0.00885599979971375,-0.144233494553144
"TGCGGGTTCGTGTGAT-1_2",-0.0863929633111595,5.67573555126856e-05
"TGCTCCACATCCTATT-1_2",-0.134730278504555,0.0235605515683882
"TGCTCGTCAAGACTGG-1_2",-0.0199048377469285,-0.162310934222841
"TGCTGAAGTCGCTTGG-1_2",-0.0534979556605451,-0.0984319169572927
"TGGAGGATCATCGCTC-1_2",-0.0261525540679431,-0.14098067568192
"TGGGATTCAACAGAGC-1_2",-0.045813506262978,-0.0727974194251135
"TGGGATTTCATGAGGG-1_2",-0.0482013407027681,-0.0923759576472979
"TGGGCGTAGGAGATAG-1_2",-0.113262627837089,-0.0390621663925689
"TGGGTTACATGGAGAC-1_2",0.147930899550396,0.185002662366243
"TGGGTTAGTTTAGTCG-1_2",0.00295663579345365,-0.197184377762818
"TGGTACAAGATGTTAG-1_2",0.101442602107003,-0.226489723236486
"TGGTACATCGGCTGAC-1_2",0.203216355135512,0.285120543913086
"TGGTGATCAGTTCACA-1_2",-0.0608666135712007,0.0761793680761161
"TGGTGATCATACTGTG-1_2",0.0536352774895723,-0.172538056165818
"TGTAACGTCCTTCTGG-1_2",0.085407112960392,-0.228148089579591
"TGTAACGTCGCAGTTA-1_2",-0.0435547027133247,-0.136404332871879
"TGTACAGAGGGCAAGG-1_2",-0.0536910131226228,-0.101674623428294
"TGTACAGAGGTCATTC-1_2",0.0458658704876979,-0.214179228311911
"TGTACAGGTGCCGTAC-1_2",-0.136833030923661,0.0257311749818687
"TGTCAGAAGCGTGTCC-1_2",-0.0718096974365355,-0.0353796638505082
"TGTCCACCAAATCAGA-1_2",0.0897831320857675,-0.225388580985645
"TGTCCACTCACACGAT-1_2",0.115436879122033,-0.171152650870345
"TGTCCCATCCTACACC-1_2",-0.0188658797308055,-0.103936827028085
"TGTGAGTCATTGCAAC-1_2",-0.241345627744786,0.0281714723410284
"TGTGATGTCTTTCGAT-1_2",-0.0535075296728073,-0.128541211431417
"TGTGGCGTCTACCAGA-1_2",0.0133342396179491,-0.196847257861388
"TGTTCCGAGGATAATC-1_2",0.0355388017094016,-0.173852216355435
"TGTTCTAAGCCTAGGA-1_2",-0.128755737700371,-0.00420498055418154
"TGTTGGAAGGATAATC-1_2",0.0448517884060311,-0.207860277690193
"TGTTGGAGTACAGCGA-1_2",-0.0434764160341644,-0.0862039311378961
"TTACCATAGACTTGTC-1_2",-0.234224609703123,0.0159367355185929
"TTACGCCGTAGATGTA-1_2",-0.0458544632201528,-0.115995049529734
"TTACGTTTCCGGCAGT-1_2",0.164404761277129,0.164730461897626
"TTAGGCATCCGCACTT-1_2",0.0380616180111877,-0.167384692936473
"TTAGGGTCAGGACGAT-1_2",-0.058836636238675,-0.119698981409405
"TTAGGGTGTGACTGTT-1_2",-0.00813947069097875,-0.169030516600262
"TTAGTCTAGAAGCGGG-1_2",0.0647184018367718,-0.19230343321439
"TTCACGCCATGTTACG-1_2",-0.112953213790134,0.0159865662490107
"TTCACGCGTCTACATG-1_2",0.0604901322078361,-0.21819800562659
"TTCATTGAGGTCTACT-1_2",0.191246250513009,0.256413884219776
"TTCCACGGTCTACGAT-1_2",-0.0187977354028404,-0.169081504036942
"TTCCGTGGTTCTCTAT-1_2",0.111393929270902,-0.192306210710867
"TTCCTAAGTAGGTCAG-1_2",-0.0286697038122344,-0.140729637700716
"TTCCTCTCATGCGGTC-1_2",0.107905180229334,-0.194775240387229
"TTCCTCTTCCAATGCA-1_2",-0.0345340071041056,-0.126763488540992
"TTCGATTAGCACTCCG-1_2",-0.232038057102669,0.0351896897402027
"TTCGATTAGTATGACA-1_2",0.203080329832871,0.277926738234305
"TTCGCTGCACGCAAAG-1_2",0.0601839408081226,-0.185001176586346
"TTCGCTGCATGTAACC-1_2",0.0551171406029917,-0.170878802395873
"TTCTCTCGTTATCCAG-1_2",-0.0410785710720509,-0.11887591127127
"TTGAACGAGATCCGAG-1_2",0.18684817556452,0.225273600299244
"TTGACCCGTGCTGCAC-1_2",0.203920588145412,0.281173782892137
"TTGAGTGTCCCGATCT-1_2",-0.0487695113815692,-0.0123360809963193
"TTGAGTGTCTAGCCTC-1_2",0.109418774805571,-0.182833539212511
"TTGATGGAGTCTGCAT-1_2",-0.023782395064679,-0.172854126440404
"TTGCATTGTCAGTCGC-1_2",0.0998725879951928,-0.178057256147194
"TTGCGTCAGACGCAGT-1_2",0.0489239865190435,-0.184523268286282
"TTGCGTCAGGCACGAT-1_2",0.0644163939280309,-0.189030505001601
"TTGCTGCCAGCACAGA-1_2",0.00043018170219561,-0.193534006083292
"TTGGGCGTCGGCGATC-1_2",-0.00338931255343344,-0.12000692431089
"TTGGGTACATACAGCT-1_2",0.124829505383105,-0.171279199313407
"TTGGGTAGTACGCTTA-1_2",0.0702069673013716,-0.218191644561316
"TTGTGGATCCTTGAAG-1_2",-0.0769594250149852,-0.0597094482591775
"TTGTTTGTCCTACTGC-1_2",0.206313425388271,0.270858597921153
"TTTACTGAGCGTTCAT-1_2",-0.0325252398877449,-0.167350861695709
"TTTACTGAGTTTGGCT-1_2",0.0916628236281783,-0.216910668201813
"TTTATGCAGTGCGCTC-1_2",0.0154520731556164,-0.193883676219231
"TTTATGCGTCTACGTA-1_2",0.0400143438224428,-0.183031159989413
"TTTGACTTCGCAAGAG-1_2",0.0879600737914427,-0.20967853692185
"TTTGATCGTCGCATTA-1_2",-0.0138032060042792,-0.182874532461024
"TTTGATCTCAAGCCCG-1_2",-0.237202328535276,0.0194426725509878
"TTTGGAGGTTATGTCG-1_2",0.11637378775625,-0.180743066482681
"TTTGTTGTCTGTCGTC-1_2",0.00479285376263135,-0.187213241614377
"AAACCCAGTTAGGAGC-1_2",-0.0880460149201571,-0.000120130502950743
"AAAGGTAGTGGCTTGC-1_2",0.210654048032646,0.252175277206612
"AAAGTGAAGACGCCCT-1_2",-0.248719255540569,0.025510873366883
"AACAAAGCAGAGGACT-1_2",-0.237774361463774,0.0267892150213522
"AACAAAGCAGTGTGCC-1_2",-0.230254367445326,0.0245739738079056
"AACAAAGGTTCTCCAC-1_2",-0.0660066469064023,0.0183859220072964
"AACAGGGAGGTCCAGA-1_2",-0.130348941926559,-0.00603468551387109
"AACCACATCCATCCGT-1_2",-0.254989979884873,0.0324317543019421
"AACCTGACAAGCGGAT-1_2",-0.216257858619765,0.0235315717555529
"AACGTCAGTCGAATGG-1_2",0.104321684387155,0.0597927101767255
"AAGATAGGTGGCAACA-1_2",-0.106015782245852,0.0158383349315725
"AAGCGTTCATCACCAA-1_2",-0.237401092914967,0.0209031594101998
"AAGTCGTAGCGATTCT-1_2",-0.235758350808588,0.0243619493370652
"AATCGTGTCACTTTGT-1_2",-0.210069246053191,0.0222956168120186
"AATGGAACATCTAACG-1_2",-0.107340542269291,0.000233705015523683
"AATTCCTGTGGCTCTG-1_2",-0.0856110405300131,0.00579192329370605
"ACACGCGCAAGCTCTA-1_2",-0.0684486454971836,0.030675012711923
"ACAGAAACAAGATTGA-1_2",-0.253494919993145,0.027273438803978
"ACAGGGAAGCCGATCC-1_2",-0.0617113157368038,0.0286467864621475
"ACCAACAAGTAACAGT-1_2",-0.233064180001807,0.0217202618167442
"ACCATTTAGTCTCTGA-1_2",-0.247924693975636,0.0363859448306112
"ACCATTTGTTTACGTG-1_2",-0.073198257284596,0.000273252008202544
"ACCGTTCCACCTCTGT-1_2",-0.243975571880755,0.0332945895214692
"ACCGTTCGTCCTCATC-1_2",-0.0486910163711673,0.0330881888878789
"ACCTACCGTCATATGC-1_2",-0.242160230001883,0.0235828467368692
"ACGATCATCTACCACC-1_2",-0.118466691695613,0.0171046213808033
"ACGGAAGTCGACACTA-1_2",-0.0864062722858515,0.0128174954541464
"ACGGTCGGTCACTCAA-1_2",-0.197929738686779,0.0136913754230417
"ACTATCTCACCCAACG-1_2",-0.0456300481263269,-0.0597121219808464
"AGAACCTGTGTGATGG-1_2",-0.0863031688292119,0.0161569351180606
"AGACAGGCAAATGAGT-1_2",-0.146968405662324,-0.0155807679454924
"AGACTCAAGATGTAGT-1_2",-0.0984234862614908,0.0155818300918993
"AGACTCAAGCTACGTT-1_2",-0.218658445065426,0.0238498153809688
"AGAGAATCAGTAGGAC-1_2",0.203190392536792,0.29116602889012
"AGAGAATGTACCCAGC-1_2",-0.245275524284698,0.0345437035082248
"AGAGAGCAGTAGCAAT-1_2",-0.0857695669092486,0.00703529353244701
"AGAGAGCGTATACCCA-1_2",-0.20821447571552,0.0172391350072579
"AGAGAGCGTTGGGATG-1_2",-0.24508107741127,0.0238861312162523
"AGCGCCAGTATCATGC-1_2",-0.19524424418446,0.00798813582865571
"AGCTCAAGTCTACATG-1_2",-0.143461438215668,0.0225160824678084
"AGCTTCCGTGGACCAA-1_2",-0.215467093323344,0.0210532044765954
"AGGAAATAGAAGCGCT-1_2",-0.152128135244203,-0.00289287229290091
"AGGACTTTCGACTCCT-1_2",-0.236700750241194,0.030053297519175
"AGGCTGCCACCGTACG-1_2",-0.231889897151424,0.0245740750457868
"AGGGAGTAGTCTAGAA-1_2",-0.248063625793483,0.0323042334142522
"AGGTTACCAAGTGGAC-1_2",-0.1075203055688,-0.000925197266179308
"AGGTTACGTTCGAAGG-1_2",-0.0732581565122366,0.0294051905576154
"AGGTTGTCAACAGCTT-1_2",-0.241616029116152,0.0233748057705417
"AGTCAACAGATTGGGC-1_2",-0.244469590340384,0.0225784507190832
"AGTCACATCCATCTCG-1_2",-0.117478659624885,0.00627784752161622
"AGTCTCCAGACTTGTC-1_2",-0.23624965637376,0.0184653881062784
"AGTGTTGCAAGGCCTC-1_2",-0.0513238881045357,-0.092962861239752
"AGTTCCCTCGTCAGAT-1_2",-0.249751973795239,0.0322180045274194
"AGTTCGATCAGGGATG-1_2",-0.0846346649654882,0.0157159616107087
"ATACCGAGTCCTCAGG-1_2",0.204439476349782,0.285780279600319
"ATAGGCTTCTCAATCT-1_2",-0.206226290873311,0.0227836530625224
"ATATCCTGTGCGTTTA-1_2",-0.113528067422432,0.00604328132998287
"ATCACAGAGTTGGCTT-1_2",-0.229161369697279,0.024975622271723
"ATCAGGTAGGGAGGGT-1_2",-0.08820337115046,0.0145595324492506
"ATCATTCAGACGCCAA-1_2",-0.0822237342004074,0.0215973022210615
"ATCCCTGTCATTACGG-1_2",-0.0800347750764097,0.00176802961465054
"ATCCGTCAGGTAGACC-1_2",-0.224333332890811,0.0126716428532973
"ATCGGCGGTGGGACAT-1_2",-0.11344018241561,0.00315154265618436
"ATCGTGATCCTACACC-1_2",-0.161851133620578,0.0191905914965279
"ATGAAAGTCGTCCATC-1_2",-0.241989568001555,0.0337718637117516
"ATGAGTCAGGTTATAG-1_2",-0.131461734581908,0.0208388440006828
"ATGATCGCACACAGAG-1_2",-0.0739255235631549,0.0178022814469938
"ATGATCGCAGCAGGAT-1_2",-0.204361399045339,0.0140005506352887
"ATGCATGGTGACTCGC-1_2",-0.2351610167032,0.0270002255506358
"ATGCGATAGTACTGGG-1_2",-0.0589965701918361,0.0246064945796947
"ATGGGAGGTATGGTAA-1_2",-0.141637035426488,0.0255623979684798
"ATGGGAGGTGTAAACA-1_2",-0.133536427431485,0.0168858517610886
"ATGGGAGTCAACGCTA-1_2",-0.150710342512743,0.0159473170775517
"ATGGTTGAGGTTGCCC-1_2",-0.0653249694205284,-0.00607038549874703
"ATTACCTTCATGAGTC-1_2",-0.179427406164089,0.0120545691623682
"ATTACTCTCCAATGCA-1_2",-0.196523511645912,0.0197761187135345
"ATTATCCCAGTAACCT-1_2",-0.121789190717508,0.00135362853807624
"ATTCACTAGCCAGAGT-1_2",-0.222368030444194,0.0215316628064157
"ATTCATCCACATTACG-1_2",-0.112547319857486,0.00333075773286864
"ATTCCTAGTGCACAAG-1_2",-0.0940809853393248,0.00176021496204239
"ATTCTACGTGACGTCC-1_2",-0.0633363077525364,0.0225248247111278
"ATTCTACTCCTCTAAT-1_2",-0.117542268282635,0.00535922462054085
"ATTGGGTAGACTAAGT-1_2",-0.064821866200921,0.0308073918315653
"ATTGGGTCAAAGCTAA-1_2",-0.199624764818282,0.00881409485951628
"ATTTCACTCGTGCAGC-1_2",0.0439012448910897,-0.171740581985313
"CAACCTCTCACTCTTA-1_2",-0.210713432777475,0.0148266246564144
"CAACGGCGTGCAATAA-1_2",-0.359413008690085,0.0739231087967122
"CAAGACTAGCCTGACC-1_2",-0.0602899079316449,-0.0680968190267307
"CAAGAGGAGAGAAGGT-1_2",-0.151145522211809,0.00751808692178871
"CAAGAGGCAGCGAACA-1_2",-0.101576814066438,-0.00277292740710807
"CAAGGGACAAAGAACT-1_2",-0.224782818124239,0.0145692690570025
"CAAGGGACAATAGAGT-1_2",-0.174581352447495,0.0097356177988417
"CAAGGGACAGCTGCCA-1_2",-0.206678423076482,0.0190254936951619
"CAATACGAGACCTCAT-1_2",-0.102312730120766,0.00431601490126501
"CAATACGGTTTACGTG-1_2",-0.0641030757617716,0.0213013179908272
"CAATCGATCTCATAGG-1_2",-0.244275334765115,0.026758994615597
"CAATTTCCAAGTTTGC-1_2",-0.136006944128587,0.0246202688087085
"CAATTTCTCAGTGCGC-1_2",-0.149629552518836,0.0176874621499158
"CAATTTCTCGCTGACG-1_2",-0.256699786893862,0.0335753315698166
"CACACAATCAACGCTA-1_2",-0.202341979732888,0.0155940296771072
"CACAGATCAACAACAA-1_2",-0.234441596803101,0.018780952954382
"CACAGATGTAGCTGTT-1_2",0.196272426699666,0.275528638261532
"CACAGGCAGCCAGACA-1_2",-0.243954361822287,0.020643311305856
"CACATGATCTCGGCTT-1_2",-0.191728531509878,0.0177700246046886
"CACGGGTGTAGACAGC-1_2",-0.199901675428288,0.0219823850209157
"CACGTTCAGGTCCAGA-1_2",-0.0953799375504536,0.0188085320760391
"CACTAAGGTAACTAAG-1_2",-0.0711305722536055,0.0259315330207159
"CACTGAAAGTCGCCAC-1_2",-0.240458627885789,0.0232701518443213
"CACTGTCTCGAGCTGC-1_2",-0.153287123546527,0.0143303317029209
"CAGATACGTATTAAGG-1_2",-0.22515255291962,0.0306742215931215
"CAGCAATGTACCGGCT-1_2",-0.101339133163071,0.00500405809272917
"CAGCAATTCACTCACC-1_2",0.136900529808444,-0.16454832647585
"CAGCCAGAGCCTGGAA-1_2",-0.217531524778379,0.0262321229657315
"CAGCGTGGTGATAGAT-1_2",-0.235233097859113,0.0216195527175463
"CAGGCCAAGAAACTAC-1_2",-0.0377251057980469,-0.00220925364995294
"CAGGCCAGTCTTACTT-1_2",-0.0814200645758594,0.00652872696109807
"CAGTGCGGTCGCAACC-1_2",-0.127368835110412,0.0200162217086339
"CAGTGCGGTCTCACGG-1_2",-0.241384187655446,0.0261463086414702
"CAGTTCCTCTCGTGAA-1_2",-0.0700079392439535,0.0298916594653713
"CATAAGCAGCCTCAAT-1_2",-0.064275668604352,0.0340520263341736
"CATACAGTCATCTATC-1_2",-0.227621806615228,0.0255793314288711
"CATAGACAGGTCACTT-1_2",-0.220373020101339,0.0229244666247427
"CATCGGGAGGCGATAC-1_2",-0.0174742858835164,-0.144341620394678
"CATGCCTTCCTCTTTC-1_2",-0.239933568817993,0.0324890680387527
"CATTCTACAGGGATAC-1_2",0.0352732340951743,0.112628860379967
"CATTGCCTCGGAGTGA-1_2",-0.11131312001852,-0.010232018951723
"CATTGTTTCCGATCGG-1_2",-0.241918405136212,0.0250938091001148
"CATTTCATCATATGGC-1_2",-0.105684882689283,0.0163990283872853
"CCACAAACAGGTATGG-1_2",-0.131853400218475,-0.00274668487731233
"CCACAAATCCGCACGA-1_2",-0.233656905208115,0.0299622554340456
"CCACACTTCGTCACCT-1_2",-0.114151383351447,0.00399689320771143
"CCACTTGTCATTTGGG-1_2",-0.11913840999011,-0.000420647033760068
"CCACTTGTCTAGGCAT-1_2",-0.244830923386595,0.021677680101768
"CCCGGAACACAAGGTG-1_2",-0.0730768279424966,-0.0113821904577575
"CCCTCAAAGAAGCGAA-1_2",-0.252695730086848,0.0343669779115227
"CCCTCAACAGTTAGGG-1_2",-0.0886377869045051,0.0244420940223383
"CCGATCTTCCAAGCTA-1_2",-0.202060928945764,0.0206837575523878
"CCGCAAGCAAGGCCTC-1_2",-0.138060206187306,-0.0070036239087014
"CCGGACAGTCGAATTC-1_2",-0.0844280329001161,0.00332109012344573
"CCGGGTACACGACAGA-1_2",-0.24791405834992,0.0313361620969795
"CCGGTGATCTTGGATG-1_2",-0.250127002910559,0.0343515566626008
"CCGTAGGGTATCACCA-1_2",-0.244265513956495,0.0280092254743959
"CCGTGAGTCAGATGCT-1_2",-0.430879013166894,0.0986286384193773
"CCTACGTAGGCGAAGG-1_2",-0.117010276409257,-0.00319924322662134
"CCTCAGTTCAGACCGC-1_2",-0.233295590267152,0.0173246119702208
"CCTCATGGTCCAGGTC-1_2",-0.24872520777483,0.0320779244850993
"CCTCTCCAGCGTGTCC-1_2",-0.202262859133666,0.00987033712818837
"CCTCTCCGTCTTCATT-1_2",-0.246594158703483,0.0294125113673098
"CCTCTCCTCTGGCCAG-1_2",-0.230209746126817,0.0265504111618581
"CCTGCATAGAGTGAAG-1_2",-0.391145398759962,0.0756387971486916
"CCTGTTGAGCTTCGTA-1_2",-0.237970601268828,0.0225827937982027
"CCTTCAGCAGGACATG-1_2",-0.231086960850399,0.0327176372574274
"CCTTCAGGTAGAGCTG-1_2",-0.0975153809328059,-0.00186036976626679
"CGAAGTTGTGGAAATT-1_2",-0.244304868973746,0.0315916093404772
"CGAATTGAGACTCGAG-1_2",-0.242346210357436,0.0274866108794715
"CGAATTGTCGTTGCCT-1_2",-0.0687294985674519,0.00360636849193572
"CGACAGCCACCCTGAG-1_2",-0.140135695797695,0.00332894207200273
"CGAGAAGGTCTGCGCA-1_2",-0.234434257868733,0.0179604765662454
"CGAGGAATCCCATTCG-1_2",-0.243685613702563,0.030386504034703
"CGAGGCTTCTTGCGCT-1_2",-0.248964094826543,0.0272071862221789
"CGAGTGCAGGAATCGC-1_2",-0.250625052624959,0.0330755241354718
"CGAGTGCCACAGAAGC-1_2",-0.213822315465823,0.0207462369256001
"CGAGTGCTCTCGGGAC-1_2",-0.0253871256497897,-0.13248729577988
"CGATGCGGTTTAGAGA-1_2",-0.12000026787099,-0.0150813174605915
"CGATGGCAGCCATTTG-1_2",-0.0807426658107777,0.0158778169058544
"CGATGGCTCAGACAAA-1_2",-0.0871218477456883,0.022285781482977
"CGCATGGCACAGAGCA-1_2",-0.237086568158892,0.023265255477825
"CGCCAGAAGATTGCGG-1_2",-0.225180094921855,0.0152866978315641
"CGCCAGACACTCTCGT-1_2",-0.143641971562335,0.0232556813788258
"CGGACACAGCACACCC-1_2",-0.0844166032198439,0.0203263272354176
"CGGGACTAGAAGCGAA-1_2",-0.110511629389853,0.00255397638705062
"CGGGCATTCTATTTCG-1_2",-0.080765509360116,-0.00437688692321888
"CGTAAGTCACTAGGTT-1_2",-0.21425428481272,0.0247531040658233
"CGTAAGTCACTCCGGA-1_2",-0.0721182080893882,-0.00279085174531138
"CGTAAGTGTTGGCCGT-1_2",0.172465606918053,0.23846107826889
"CGTAATGCAGTCCCGA-1_2",-0.265394501305341,0.0396615526827298
"CGTAGTAGTCCAAATC-1_2",-0.106585988745506,0.00689487764260243
"CGTGAATAGAGCCCAA-1_2",-0.115073211780795,-0.000489437318280704
"CGTGAATGTTTCGTTT-1_2",-0.0554558204251652,-0.0184830432379564
"CGTGTCTCATCTCAAG-1_2",-0.203108243767375,0.0161736020382796
"CGTTCTGCATCTTCGC-1_2",-0.233423841218269,0.0235416450561209
"CGTTGGGAGGGATCTG-1_2",-0.239846234469555,0.0220993823026314
"CGTTGGGTCAGGACGA-1_2",-0.100645954137129,-0.00196427591613012
"CTAACCCAGAACCCGA-1_2",-0.0422983025098828,0.0200541706398113
"CTAAGTGGTGACTCGC-1_2",-0.20824189966582,0.0129289459070054
"CTACCCAAGCGTGTCC-1_2",-0.127741572031512,-0.0336999661494448
"CTACCCATCATCGACA-1_2",-0.242873879517205,0.0278132546642749
"CTACCTGAGAATCGTA-1_2",-0.164864911388111,0.0157532608790677
"CTACCTGAGTTAGAAC-1_2",-0.237354441302704,0.0249705111819921
"CTACCTGCAAATGGTA-1_2",-0.135076679467828,0.0263677170961223
"CTAGGTAGTCCCGCAA-1_2",-0.099607437031016,0.0181071147087875
"CTCAACCAGTGCCTCG-1_2",-0.0737663570069778,0.000424691442609647
"CTCAATTAGATGCCGA-1_2",-0.235174328890352,0.0294498731628153
"CTCAGTCGTAGCCAGA-1_2",-0.22011534254759,0.0160433569890195
"CTCAGTCTCTTCACAT-1_2",-0.068996845570283,-0.0106136909528584
"CTCATTAAGGCAATGC-1_2",-0.0697572068846231,0.0138482392752975
"CTCATTACATGACACT-1_2",-0.224363317521408,0.0280285981607565
"CTCCACACACCCATAA-1_2",-0.241121090927728,0.0302652069550358
"CTCCATGGTCCTCAGG-1_2",-0.224193709067106,0.0265676219535938
"CTCCCAAAGAGTAACT-1_2",-0.227759786562296,0.017263160120471
"CTCCCAAGTCGCCACA-1_2",-0.231719732301527,0.0290228246076218
"CTCCGATGTCTCAGGC-1_2",-0.0455346865059863,-0.0554887253552761
"CTCCTCCAGATCACCT-1_2",-0.102009940091877,0.00397224963365455
"CTCGAGGAGTATAGAC-1_2",-0.229889567075384,0.0162884150542199
"CTCGAGGGTGCTCTCT-1_2",-0.217042038113686,0.0225473233392329
"CTCTCAGTCTACCAGA-1_2",-0.0909670877776147,0.0113237013842004
"CTCTCGAAGCGGATCA-1_2",-0.232502018542398,0.0303395720231727
"CTGATCCTCAGCGGAA-1_2",-0.198303542274196,0.00908893129428501
"CTGCAGGGTACGATTC-1_2",-0.0795940129332283,0.0117814868831865
"CTGCATCGTTACCCAA-1_2",-0.138465414831381,0.0130965709216306
"CTGCGAGCATCGGAGA-1_2",-0.107568243609681,-0.0485546675093641
"CTGCGAGGTCCAGTTA-1_2",-0.0672618291749903,0.0308078955149032
"CTGGCAGAGATGCTGG-1_2",-0.228119018474688,0.0169746837055172
"CTGTATTTCGGACCAC-1_2",-0.182098768709292,0.00426503585931323
"CTGTCGTTCCATTCAT-1_2",-0.20769554910604,0.0214552330139031
"CTTAGGAAGTATGGCG-1_2",-0.151965785846117,0.0139968104553595
"CTTAGGACAACACAAA-1_2",-0.128068500796426,0.0030617323646775
"CTTCCGATCCGCTGTT-1_2",-0.176761053090966,-3.98527676655835e-05
"CTTCTAAGTGGTCTAT-1_2",-0.251685358901379,0.0355807512245864
"CTTGAGATCGCTGTTC-1_2",-0.245516381563189,0.0220535355395947
"CTTTCAACAGCTTTCC-1_2",-0.147904168040347,0.0172336755719422
"GAAACCTAGCCTCCAG-1_2",-0.249061178269873,0.0299907126846773
"GAACGTTCAACCGGAA-1_2",-0.231654764409195,0.0216489359950974
"GAACTGTCACCGTCGA-1_2",-0.233443672969801,0.0291118339458364
"GAACTGTCAGAGCGTA-1_2",-0.112936403981033,0.00442993462029229
"GAAGGACAGCCATTGT-1_2",-0.0845251103681563,0.00695632597277092
"GAAGGACGTCATGACT-1_2",-0.0545200793276238,0.0275382351941967
"GAAGGACTCATTGTTC-1_2",-0.176109586093462,0.0149204220370203
"GAATAGATCTGCACCT-1_2",-0.181916994427757,0.0147958175079529
"GAATCACCATTCAGGT-1_2",-0.0902930393924176,0.00948912988210203
"GAATCGTAGTCATGCT-1_2",-0.214016596162087,0.0226451666905022
"GACACGCCATACGCAT-1_2",-0.232139445470389,0.0183907095027752
"GACCCAGCAACGGGTA-1_2",-0.242861415513357,0.0333759383447129
"GACCTTCCAACTTGGT-1_2",-0.120590946657148,-0.00800087861790813
"GACTCTCGTGCGGTAA-1_2",-0.119980144077315,0.00199002084303654
"GACTCTCGTGCTCCGA-1_2",-0.0974774777322547,0.0167920967929721
"GAGACTTCACGTGAGA-1_2",-0.247833671311236,0.0327244919944773
"GAGAGGTGTTAAGCAA-1_2",-0.0895490398777635,0.00541226746330707
"GAGAGGTGTTACGGAG-1_2",-0.131333188137068,0.0250879731994507
"GAGATGGGTCAGCTTA-1_2",-0.0915432990446441,0.0126209912638049
"GAGATGGGTTGCCGCA-1_2",-0.0765870043950305,0.0172537975665174
"GAGTCTAAGATTCGCT-1_2",-0.234533098861897,0.0206285762380773
"GAGTGTTTCACCACAA-1_2",-0.0626064457718892,0.0340845664418409
"GAGTTACGTCCATACA-1_2",-0.110834643184648,0.0173198154947361
"GAGTTACGTCTAACGT-1_2",-0.108384868036227,0.00323132464365984
"GAGTTACTCTGCATGA-1_2",-0.246362262477175,0.0307316045258942
"GAGTTGTCAGAGACTG-1_2",-0.0744747302645889,0.0200241024252977
"GATCACAAGGTAGATT-1_2",-0.213110744459551,0.0120624634840422
"GATGACTAGTGGATAT-1_2",-0.142494807861798,0.0229199547070718
"GATGACTGTATCTCGA-1_2",-0.228971058884404,0.0290400768951965
"GATGATCCATATGAAG-1_2",-0.241851291242467,0.0266737204840963
"GATGTTGAGTAGTCTC-1_2",-0.161488479082957,0.00888108617875731
"GATTCGAAGGGCCCTT-1_2",-0.205752827664943,0.0213132925512391
"GATTCTTGTACTGAGG-1_2",-0.0769564919058903,0.0211606601716482
"GATTGGTAGGGCAGTT-1_2",0.116180829686298,0.0564714563695891
"GCAACATTCAGATGCT-1_2",-0.113173225205833,0.00989562567555125
"GCAACATTCAGGACAG-1_2",-0.211404108866022,0.0144079653631949
"GCAACCGTCCACGGGT-1_2",-0.0733314909229446,0.0272388961444403
"GCACGGTTCTGCGATA-1_2",-0.0771687906591497,-0.00260983294708622
"GCACGTGAGGCAATGC-1_2",-0.126090179833388,0.0265596892910052
"GCACGTGCAAATACAG-1_2",-0.221646814161718,0.02127066651695
"GCACGTGTCTCTATGT-1_2",0.156161059769572,0.20378730469058
"GCAGGCTTCCACTAGA-1_2",-0.227372401869479,0.0191829263388208
"GCAGTTATCCGATAAC-1_2",-0.22442248318942,0.0169609400210406
"GCATCGGTCGGAGATG-1_2",0.166427051768794,0.21412186036111
"GCATTAGCAGCTGGTC-1_2",-0.244792153036199,0.0251432219288164
"GCATTAGTCTGCACCT-1_2",-0.219066896404914,0.0192891653768151
"GCCAACGCACCCTATC-1_2",-0.102637071291498,0.016741449370932
"GCCAGTGGTGTCATGT-1_2",-0.13359238030823,0.0270376198353422
"GCCCAGACATGTTACG-1_2",-0.0876823172493926,0.0219297934083181
"GCCGATGAGAGTCTTC-1_2",-0.246226792208673,0.0264211361647705
"GCGAGAACAGAGTGTG-1_2",-0.255830120167514,0.0361502519993497
"GCGAGAATCTGTTCAT-1_2",-0.109963708667425,0.00112970690550433
"GCGGATCCAGAGGTTG-1_2",-0.118059133221016,0.00365714170908111
"GCGGATCTCTTGGAAC-1_2",-0.191310810520101,0.0155878876900637
"GCGTGCACACTTCTCG-1_2",-0.0663497173767309,0.0266746308290104
"GCGTGCACATTCCTCG-1_2",-0.214577302813029,0.0221605129034589
"GCTACCTGTCAGCTTA-1_2",-0.0974742914105074,-0.0505814962089597
"GCTGCAGAGAGCAACC-1_2",-0.1185180090847,0.0261255802889293
"GCTGCAGAGGTGCTAG-1_2",-0.0647672365811844,-0.0155819021193852
"GCTGGGTCACATCATG-1_2",-0.137592919160281,0.0172546095656498
"GCTGGGTGTCTCCCTA-1_2",-0.115782729155963,0.0101926870273248
"GCTGGGTTCGCTAGCG-1_2",0.0392407909860449,0.0964371115898324
"GCTGGGTTCTGGGATT-1_2",-0.110408475172355,-0.00138115865112933
"GGAAGTGCACTCCTGT-1_2",-0.0889348910455811,0.00856039200277766
"GGACGTCTCTCGGTAA-1_2",-0.222856539994498,0.0156847229799816
"GGAGCAATCCGTTTCG-1_2",-0.0802225195150911,0.0256169167931375
"GGAGGTACAATAACCC-1_2",-0.0904489283410314,0.0203436862862568
"GGATCTATCATCCCGT-1_2",-0.170008520542486,-0.00111652422085159
"GGCAGTCTCAACCCGG-1_2",-0.122612780343207,-0.0186924825961406
"GGCGTCACAAGCAATA-1_2",-0.0561107879755812,-0.0458927416227342
"GGCTTGGAGGTGCTAG-1_2",-0.16048113215727,0.0123477836632628
"GGGAAGTAGGATTCCT-1_2",-0.209876351109856,0.0231472805725703
"GGGAAGTTCGTGCATA-1_2",-0.0872423061201733,-0.00239100749238614
"GGGAGATAGGACTATA-1_2",-0.13419937205568,0.0121900253299371
"GGGAGATCACCAAAGG-1_2",-0.0274929819705093,0.0390513069303162
"GGGAGATGTGAGATAT-1_2",-0.0655926233893134,0.0306619616582874
"GGGATCCAGGGTACGT-1_2",-0.166142903014822,0.0156578148978364
"GGGATGATCCAGCAAT-1_2",-0.0621918036956805,0.0288736621609536
"GGGTAGACACTTGTGA-1_2",-0.0957000666197645,-0.0443690708243549
"GGGTAGAGTATTGACC-1_2",-0.215513458872193,0.0247492646112074
"GGGTATTGTAACGCGA-1_2",-0.0690249227006536,0.027319300702706
"GGGTATTGTCGCATCG-1_2",-0.0613222398333653,0.00785337653577138
"GGGTGTCAGTCAAGCG-1_2",-0.11812892318064,0.00792192770702207
"GGTAATCGTTGAATCC-1_2",-0.134574543444951,0.00760977814991229
"GGTCACGGTGGAATGC-1_2",-0.0607203996094679,0.0249432749050929
"GGTCTGGCAGGATTCT-1_2",-0.0969189558049886,0.0100450246650739
"GGTGGCTAGTCATCCA-1_2",-0.133636173621081,-0.00812930710122738
"GGTGGCTGTGGATTTC-1_2",-0.229098659088526,0.016954615428423
"GGTGTTACAGTGTATC-1_2",-0.0600272816728803,0.0299850105521374
"GGTTAACTCGCATAGT-1_2",-0.117161767471762,0.00354497908571372
"GGTTCTCAGATAACAC-1_2",-0.0921385984732833,0.0226629682256301
"GGTTCTCGTGTAGTGG-1_2",-0.0333407318898714,0.0471925829606453
"GTAACACAGGAATCGC-1_2",-0.138547937995231,0.0266614249596525
"GTACAGTCACCAGTTA-1_2",-0.09089569901283,-0.00880274506459207
"GTACAGTCATGACAAA-1_2",-0.247086856232525,0.0329755677394664
"GTAGAGGAGCTCGTGC-1_2",-0.0912705918272516,0.00861661166853507
"GTAGCTAGTGCAGATG-1_2",-0.2417800124709,0.0282689712494656
"GTATTGGCATGTGTCA-1_2",-0.0774453168021296,0.021844882093691
"GTATTTCGTAGACACG-1_2",-0.148148323540515,0.00530072436024508
"GTATTTCTCATCTCTA-1_2",-0.0788823991558028,0.00121287769004233
"GTCATTTAGCGTGTCC-1_2",-0.141998962587192,-0.00800799200455047
"GTCCCATGTACAAGTA-1_2",-0.183143316246771,-0.00267445849939347
"GTCGAATAGTAGGCCA-1_2",-0.145488745716031,0.0157841435417896
"GTCGCGATCTGCCTCA-1_2",-0.205766969702559,0.0220024719099068
"GTCTACCTCGCTTAAG-1_2",0.187928286097785,0.288700674848631
"GTGAGGATCGGTGTAT-1_2",-0.0763256668072221,-0.00066240592631806
"GTGAGTTAGAGCTGAC-1_2",-0.0683742163465864,0.024261516117085
"GTGATGTGTCGAATTC-1_2",-0.223347100305978,0.0182768585168681
"GTGGAAGTCGTTCTCG-1_2",-0.0632535446069953,0.0256930576628061
"GTGGTTACAGCAGTGA-1_2",-0.0794203799659284,0.0254136015985264
"GTGTTAGCAGTATTCG-1_2",0.203338889793281,0.291725290681539
"GTGTTCCTCGCGTCGA-1_2",-0.238605684038676,0.0180757420484287
"GTTACAGAGAGAACCC-1_2",-0.19833125062426,0.0169910532591142
"GTTAGACGTCCAAGAG-1_2",-0.0626911406749756,-0.0675034347057158
"GTTATGGCACATATCG-1_2",-0.200665152260098,0.0119492964089761
"GTTCATTAGCTGCCTG-1_2",-0.069417525713899,0.0277983539882184
"GTTCATTCAGACCAGA-1_2",-0.0673545862286062,0.0278082603159226
"GTTCGCTGTCCAAATC-1_2",-0.197249878299569,0.0175819224841786
"GTTCGCTTCTTCGATT-1_2",-0.0868566211791511,0.014219439060461
"GTTGCGGAGCGGTATG-1_2",-0.117944231907808,0.00226321088816915
"GTTGTGAGTTGTAGCT-1_2",-0.0878350242161743,0.00633315471891313
"GTTTACTCAGCGAGTA-1_2",-0.110523790178163,-0.00498044298004074
"TAACACGCAGTCCCGA-1_2",-0.0711319955801722,0.0252357566316542
"TAAGCACCAAATACGA-1_2",-0.107437954772234,0.00827697287119613
"TAAGCACGTTGTCATG-1_2",-0.130562732432375,-0.0159721640747707
"TAAGCGTGTCGAGATG-1_2",-0.0883365818511838,-0.00516274084096806
"TAATCTCTCGAGGCAA-1_2",-0.240071984588213,0.0281335309160481
"TACAACGAGTTCATCG-1_2",-0.244402831062011,0.0302210036664405
"TACATTCGTTATGTCG-1_2",-0.225111380422208,0.0236437194735348
"TACATTCTCCGCACTT-1_2",-0.0650100758610392,0.0341051250532732
"TACCGGGGTTTGGGTT-1_2",-0.0802665616104115,0.0153137282215495
"TACGTCCGTCTGTTAG-1_2",-0.225426598363855,0.0173669728560866
"TACTTCAAGAAGCGAA-1_2",0.0295079718836902,0.0348815983382014
"TACTTCATCAAACCCA-1_2",-0.106275429880071,-0.00832018347361566
"TACTTGTGTGAGATTA-1_2",-0.0817815406036101,0.00272461949561934
"TAGACCAAGTCGTCTA-1_2",-0.0757842705502095,0.00707676804766708
"TAGACTGCAGTTGTCA-1_2",-0.141350193523048,0.0228835040937364
"TAGCACAAGACCAGAC-1_2",-0.229476692442229,0.018313046983414
"TAGGAGGGTTCTCTAT-1_2",-0.147864244687499,0.0190542226050859
"TAGGGTTAGGGAGGTG-1_2",-0.261672233354657,0.0363326918705375
"TAGGTACGTGTGATGG-1_2",-0.155652622274443,0.0016095459307783
"TAGGTTGAGGGCAAGG-1_2",-0.135711307339784,0.00772225595363918
"TATCCTATCTTCGACC-1_2",-0.128299039286966,0.0040306032341073
"TATCTGTTCGCATTGA-1_2",-0.250492647952025,0.0312299778611649
"TATCTGTTCTCTTAAC-1_2",-0.223096560161824,0.0240381994078477
"TATTCCATCCCTTGGT-1_2",-0.219424244260945,0.0144732077073571
"TCAAGTGTCCAAGCTA-1_2",-0.0984049365040909,0.00618191486198716
"TCAATTCGTCTATGAC-1_2",-0.0249520335916825,-0.0209610638616793
"TCACATTGTGCCTTCT-1_2",-0.125789339679826,0.0110387878626896
"TCAGCCTGTGTTAGCT-1_2",-0.224310455973827,0.0240925199964575
"TCAGGTAGTGTCCGTG-1_2",-0.147977566714674,0.0220264305692318
"TCATATCGTGAAGCGT-1_2",0.00769068476947711,0.0298671914045447
"TCATGGAAGTCGGGAT-1_2",-0.248695385801939,0.026564061594118
"TCATTACCACCTTCCA-1_2",-0.172178889979764,0.0141214265564092
"TCATTCAGTTTCGTGA-1_2",-0.225787119517865,0.028661620289026
"TCATTGTCACTCGATA-1_2",-0.146609154546582,0.0186476975639308
"TCCACGTGTTGTTGTG-1_2",-0.0961051227358413,0.00922405640896142
"TCCATGCGTTGGGAAC-1_2",-0.245283982934404,0.0306696028998787
"TCCATGCTCCGCTGTT-1_2",-0.242922381428681,0.0317489297877189
"TCCCACACAATCCTAG-1_2",-0.156785558463187,0.0141558264347333
"TCCCACAGTGCTCCGA-1_2",-0.247183360295483,0.0300274246624985
"TCCCATGTCTACCTTA-1_2",-0.163305869098237,0.0156431613562203
"TCCTCCCGTCTTAGTG-1_2",-0.223783819424388,0.0233807223379049
"TCCTCCCGTTCCGCGA-1_2",-0.0743469348930151,0.024205338022721
"TCCTCCCTCTGGCTGG-1_2",-0.104561724374717,-0.0341464766610346
"TCCTCTTGTCCACTTC-1_2",-0.192912207595079,0.00390305195767739
"TCCTCTTGTCTGCCTT-1_2",-0.211173792908199,0.026010990532739
"TCCTCTTGTTCCACGG-1_2",-0.118081421559784,-0.00339670483081994
"TCCTGCATCGCTTGCT-1_2",-0.115118683029404,-0.00615428263668657
"TCGAAGTGTAGCCCTG-1_2",-0.180667921292384,0.00879884625056858
"TCGACCTAGCCTGTCG-1_2",-0.106718809855832,0.00639360402377768
"TCGCAGGCACTGGATT-1_2",-0.1383709422779,0.0264434672513568
"TCGCTTGTCCGACGGT-1_2",-0.243570849144133,0.0286354165567885
"TCGGATAAGCGCCTCA-1_2",-0.107270672121385,-0.0187787251953948
"TCGTAGAGTCCGACGT-1_2",-0.0875270076254649,0.0174390404120765
"TCGTAGAGTGGCTGCT-1_2",-0.116391181829096,0.00425042215555289
"TCGTGCTGTTCCGCAG-1_2",-0.23643950636434,0.0273954416197211
"TCTCACGGTCCAGGTC-1_2",-0.123781256093437,0.0105829937727912
"TCTCAGCCACGTGTGC-1_2",-0.211921755265175,0.020959342980969
"TCTCTGGAGCTCACTA-1_2",-0.247470793845829,0.0284799625836527
"TCTGCCAGTTCGGCCA-1_2",-0.24033442657129,0.0293293701378049
"TCTTAGTGTGTGTCGC-1_2",-0.090575781794862,0.0250616926851338
"TCTTCCTTCAACACCA-1_2",-0.0838949750736422,0.016981273278772
"TCTTTGAGTTTGGGTT-1_2",-0.222394906572941,0.0139155910726513
"TGACCCTAGCTGTCCG-1_2",-0.11388511444008,0.00475540326404512
"TGACCCTGTGCCAAGA-1_2",-0.218919109234115,0.0258271385408821
"TGAGACTCAAGACAAT-1_2",-0.245640642143837,0.0276330985584365
"TGAGACTTCGTAGAGG-1_2",-0.0645028194072834,0.00917700975262212
"TGAGCGCAGTCGAGGT-1_2",-0.227477850680432,0.0232383314573013
"TGAGGAGAGAACTTCC-1_2",-0.123832756702447,-0.00724345553461531
"TGAGGTTGTGTCTCCT-1_2",-0.234686208554589,0.0242896804212189
"TGATCAGGTGCAGATG-1_2",-0.0874994843699377,-0.00504237528954919
"TGATCTTGTAGACTGG-1_2",-0.0737010886906976,0.0162798527580849
"TGATTCTAGGGCAATC-1_2",-0.188168754482988,0.0165072442654225
"TGATTTCCACGTAGTT-1_2",-0.06814675273065,0.023223260902509
"TGCAGATAGTATGAAC-1_2",-0.218745220580871,0.0225130376968666
"TGCAGTACATGCGTGC-1_2",-0.0798073160724881,0.0146106917198858
"TGCAGTATCTGTCGTC-1_2",0.159965346533714,0.168783533095932
"TGCATCCAGCCTGAAG-1_2",0.204555724223741,0.28088340423298
"TGCGATAGTCGCTCGA-1_2",-0.170153009853735,0.0139372009917669
"TGCTCGTCAACTCCCT-1_2",-0.233506890112411,0.0189829720391684
"TGCTGAAAGTTTGCTG-1_2",-0.254846816275651,0.0356860786212684
"TGGAGAGGTCGGCTAC-1_2",-0.0670551683456867,0.00728834182934452
"TGGAGAGTCCCAGGCA-1_2",-0.0717793658861856,0.0227621461963553
"TGGATCAGTTCGGGTC-1_2",-0.0621722863199941,0.0109269784769114
"TGGATGTTCCCGTGTT-1_2",-0.259669436736365,0.0358328054950914
"TGGATGTTCTTACCGC-1_2",-0.244992684644898,0.0300040708030359
"TGGCGTGTCTGCTGAA-1_2",-0.0604888110497146,-0.0548018737201103
"TGGGAAGGTCCCTGTT-1_2",-0.23249706317014,0.0313575119266277
"TGGGATTCAATCGCGC-1_2",-0.248985085491001,0.0278646229701251
"TGGGCGTCAGAACGCA-1_2",-0.102088625007665,0.0213020214724195
"TGGTACAGTCGCCTAG-1_2",-0.06411990798671,0.0269409256976869
"TGTAAGCGTGATAGTA-1_2",-0.128319607292736,0.00728065903876902
"TGTACAGCATAGCACT-1_2",-0.221386329567719,0.0248619025407698
"TGTAGACCAGTAGGAC-1_2",-0.104720414394396,-0.00145819201374262
"TGTCAGAGTAGTATAG-1_2",0.180697436170019,0.242943582167809
"TGTCCCAAGGCTGAAC-1_2",-0.230750437520585,0.0292052505782356
"TGTCCCAGTTGTGCCG-1_2",-0.0779559575588605,-0.0920650877994031
"TGTGAGTAGCTCTGTA-1_2",-0.144894683191138,0.0177881345971031
"TGTGAGTCAAGAAACT-1_2",-0.159715261624194,0.0168024954769314
"TGTGGCGCATGGCCAC-1_2",-0.156750970941472,0.0180637433445379
"TGTTCTACACTGGACC-1_2",-0.225551672295582,0.0216542629444252
"TGTTTGTCAACTTGCA-1_2",-0.0715829321061283,-0.0189437526800482
"TTACCGCAGTGGATAT-1_2",-0.0926781429935556,0.00784287083300056
"TTACGTTAGAGAACCC-1_2",-0.175308470285943,0.00438993404503716
"TTACGTTTCTTTCCGG-1_2",-0.0639675518108147,0.0143039097549357
"TTAGGCAGTATCCCTC-1_2",-0.0839261230484679,0.00911087279997587
"TTAGTCTTCTGGGCCA-1_2",0.10029635304504,0.00566207730470766
"TTCAATCGTGGCAACA-1_2",-0.209614960264616,0.0252289949377873
"TTCATGTTCCTAGCTC-1_2",0.0649949739981516,0.156696814660279
"TTCATTGTCAGCATTG-1_2",-0.0713292511118999,0.0284567415675406
"TTCCTCTCAATTTCCT-1_2",-0.223433969625568,0.0303808072026793
"TTCGATTAGGACACTG-1_2",-0.218142807802278,0.0228857902724945
"TTCGATTCAGTTGGTT-1_2",-0.245463625630763,0.0250545864567792
"TTCTAACAGGATTACA-1_2",-0.0862017069167524,0.0251606711528251
"TTCTAACCAGATGCGA-1_2",-0.0755241670014788,0.0136259864558687
"TTCTCTCCAGAATTCC-1_2",-0.227267437299227,0.025726459952069
"TTCTTCCGTCCGGATC-1_2",-0.226089292935678,0.0265194430558598
"TTCTTCCGTTCTGACA-1_2",-0.0958805661251851,-0.000790700053049021
"TTCTTGATCGGATACT-1_2",-0.0570850894558099,-0.061345065939506
"TTGGATGAGCAATAGT-1_2",-0.0922264027874098,0.00896428830275461
"TTGGGCGCATCTTTCA-1_2",-0.200260009547933,0.0204172710396466
"TTGTTCACATGACAGG-1_2",-0.130406912317107,0.0164021183379658
"TTGTTGTAGTTGCTCA-1_2",-0.135110318851044,-0.00581987687328661
"TTTAGTCGTATGAGGC-1_2",-0.239914216589112,0.0308593318754015
"TTTATGCCAGAGATGC-1_2",0.0837920845877264,0.0448041453003123
"TTTCATGGTTCGGCGT-1_2",-0.234128302468984,0.0280801280017577
"TTTGACTCAATCAGCT-1_2",-0.267948558078403,0.0397668558872533
"TTTGATCAGGTTATAG-1_2",-0.307592681896757,0.0504495413348001
"TTTGATCCATCGTTCC-1_2",-0.0828819648339344,0.0264646606782596
"AAACCCACAGAAACCG-1_2",0.180906478887714,0.252946656954857
"AAACCCAGTACTCAAC-1_2",0.204499550579049,0.227762230562703
"AAACGAAAGAGGTTAT-1_2",0.18004778453706,0.298171043200824
"AAACGAAAGGTAATCA-1_2",0.190492057122043,0.277073942526819
"AAACGCTGTATGACAA-1_2",0.185129153670538,0.285660285468786
"AAACGCTTCGACATTG-1_2",0.164042899438202,0.2395938680017
"AAAGAACAGAGTGAAG-1_2",0.197792750974029,0.228867508819284
"AAAGAACGTAGGGTAC-1_2",0.210097613632487,0.240514197621438
"AAAGGATTCTACACAG-1_2",0.166577263225011,0.233076173817409
"AAAGGGCGTACTGGGA-1_2",0.156652646047008,0.181405666029465
"AAATGGACACCCAAGC-1_2",0.229680698043948,0.264329276383381
"AAATGGAGTTACCTGA-1_2",0.191446660828759,0.213526905883736
"AACAAAGGTTGCCTAA-1_2",0.175832699385047,0.228005145785312
"AACAACCCAGCTTCCT-1_2",0.0207445142681308,0.196190177436199
"AACAACCGTTGCTTGA-1_2",-0.0210427854123315,0.063101474273343
"AACAAGACAACCAGAG-1_2",0.180318794733394,0.26123800005227
"AACAAGATCGAGAGAC-1_2",0.162318961113359,0.261330023717907
"AACCAACAGTCATGCT-1_2",0.17967786861906,0.253455650321142
"AACCAACCACGAGAAC-1_2",0.181092115166175,0.252481634671505
"AACCACAGTTATCCAG-1_2",0.166426520445715,0.230670048005694
"AACCATGAGCTATCCA-1_2",0.0632482555508715,0.164416353280784
"AACCATGAGTACCATC-1_2",0.190202987423044,0.254990661605963
"AACCATGCAGGACTAG-1_2",0.0374197851175067,0.104212049815209
"AACCATGGTCTGCATA-1_2",0.209932999099551,0.242581323584176
"AACCATGTCGGCTGTG-1_2",0.179083025401186,0.22133456342876
"AACCCAAAGTTGCCTA-1_2",0.221551167722363,0.244302591627923
"AACCTGAAGAGCGACT-1_2",0.0114360798461259,0.0669420719356771
"AACCTGAGTATCAGCT-1_2",0.223354666989882,0.25424224400818
"AACCTGATCCAACCGG-1_2",0.176611173157768,0.229164648936197
"AACCTTTGTCGATTCA-1_2",0.189248767985601,0.233923090934152
"AACCTTTTCAAGCCAT-1_2",0.0801544602043274,0.140788616106553
"AACGAAAAGTCCGCGT-1_2",0.185894636998554,0.215633298460703
"AACGAAAGTTGCTCCT-1_2",0.183770191775971,0.212083845040749
"AACGGGAAGACCGTTT-1_2",0.157649493781882,0.258609018107175
"AACGGGAAGACGCCCT-1_2",0.205467591618586,0.230410379302511
"AACTTCTCACCACATA-1_2",0.191781984367342,0.295607085166962
"AACTTCTGTCCATCTC-1_2",0.0087466418551223,0.151101120292079
"AACTTCTTCTCGTGAA-1_2",0.218316039090035,0.244470493850109
"AAGAACACAGGACATG-1_2",0.223932520375477,0.258655166840269
"AAGAACAGTATGGAAT-1_2",0.168809724017273,0.217841080523275
"AAGAACATCTGTACAG-1_2",0.178450293941186,0.256663739826003
"AAGACTCGTGAAGCGT-1_2",0.112626062030684,0.178294024950556
"AAGATAGCAACTGCTA-1_2",0.224014798225891,0.254925135801404
"AAGATAGCAGATAAAC-1_2",0.0633584524007009,0.162773238400996
"AAGATAGGTCGCTGCA-1_2",0.224486560418189,0.256611793087269
"AAGCATCAGTAGTCCT-1_2",0.160748343087236,0.236047259942966
"AAGCATCAGTATCTGC-1_2",0.017631803827107,0.19782878078309
"AAGCATCGTAACCCTA-1_2",0.159893096447624,0.266639909771885
"AAGCCATAGTTTCGAC-1_2",0.173560962985396,0.253768498389874
"AAGCGAGGTATCACGT-1_2",0.166507977449947,0.235917535209282
"AAGCGTTGTATAGGAT-1_2",0.195755261105886,0.224997011429651
"AAGCGTTTCTTGAGCA-1_2",0.180457870585278,0.248738061708177
"AAGTACCAGGCGACAT-1_2",0.0665944517477611,0.153739013568934
"AAGTACCTCAAGTGTC-1_2",0.0218056392640131,0.204654802016073
"AAGTCGTCATCCGATA-1_2",0.176429901590747,0.228454806368274
"AAGTGAAAGAAGGTAG-1_2",0.16895980040349,0.227877234143797
"AAGTGAAAGGCTATCT-1_2",0.157851504084455,0.228162767516511
"AAGTGAAAGTCATAGA-1_2",0.193307295781108,0.236940053251211
"AAGTGAACATCCGATA-1_2",0.142226629376345,0.183488973316614
"AAGTGAATCCCTCTCC-1_2",0.0501778749337715,0.199626093872286
"AATAGAGGTAATGCGG-1_2",0.171928299673036,0.253061392617726
"AATAGAGGTGTCCCTT-1_2",0.0627793309621707,0.164960814335547
"AATCACGGTCACTACA-1_2",0.219166277847192,0.255532111726848
"AATCGACAGATGGCAC-1_2",0.18755312121821,0.246436973200889
"AATCGACGTGCAGGAT-1_2",0.223135384488169,0.255498811814196
"AATCGTGGTGATAGTA-1_2",0.191130007394611,0.290119056702326
"AATCGTGGTTGGTACT-1_2",0.191917844771606,0.279927756837243
"AATGAAGGTCGCAGTC-1_2",0.175330284756896,0.297955988017005
"AATGACCAGGGCCAAT-1_2",0.15821321316287,0.231597709582112
"AATGCCAGTGACTCTA-1_2",0.183442468743149,0.278284271036517
"AATGCCAGTGATGTAA-1_2",0.0835763742675255,0.202474948108948
"AATGGAACAGCAGATG-1_2",0.0177081460999027,0.195529910670051
"AATGGAAGTTATCCAG-1_2",-0.0476647310420269,-0.053776311102144
"AATGGCTAGACTCCGC-1_2",-0.381082697001701,0.0551889693092289
"AATGGCTAGCGTCAGA-1_2",0.183271167307157,0.221897479959137
"AATGGCTTCAGCCTCT-1_2",0.159375882859137,0.204806878928281
"AATTCCTAGCGCCGTT-1_2",0.153535624675364,0.223116565603441
"AATTTCCGTTACGGAG-1_2",0.162560488331066,0.240857215642444
"AATTTCCGTTTCGTAG-1_2",0.183098824293952,0.280628995994461
"ACAAAGACATGACACT-1_2",0.207541784883446,0.231865653881676
"ACAACCAGTATTAAGG-1_2",0.180610340396354,0.237666142508841
"ACACAGTCAATTGAAG-1_2",0.177045023984323,0.220208552420962
"ACACAGTGTACCAGAG-1_2",0.167203708194613,0.275858763750995
"ACACAGTGTGCCTTTC-1_2",0.206107440313532,0.227395251052236
"ACACCAAGTATCGTTG-1_2",0.183232630624719,0.245557979052174
"ACACCAAGTATGTGTC-1_2",0.156990449097623,0.239983452502574
"ACAGAAAAGCACACCC-1_2",0.111031157907224,0.121811229601486
"ACAGAAACATCGGAAG-1_2",0.154883052618515,0.24305855928881
"ACAGAAAGTCCAAAGG-1_2",0.0186151293843742,0.20313906776754
"ACAGAAATCCTAAACG-1_2",0.0625406878461487,0.164845586159012
"ACAGAAATCCTTTAGT-1_2",0.170447182556144,0.239016573207032
"ACAGCCGAGGATACAT-1_2",0.184532620118574,0.230142921877575
"ACAGGGACAGGCTTGC-1_2",0.177995994586964,0.277150305644968
"ACAGGGATCATCACTT-1_2",0.194792291987005,0.219960076614431
"ACAGGGATCCATTCAT-1_2",0.12749919220536,0.199341734723624
"ACATCGATCGTGCGAC-1_2",0.162703390293403,0.262317130449714
"ACATGCAAGAAAGCGA-1_2",0.151833639745593,0.217511839432073
"ACATGCAAGCGACTTT-1_2",0.187332500455088,0.267106552253875
"ACATGCATCTCGTTTA-1_2",0.171120018815597,0.255441153736766
"ACATTTCGTAGATCCT-1_2",0.157365615348549,0.264527276113677
"ACCAAACAGGGCTTCC-1_2",0.0228749045568326,0.180595206898158
"ACCAACAGTGGTCCGT-1_2",0.159292411232881,0.233812477467807
"ACCAACATCCGTGGTG-1_2",0.214432000396812,0.25703075998327
"ACCAACATCGCCTATC-1_2",0.158569228688705,0.22028815941821
"ACCACAAGTCGAGTGA-1_2",0.178483283423447,0.293198243757564
"ACCACAATCCACGTAA-1_2",0.0306913970100378,0.177194091892039
"ACCATTTAGGGCCCTT-1_2",0.175413462662886,0.299931991126533
"ACCATTTAGTTGTAGA-1_2",0.181913409993825,0.25085319688463
"ACCATTTCAACGTTAC-1_2",0.183400989205879,0.285024034454728
"ACCATTTCAGTCAACT-1_2",0.169846183398261,0.24650640965692
"ACCCAAACAACGAGGT-1_2",0.182014223490878,0.274699321743437
"ACCCAAACATAATGAG-1_2",0.0197267242596602,0.196041374391907
"ACCCAAATCGTTAGAC-1_2",0.159111227658733,0.240659022083573
"ACCCTCAAGAACCCGA-1_2",0.207273522571994,0.23121783014456
"ACCCTCATCGCTTGCT-1_2",0.182209974226601,0.245499650280059
"ACCGTTCCAATTTCTC-1_2",0.063828637066216,0.161461920383305
"ACCTACCGTGGACTGA-1_2",0.172548363083724,0.221143003641943
"ACCTGAAAGTGCTAGG-1_2",0.181066207487924,0.297045902674607
"ACCTGAACAAGTACCT-1_2",0.164426137346633,0.264027780101021
"ACCTGAATCAGTCTTT-1_2",0.169242264992732,0.184426888678431
"ACCTGTCCATGGGTCC-1_2",0.172332019324835,0.235747457285451
"ACCTGTCTCCTCTGCA-1_2",0.179407072350569,0.262779341311316
"ACGATCAGTTTCGTTT-1_2",0.164166085727085,0.280305874769543
"ACGATGTAGTGAGTTA-1_2",0.220297246447621,0.254535033564193
"ACGCACGAGACAACAT-1_2",0.171234257847743,0.22550176825122
"ACGCACGCAGTCACGC-1_2",0.0324599897231413,0.165849807017467
"ACGGGTCAGAACGCGT-1_2",0.114632560444334,0.181547361789065
"ACGGGTCGTCCGAAAG-1_2",0.094663559520332,0.14426975194301
"ACGGTCGAGAAACTCA-1_2",0.0634854451420369,0.162448949250397
"ACGGTCGCAAGTACCT-1_2",-0.0355059195334773,-0.0531307695417015
"ACGGTCGTCACTTGGA-1_2",0.21116077589592,0.269142284374076
"ACGGTCGTCGGAACTT-1_2",0.156964440741552,0.186965258376086
"ACGGTTAGTGGACTAG-1_2",0.170073930994851,0.236118550427936
"ACGGTTATCGCTCTCA-1_2",0.188366144054732,0.24449532149977
"ACGTAACGTAACGCGA-1_2",0.0194599571930799,0.205196759782682
"ACGTACACAGGTCCGT-1_2",0.164273463279162,0.219051504231084
"ACGTACAGTCGGATTT-1_2",0.169866795949498,0.284679658118676
"ACGTAGTAGAGCAGAA-1_2",0.169160894374535,0.266702003504317
"ACGTCCTGTGCACGCT-1_2",0.166759304441792,0.230385963284039
"ACGTCCTTCTTTCAGT-1_2",0.170677403448705,0.230480998926177
"ACGTTCCAGTTCACTG-1_2",0.0988485685784187,0.161153441521
"ACTATGGAGTATTGCC-1_2",0.152540472055933,0.233586764504407
"ACTATGGGTGCAATAA-1_2",0.198413591564716,0.274129261654074
"ACTATTCAGGGAACAA-1_2",0.0243580275305813,0.196962331790631
"ACTATTCAGTATGTAG-1_2",0.161726610573569,0.266769880387001
"ACTATTCCAGGTTACT-1_2",0.1698286020069,0.236846885359763
"ACTCCCACAATCACGT-1_2",0.175399146804571,0.251518000673525
"ACTCCCAGTGTCTCCT-1_2",0.163089592518903,0.241097894384194
"ACTCTCGAGCACTCTA-1_2",0.15345301460537,0.245908821097304
"ACTCTCGCATCCGATA-1_2",0.156256356180986,0.223301601300743
"ACTCTCGGTGCAACAG-1_2",0.157965646864568,0.217436631731689
"ACTCTCGTCGTTGCCT-1_2",0.159835821180234,0.223731812680311
"ACTGCAAAGGACAGCT-1_2",0.161296927258562,0.230470613478238
"ACTGTCCAGTGGGAAA-1_2",0.177723570085887,0.300432883056659
"ACTGTCCCAAGCGATG-1_2",0.181892676413971,0.243843078880055
"ACTGTCCGTGCACGCT-1_2",0.180273028407734,0.295372858714127
"ACTGTCCTCCGGTAGC-1_2",0.157607853272819,0.229323461533891
"ACTGTCCTCTGAGGCC-1_2",0.140670338041865,0.233449353002028
"ACTGTGACACCCATAA-1_2",0.179187258330848,0.260893749934145
"ACTTATCCAGATACCT-1_2",0.189266237051797,0.2544702167235
"ACTTATCGTGTCCATA-1_2",0.188280038355425,0.28789337586059
"ACTTCCGAGTTGTCGT-1_2",0.147733255819635,0.205677344120247
"ACTTCCGCATGACTTG-1_2",0.162045159793863,0.223503441287394
"ACTTCCGCATGAGAAT-1_2",0.150320245507139,0.165104023194847
"ACTTCCGGTCCTCCAT-1_2",0.199163572033278,0.252203725568955
"ACTTCGCCAGCCTTCT-1_2",0.111063829871163,0.117286940440868
"ACTTTGTCAAATTGCC-1_2",0.152912032428012,0.26141549305341
"ACTTTGTCACACGGTC-1_2",0.220560085464778,0.261069640724911
"AGAAATGGTTCTCCTG-1_2",-0.182667311734963,0.0516954271048908
"AGAAATGTCAAGCCGC-1_2",0.0780319717620573,0.11199905478288
"AGAAATGTCGTCGACG-1_2",0.0579209125635319,0.0986933224708481
"AGAACAACATCGGAGA-1_2",0.0862875406258011,0.206088662226592
"AGAACCTAGGAACGAA-1_2",0.137889487074611,0.187952275586344
"AGAACCTAGTACTCGT-1_2",0.160337557619445,0.23733195157961
"AGAACCTCAGCAATTC-1_2",0.101153628624809,0.165343839384375
"AGAACCTGTGAGCAGT-1_2",-0.0142009700545913,0.0842176697935121
"AGAAGCGAGCACCTGC-1_2",0.0623853941094279,0.165798666669938
"AGAAGTAGTATAATGG-1_2",0.197395587172176,0.252361881924998
"AGACAAAAGTAGTCAA-1_2",0.187709412685506,0.305498584114609
"AGACAAACATATGGCT-1_2",0.219388405836515,0.251565568235997
"AGACACTAGCTAGTTC-1_2",0.15689147040147,0.236674166900028
"AGACACTCAAGGGCAT-1_2",0.0162249509209164,0.186205184198394
"AGACCATAGACTTCAC-1_2",-0.0138827324194381,0.0700358665985711
"AGACCCGCAACCAACT-1_2",0.214480760102785,0.241603455521092
"AGACCCGTCAAGAAAC-1_2",0.197119912180007,0.224878382026633
"AGACCCGTCAATCCGA-1_2",0.0490325694011901,0.0216517535946464
"AGACTCACAAGCACAG-1_2",0.149370832762275,-0.0818053890828181
"AGACTCACACGCTGCA-1_2",0.184785786196729,0.302327070977028
"AGAGAATAGAATTGTG-1_2",0.215301020107682,0.250608811620255
"AGAGAATAGATACATG-1_2",0.17722289793609,0.285173598086655
"AGAGAATAGGACAGCT-1_2",0.0975054437944678,0.154040244518865
"AGAGAATTCTCCTGTG-1_2",0.0271127255535638,0.20106498905069
"AGAGAGCAGCGACATG-1_2",0.178940880569723,0.263468158789562
"AGAGAGCTCAAGGCTT-1_2",0.154521981471229,0.240910947082657
"AGAGCAGAGCTAAACA-1_2",0.198196960891427,0.262941338190944
"AGAGCAGTCGCTAATG-1_2",0.226139381631493,0.25932190599762
"AGAGCCCAGTCATGAA-1_2",0.169587041442245,0.242616827346296
"AGAGCCCAGTTGGCTT-1_2",0.169080575363236,0.239531325118479
"AGATAGAAGGCAATGC-1_2",0.0228268274143479,0.163179379977951
"AGATCCACATGATGCT-1_2",0.205541354091765,0.252979898960707
"AGATCCACATTCCTCG-1_2",0.200112681631336,0.280858580407708
"AGATCCAGTCAACCTA-1_2",0.190641349861255,0.280502921697921
"AGATCGTAGCATTTCG-1_2",0.203159594743748,0.233264829409146
"AGATGAAGTTCTTGCC-1_2",0.0458979166951552,0.18738841829518
"AGCATCAGTACTCCCT-1_2",-0.0509670762729327,-0.0540285638803492
"AGCATCAGTGAGTCAG-1_2",0.205028685518153,0.226344381630863
"AGCATCATCGGCATCG-1_2",0.169219900247476,0.281336479132365
"AGCCAATAGGGTTAAT-1_2",0.164712403699154,0.232709156522357
"AGCCAATGTACGCTTA-1_2",0.0569403149215598,0.120992184600651
"AGCCAATGTGTTCGTA-1_2",0.16791068141562,0.226705451886352
"AGCCACGCAGATGCGA-1_2",0.165372796011606,0.224309521004905
"AGCCACGCATTCACCC-1_2",0.19985206473412,0.276049341079714
"AGCCAGCCACAGTCAT-1_2",0.158578938157157,0.235369751578851
"AGCCAGCGTGGATTTC-1_2",0.0438285816711765,0.204734939667021
"AGCGATTAGCGGATCA-1_2",0.181640671786598,0.271097245355101
"AGCGATTCAGGGAGAG-1_2",0.19915913354137,0.296341510304365
"AGCGATTGTAGTGCGA-1_2",0.0285492643544301,0.191258143634005
"AGCGCCACACAACGTT-1_2",0.0346827293531228,0.174596346386413
"AGCGTATCATCCGCGA-1_2",0.0611040416338972,0.112056596923096
"AGCGTATGTGTCGATT-1_2",0.186775859905745,0.233117276387613
"AGCTCAACACTGGATT-1_2",0.156828574243327,0.203532742213367
"AGCTCAAGTCCGCAGT-1_2",0.18404556008859,0.29722810503562
"AGCTCAATCTGTCCGT-1_2",0.044806485213583,0.186923266310497
"AGCTTCCAGCTGTTAC-1_2",0.108912285922492,0.168935802321716
"AGCTTCCGTCGAGTTT-1_2",0.184574701362639,0.283300653227037
"AGCTTCCGTTTCCAAG-1_2",0.165726322361724,0.24148646779571
"AGCTTCCTCAGATGCT-1_2",0.156318699007262,0.228370089539272
"AGGAAATTCACGAACT-1_2",0.180533705258903,0.253646508234296
"AGGAATAAGCCTGGAA-1_2",0.152082422059395,0.24764884576831
"AGGAATAGTGACGCCT-1_2",0.226458170605525,0.262625608331378
"AGGACGACATGGAATA-1_2",0.190465579978625,0.218590268890479
"AGGACTTGTTGTCCCT-1_2",0.163923146623531,0.26875290494065
"AGGAGGTCACCTTCGT-1_2",0.204828083025188,0.272096842069707
"AGGAGGTGTAGTCTTG-1_2",0.174476170985672,0.260291311267628
"AGGAGGTGTCACTGAT-1_2",0.172454034799878,0.251526534860525
"AGGAGGTTCTGCTTAT-1_2",0.154036213684043,0.232692205075173
"AGGATCTAGCTGAAGC-1_2",0.180884481157539,0.293169831463435
"AGGCATTAGGAAGTGA-1_2",0.174176690276606,0.224700922649426
"AGGCATTAGGGTCACA-1_2",0.199370643347873,0.221288822156821
"AGGCATTAGTTAGTGA-1_2",0.175177332068931,0.290513653041763
"AGGCATTGTCGTTTCC-1_2",0.159681707163934,0.211107508458831
"AGGCCACAGGACTATA-1_2",0.193744912497833,0.267643841345577
"AGGCCACTCGTAGCTA-1_2",0.166464443137156,0.244939784210372
"AGGCTGCAGCGGACAT-1_2",0.190106656262399,0.278247298805638
"AGGCTGCGTAGTCTTG-1_2",0.193149871193599,0.27312047362197
"AGGGAGTGTAATACCC-1_2",0.153076753846102,0.19875859872581
"AGGGCCTAGGGCCCTT-1_2",0.172480013179659,0.233419975047004
"AGGGCCTTCGGCATAT-1_2",0.0173264710011659,0.20108988970349
"AGGGCTCAGCGTGTCC-1_2",0.157277043162432,0.234451439793396
"AGGGCTCCAACGACTT-1_2",0.197346442586808,0.218500276106244
"AGGGTCCTCGCTGATA-1_2",0.0567256238552635,0.117282215887599
"AGGGTCCTCTACTCAT-1_2",0.221758078522445,0.249307324418333
"AGGGTTTAGATAACGT-1_2",0.108477381937715,0.0887417276815162
"AGGGTTTCATTAGGCT-1_2",0.188631268163891,0.233210852411975
"AGGTAGGCAGAGGAAA-1_2",0.152934090341592,0.203002330132028
"AGGTCTAAGTAACCGG-1_2",0.165794322414658,0.234386345998321
"AGGTCTACACGTCATA-1_2",0.198438911048278,0.221046480105597
"AGGTCTAGTGTCCGTG-1_2",0.162198906023061,0.241874046103598
"AGGTTACAGCGTATGG-1_2",0.161728517261906,0.275903906522495
"AGGTTACAGGAACATT-1_2",0.189828869444525,0.243746170883889
"AGGTTGTAGCAATAAC-1_2",0.153721710354182,0.223412890139694
"AGTAACCGTTATTCTC-1_2",0.186045584653255,0.210519396740836
"AGTAACCTCTAAGCGT-1_2",0.151009037596337,0.245619481255479
"AGTACCAAGGGTCAAC-1_2",0.146992104515445,0.218712365530992
"AGTACCAGTTCCGGTG-1_2",0.183634723774035,0.236267547958928
"AGTACTGAGCTATCTG-1_2",-0.122760667712102,0.0278438706203219
"AGTACTGCAGGTCCCA-1_2",0.172123264714749,0.244879172688791
"AGTACTGGTTGCATCA-1_2",0.0184558225462731,0.200529980479827
"AGTAGTCAGGACTTCT-1_2",0.183125834426294,0.304802405094552
"AGTAGTCCAAGGCGTA-1_2",0.152390030954,0.255419041153275
"AGTAGTCCACGGTCTG-1_2",0.209550684642887,0.277953414076089
"AGTCAACGTACGCGTC-1_2",0.197816135635967,0.294251009867529
"AGTCAACGTTCATCGA-1_2",0.154025920796388,0.217415118278282
"AGTCACACAGTCACGC-1_2",0.167782674709144,0.275076506144899
"AGTCACAGTCGAGTGA-1_2",0.184046762415207,0.21936548685431
"AGTCACAGTCGGCACT-1_2",0.174054450738006,0.271895138143013
"AGTCACATCACGTCCT-1_2",0.197626927684624,0.245317512088475
"AGTCATGAGAAAGCGA-1_2",0.17539143426556,0.284190751342908
"AGTCATGAGAGGGTCT-1_2",0.179623513466722,0.21503535888885
"AGTCATGCACGCGGTT-1_2",0.0672050077946372,0.0721429147307544
"AGTCATGCACTTGGGC-1_2",0.188529622545276,0.299697072976133
"AGTCATGCATGTCGTA-1_2",0.174514947407261,0.253510555133424
"AGTCTCCAGCTAGAGC-1_2",0.177853951571964,0.298672746394143
"AGTCTCCTCTACCACC-1_2",0.193293650054945,0.242021637653995
"AGTGACTCAAGACTGG-1_2",0.174954375951458,0.208462237242486
"AGTGATCCAATGCAAA-1_2",0.205188501590947,0.228436248738797
"AGTGATCTCCTCAGGG-1_2",0.222359938404208,0.252396343281436
"AGTGCCGTCTCGAACA-1_2",0.173740094101644,0.228749247850333
"AGTGTTGAGTAGGAAG-1_2",0.0203727771143045,0.202440037288453
"AGTGTTGGTGGTTTAC-1_2",0.178171618890172,0.242602671635046
"AGTTCCCCACTTGTGA-1_2",0.163841829992391,0.221885780985041
"AGTTCGAAGTCCCAAT-1_2",0.206058602410934,0.244539974157203
"AGTTCGAAGTGTACCT-1_2",0.166478449668821,0.246458626011922
"AGTTCGACAAGATGTA-1_2",0.0204431269566741,0.204244181215791
"AGTTCGAGTACAACGG-1_2",0.152235017521824,0.245453909938097
"ATACCGAAGGAGTATT-1_2",0.177831971571584,0.230784902586786
"ATACCTTTCGTAGGAG-1_2",0.163034240811717,0.239206324658553
"ATACTTCCATGTTACG-1_2",0.123978386065336,0.213078517448891
"ATACTTCGTCCGGTGT-1_2",-0.140076282162616,0.017339975964528
"ATAGAGAGTTCCGGTG-1_2",0.173874570156906,0.293639251826472
"ATAGGCTGTTGGACTT-1_2",0.179247364403334,0.300489103332215
"ATAGGCTTCCTTCTAA-1_2",-0.0281189411628869,0.141212634417457
"ATATCCTCATTGAGGG-1_2",0.181623534232079,0.229297747272054
"ATATCCTGTATTTCCT-1_2",0.214675066824406,0.242987102234829
"ATCACAGAGGTATTGA-1_2",0.172538542723887,0.224923220751456
"ATCACTTGTGCCTAAT-1_2",0.187804936742301,0.279910956010736
"ATCACTTTCTAGGCCG-1_2",0.225624868462714,0.256176093993406
"ATCAGGTTCCGCGATG-1_2",0.20667258780733,0.232895962341477
"ATCAGGTTCGAACGCC-1_2",0.198182918019403,0.292201505120882
"ATCCACCCACAAATGA-1_2",0.209980070476339,0.256103659403944
"ATCCACCGTCGAACAG-1_2",0.179348854186045,0.231665743491618
"ATCCACCTCTGGACTA-1_2",0.20807482312179,0.236844485921001
"ATCCATTAGGTAGATT-1_2",0.160338169239962,0.232106061657245
"ATCCGTCTCGTGCGAC-1_2",0.16315371393816,0.246198783378682
"ATCCGTCTCTATCGGA-1_2",0.20045461055299,0.237638634356297
"ATCCTATAGCGAACTG-1_2",0.176688658950312,0.247642046018574
"ATCCTATAGTGCCCGT-1_2",0.173703729075123,0.218105845568376
"ATCGATGAGGATGCGT-1_2",0.196317085672023,0.288491792538449
"ATCGATGGTACCCACG-1_2",0.178573422596344,0.243890218981254
"ATCGATGTCAGCTGAT-1_2",0.165297760962536,0.268556246570859
"ATCGGATTCCATGAGT-1_2",0.186488467000222,0.253754188372558
"ATCGGCGTCTAGTTCT-1_2",0.222888595887909,0.260346803318323
"ATCGTAGAGCGTTCCG-1_2",0.194469978405478,0.277125301462107
"ATCGTCCAGTTGGACG-1_2",0.0689209657231456,0.1338637603175
"ATCGTGAAGACGCAGT-1_2",0.193841336402387,0.298057975936108
"ATCGTGATCATGGCCG-1_2",0.0629022440751638,0.164455343135514
"ATCTCTAGTTGCTAGT-1_2",0.196698866084241,0.299146713492201
"ATCTTCAAGAACTGAT-1_2",0.155005223828224,0.245626203833242
"ATGAAAGTCACAAGAA-1_2",0.0960812725422472,0.0906606251249887
"ATGACCAGTTGGGTTT-1_2",0.185478000788838,0.303471533831814
"ATGACCAGTTTAAGGA-1_2",0.153494662039416,0.255477852623958
"ATGAGTCGTCGTGCCA-1_2",0.161157010317605,0.263235355863748
"ATGAGTCGTTAGGCTT-1_2",0.175616071900151,0.221617711586082
"ATGAGTCTCGGCTGTG-1_2",0.0734437530562754,0.200232327818564
"ATGATCGCACCGGCTA-1_2",0.1713996544267,0.29030329378484
"ATGCCTCAGCGAAACC-1_2",0.184495232033296,0.235202171631656
"ATGCCTCAGGCGCTCT-1_2",0.184931494919171,0.303055472267635
"ATGCCTCCAATTCTCT-1_2",0.0442223336529291,0.117585027738069
"ATGCCTCCATCTTTCA-1_2",0.205025573846539,0.236737627654186
"ATGCCTCGTGTTAAAG-1_2",-0.0351390407847142,0.0648182416380513
"ATGCGATGTTCGGCTG-1_2",0.179181287808879,0.295994079638516
"ATGGGAGAGGTTAGTA-1_2",0.165235401166539,0.239422008081734
"ATGGGAGGTGGGACAT-1_2",0.191823549358577,0.302963188733486
"ATGGGTTAGCATGAAT-1_2",0.174893425567459,0.242455825023598
"ATGGGTTCATAGAATG-1_2",0.177399264227204,0.274682468805715
"ATGTCCCGTAGTATAG-1_2",0.208041864039597,0.229410657548548
"ATGTCTTCACTCAGAT-1_2",0.175339486696487,0.243954691278591
"ATTACCTAGGCGCTCT-1_2",0.174918823818071,0.293364027536711
"ATTACCTTCAAAGGAT-1_2",0.181144266152532,0.297719212116308
"ATTACTCCACCTGAAT-1_2",0.0242031013983198,0.203305423596495
"ATTATCCAGAGGGCGA-1_2",0.163702833435887,0.235653846077613
"ATTATCCAGCCGGATA-1_2",0.165035023104542,0.246621776455611
"ATTATCCGTCCGAAGA-1_2",0.158801952509279,0.260174144518364
"ATTCACTCACCCTAGG-1_2",0.185948746469749,0.251823103180431
"ATTCAGGAGACCACGA-1_2",0.0336309579778464,0.169035101447663
"ATTCAGGAGATACGAT-1_2",0.162009256762781,0.236669296557649
"ATTCAGGAGGGACCAT-1_2",0.0195332687029113,0.200734979459831
"ATTCAGGTCCTCTCTT-1_2",0.184037185328273,0.237412056791164
"ATTCCATGTTCTTCAT-1_2",0.153784442987324,0.2592733154128
"ATTCCATTCGGCCAAC-1_2",0.170023386264861,0.270923065641854
"ATTCCCGAGACAACAT-1_2",0.198806419879024,0.252786163195966
"ATTCCCGGTAGAATGT-1_2",0.161012851156719,0.251005909237017
"ATTCCCGTCAGTCCGG-1_2",0.209827552117755,0.245120520836919
"ATTCCCGTCTGCATAG-1_2",0.16477273231162,0.234107104471684
"ATTCCTATCTGCCCTA-1_2",0.162353631407152,0.242906033881543
"ATTCGTTAGACAACAT-1_2",0.159298597442609,0.219869594082007
"ATTCGTTCAAGTGGGT-1_2",0.114638822195109,0.163400577768074
"ATTCTACCAGACAATA-1_2",0.157579705437612,0.266169620631853
"ATTCTACTCTTAATCC-1_2",0.155244541854946,0.250755156984884
"ATTCTTGCAGGTGTGA-1_2",0.150008782952436,0.226363727812487
"ATTGGGTAGCTTACGT-1_2",0.172089715838224,0.199751410365701
"ATTGGGTAGGGCTGAT-1_2",0.172878265375979,0.223010351534473
"ATTGGGTGTACAGAGC-1_2",0.218369419793125,0.246629099358056
"ATTGGGTTCGGTGTTA-1_2",0.167245673199781,0.24200532739852
"ATTGTTCAGCTCAGAG-1_2",0.166801811157638,0.23439304704273
"ATTGTTCCATCCTGTC-1_2",0.202258544226459,0.236061959257605
"ATTTACCAGTGTAGTA-1_2",0.181810501389912,0.281271265637276
"ATTTACCGTCCACTTC-1_2",0.104102576904926,0.220122810173158
"ATTTCACAGCGATGGT-1_2",0.147231701855137,0.226900259239054
"ATTTCACCATACCAGT-1_2",0.111618819566961,0.166604819288399
"ATTTCACCATCGTTCC-1_2",0.197838693157327,0.295945217170198
"CAAAGAAGTCGTTCAA-1_2",0.181995401700553,0.237513457669025
"CAACCAAAGTCCTGCG-1_2",0.0624932818185919,0.166207589528646
"CAACCAATCCAACTAG-1_2",0.160007893688228,0.20746051344684
"CAACCTCAGTCATGAA-1_2",0.191089203005474,0.289252443874448
"CAAGACTAGGATCACG-1_2",0.216443032140832,0.239851149874158
"CAAGACTAGGATCATA-1_2",0.191620341083932,0.243411754671571
"CAAGAGGAGGACACTG-1_2",0.165787443022984,0.281256300087234
"CAAGAGGCAGTCTTCC-1_2",-0.411328974342194,0.0617420115135701
"CAAGCTAGTCTACAGT-1_2",0.152650219546673,0.244145182419554
"CAATACGGTGGGCTCT-1_2",0.184164407268507,0.228432291363933
"CAATACGGTTGGGTTT-1_2",0.158216873910001,0.23001095373431
"CAATCGACAGAGACTG-1_2",0.195711727418655,0.247484776590282
"CAATCGACATAGCACT-1_2",0.154827834773614,0.207891995535545
"CAATCGAGTCGTACTA-1_2",0.162940086070864,0.263539707326833
"CAATCGAGTGTGTCGC-1_2",0.16707013897154,0.216543181000091
"CAATGACAGTTAGAAC-1_2",0.0635979451950016,0.161959782697354
"CAATGACCAACACGTT-1_2",0.177503083169104,0.241160397703082
"CAATGACGTTCCGCTT-1_2",0.163845350364074,0.195430816729538
"CAATTTCAGAAGTCCG-1_2",0.162885582736698,0.246096758935262
"CAATTTCAGTCGCCAC-1_2",0.187257450882785,0.218703729407202
"CAATTTCGTCGTGTTA-1_2",0.192763033250113,0.214239489900253
"CAATTTCTCATCGACA-1_2",0.1397546382834,-0.0417054617773889
"CACACAAAGCTGCCAC-1_2",0.190354900693126,0.303544636856011
"CACACAACAGCTGGTC-1_2",0.0272479041925026,0.200344133021534
"CACACAAGTGGATCGA-1_2",0.162192845204492,0.238185250900623
"CACAGGCAGCCAGAGT-1_2",0.107915024606877,0.104306256709583
"CACAGGCCACCTATCC-1_2",0.216515773519184,0.244021542419663
"CACATGATCGCAAGAG-1_2",0.175269481728365,0.237267516948506
"CACCGTTGTGCAACGA-1_2",0.17814662579735,0.20170071651377
"CACGAATAGGTTCATC-1_2",0.143634892511767,0.177789339650449
"CACGAATCAAAGACGC-1_2",0.175482163876787,0.250768524308877
"CACGAATCATCTAACG-1_2",0.172919131881198,0.186490390683596
"CACGTGGAGTAGCCAG-1_2",0.186181122090794,0.20956386541323
"CACGTGGTCGAGAACG-1_2",0.169996399221585,0.25280415012312
"CACTAAGTCGCAGTCG-1_2",0.160444828366703,0.230040553274883
"CACTGAAAGAGCGACT-1_2",0.113069976547139,0.176081804575837
"CACTGAAGTCACGTGC-1_2",-0.096644080140655,0.0162258473345836
"CACTGGGAGATCCTAC-1_2",0.188938622590281,0.247087477014691
"CACTGGGGTAACGGTG-1_2",0.185706380741918,0.283718553692252
"CACTGGGTCTGAGCAT-1_2",0.127345525189993,0.212648916617823
"CACTTCGTCGTCCTCA-1_2",0.197781474087773,0.263154902695892
"CAGAGCCAGAGTACCG-1_2",0.0718956690095822,0.0643679951449042
"CAGAGCCCATTAGGCT-1_2",0.190840891340147,0.259019423349183
"CAGAGCCTCAACTGAC-1_2",0.161360168009756,0.220917322214816
"CAGATACTCACCGACG-1_2",0.164989505922001,0.266240104804074
"CAGATCAAGTAGATCA-1_2",0.173221500416396,0.266883121463261
"CAGATTGCACGTTCGG-1_2",0.0192238218442273,0.199380589782688
"CAGCAATCATTAGGCT-1_2",-0.186356232409319,0.0215957116008576
"CAGCAATGTAGGCTGA-1_2",0.164575353934873,0.204556309598116
"CAGCAGCTCTCATTGT-1_2",0.157650215174662,0.232514045724191
"CAGCCAGGTTGCATTG-1_2",0.1908655456395,0.220038840844522
"CAGCGTGAGAGGACTC-1_2",0.164092154958373,0.27605022806467
"CAGCGTGCACCCTGTT-1_2",0.219164862074468,0.244482927714496
"CAGCGTGTCGTGGTAT-1_2",0.0448341328874025,0.187448734377794
"CAGGCCAGTAACGCGA-1_2",0.155524220888071,0.230854968017093
"CAGGGCTGTTGGAGAC-1_2",0.154643077900763,0.21907542544012
"CAGTTAGCAGTTGGTT-1_2",0.140400799422052,0.184546209649307
"CAGTTAGTCCCGATCT-1_2",0.165039040156848,0.280498414871615
"CATAAGCAGGACGCTA-1_2",0.191623387119236,0.245595783248781
"CATACCCGTTAAAGTG-1_2",0.20380447575449,0.23762295409366
"CATACTTAGTAGTCCT-1_2",0.158375837832471,0.241040703473205
"CATAGACAGAAGCGCT-1_2",0.155898085587244,0.233150565026407
"CATAGACTCGGTAGGA-1_2",0.158055945740639,0.213898610908506
"CATCAAGAGAGTCGAC-1_2",0.148766244127397,0.220597615672806
"CATCAAGGTCGCTCGA-1_2",0.157690764621616,0.204461011810885
"CATCAAGTCTGAATGC-1_2",0.164920835894057,0.21728358374529
"CATCCACAGTGCAGGT-1_2",0.157970029633379,0.213130576621699
"CATCCCATCCAACCGG-1_2",0.1668358438965,0.200282383879163
"CATCCGTCACGTACTA-1_2",0.182126183458109,0.219512853063521
"CATCCGTCATACCAGT-1_2",0.174582953646891,0.292838155206095
"CATCGCTAGCAGCACA-1_2",0.123765538700953,0.200877024522361
"CATCGCTAGTGATGGC-1_2",0.201528927968833,0.228977220972774
"CATCGCTGTTGAGAGC-1_2",0.222381954277861,0.24555988704654
"CATCGCTTCTCCCATG-1_2",0.157081682635448,0.239178790996315
"CATCGGGCATCTGCGG-1_2",-0.0418495431374768,0.136016537539851
"CATCGGGGTTTGTTGG-1_2",0.0035001034627678,-0.0562343167367334
"CATCGGGTCTGGAAGG-1_2",0.0536592124933484,0.10166765633963
"CATCGTCCAAGCGGAT-1_2",0.115698862334308,0.176805361252357
"CATGAGTCATTCCTAT-1_2",0.0245224669213841,0.174090760666364
"CATGAGTGTCAACCAT-1_2",0.152552195137424,0.229124018323649
"CATGCAAGTTCGTGCG-1_2",-0.0285112807844571,0.0761517815300009
"CATGCCTCAAATACGA-1_2",0.185189389919261,0.236253116108608
"CATGCCTGTACTCAAC-1_2",0.15060324388016,0.24536064933906
"CATGCCTTCGGTCAGC-1_2",0.0546758025382776,0.0976306499196255
"CATGCGGAGAATCCCT-1_2",0.187008075513393,0.263285340980275
"CATGCGGAGATGAACT-1_2",0.165990946910842,0.250564095677223
"CATGCGGCACGGTAGA-1_2",0.160391139645908,0.216806938731524
"CATGCTCCAGGTTTAC-1_2",0.22025319015019,0.246635304793675
"CATGCTCTCACAGTGT-1_2",0.174830970921732,0.21735157605549
"CATGGATGTTGCGGAA-1_2",0.194652683976305,0.267244260994196
"CATGGATTCAGTGTTG-1_2",0.0661142857880443,0.157292406277786
"CATGGTAAGATGTAGT-1_2",0.154899191841727,0.244682405948932
"CATGGTAAGTATAGAC-1_2",0.177876740051089,0.243654199633943
"CATGGTACATTCTGTT-1_2",0.184430428123581,0.247111486825054
"CATGGTAGTCATACCA-1_2",0.154952397014534,0.243662212428711
"CATTCCGCATGCAGGA-1_2",0.0277710573482121,0.204716534412916
"CATTCTAAGCTTAAGA-1_2",0.168194888092676,0.23793861135505
"CATTCTACATTCCTAT-1_2",0.0457599596340285,0.185775125450995
"CATTCTAGTCTTACAG-1_2",0.164537411437967,0.253964528950985
"CATTGAGAGGCGATAC-1_2",0.0406778440610713,0.109476702645601
"CATTGAGTCACCCATC-1_2",0.156321672186215,0.231374711718013
"CATTGAGTCGTCAAAC-1_2",0.175341054085727,0.238368835067287
"CATTGCCGTCGCGGTT-1_2",0.178255118583171,0.239452270430329
"CATTGTTGTCTGTGAT-1_2",0.19110910834902,0.276709761822792
"CATTGTTGTGCTGCAC-1_2",0.0140634449872205,0.18454181215871
"CATTTCAAGCAGTCTT-1_2",0.162737197748921,0.244515171674655
"CATTTCAGTGAGTTGG-1_2",0.188114635449921,0.219802093593971
"CATTTCAGTGCTCGTG-1_2",0.153755577483345,0.257205235859251
"CATTTCATCAATCCAG-1_2",0.0620365114071283,0.12601402576951
"CATTTCATCTCCGAGG-1_2",0.197043569025409,0.293656678021008
"CCAAGCGGTCATCTAG-1_2",0.179290772685672,0.240146492714617
"CCAAGCGTCGCACTCT-1_2",0.024334388423978,0.189715953799907
"CCAATGAAGTATAGGT-1_2",0.186854089664119,0.230171907970403
"CCAATGAAGTGTTCCA-1_2",0.154843455481627,0.25812282946657
"CCAATGACAACAAAGT-1_2",0.15495127229652,0.256018041132089
"CCAATGACACGGCGTT-1_2",0.180881002059432,0.279433934364416
"CCACAAAGTAGGACTG-1_2",0.201564753393158,0.230395640102004
"CCACAAAGTCCTGAAT-1_2",0.0596838382682156,0.205045201410752
"CCACCATCAGCACACC-1_2",0.177875185569273,0.266361397732473
"CCACGAGCAGACGATG-1_2",0.0661802039185774,0.152545415276317
"CCACGAGCATCATCCC-1_2",0.185088018227468,0.296771197120846
"CCACGTTAGCAAGCCA-1_2",0.187288250953549,0.25334558091416
"CCACGTTTCCACACCT-1_2",0.167328521422088,0.277584153115519
"CCACTTGAGTAAAGCT-1_2",0.17485816181491,0.249261096392262
"CCATAAGAGCCTAGGA-1_2",0.0676055239689086,0.201745723385733
"CCCAACTAGACCAGAC-1_2",0.175243967270233,0.293168758096711
"CCCAACTTCGTGTCAA-1_2",0.0456761757161626,0.119747194393347
"CCCGAAGAGCTTCTAG-1_2",0.193883920992378,0.294421600219948
"CCCGAAGAGGTTCACT-1_2",0.179067901311211,0.237371121430442
"CCCTAACAGAATCGAT-1_2",0.182276966554955,0.244485126995226
"CCCTAACAGCGTCAAG-1_2",-0.0196871211521139,-0.0974290067213449
"CCCTAACGTTGGTACT-1_2",0.171420985149139,0.212879191815096
"CCCTAACTCTAATTCC-1_2",0.179680457854647,0.292083620249588
"CCCTCTCAGTCTACCA-1_2",0.152799555204285,0.24813210454187
"CCCTGATGTCAACATC-1_2",0.0123081898872749,0.18195953056219
"CCGAACGGTTGTCTAG-1_2",0.189548287012989,0.250615087723286
"CCGAACGTCACCATGA-1_2",0.180266298889313,0.29971086257033
"CCGATCTAGCCATTGT-1_2",0.0230129519992113,0.200153781125377
"CCGATGGGTCCAGTTA-1_2",0.169564106153075,0.287624121312792
"CCGCAAGAGTCACAGG-1_2",0.209112814195015,0.25457676667065
"CCGCAAGCACCCTGTT-1_2",0.186521655560526,0.280267150155418
"CCGGACACACATGACT-1_2",0.180087785692061,0.234377057935341
"CCGGACACATGAATAG-1_2",0.205093129801951,0.240469237902849
"CCGGGTACAAATCAGA-1_2",0.217526932838401,0.251701341970556
"CCGGGTAGTTGACTAC-1_2",0.17978895684425,0.248979234532555
"CCGGTAGGTACTTGTG-1_2",0.155617449991443,0.236467743711007
"CCGGTAGGTCAAGCCC-1_2",0.104722357937681,0.210683301745787
"CCGGTAGTCAACTGGT-1_2",0.167445991299529,0.240654767001887
"CCGGTGAGTACTCGCG-1_2",0.0778952099396349,0.131845568815911
"CCGGTGAGTTTCGGCG-1_2",0.15381084966112,0.227280428758581
"CCGTAGGAGTAGCAAT-1_2",0.0367760415008956,0.0900792292107161
"CCGTGAGAGGGAGGAC-1_2",0.198789618742292,0.29471540544419
"CCGTGAGGTGGTACAG-1_2",0.154543053598059,0.248763099949878
"CCGTTCAAGCTGACTT-1_2",0.210692249439097,0.246377892366927
"CCTAACCAGCGAGTCA-1_2",0.163480643210486,0.225208407839095
"CCTAACCCAAGAGGTC-1_2",0.169421732448842,0.286384490415049
"CCTAACCGTCTCAAGT-1_2",0.229030527413926,0.259594743073939
"CCTACGTCAGTTAGGG-1_2",0.171892321619156,0.2344299479808
"CCTATCGGTCATCACA-1_2",0.186031583126532,0.280566975485201
"CCTCCAAAGACCTCAT-1_2",0.0165951954038999,0.19746592097588
"CCTCCAACATGACGTT-1_2",0.169030581705209,0.228482795588621
"CCTGCATAGCAGTACG-1_2",0.191194231051027,0.30044815340674
"CCTGCATCAACCAATC-1_2",0.0342628704386493,0.200796223907011
"CCTGCATGTAATTAGG-1_2",0.178897919818542,0.229454377194627
"CCTGCATGTTTGTTGG-1_2",0.195584791517452,0.260630998631309
"CCTGCATTCAAAGGAT-1_2",0.178473639224837,0.296568382930999
"CCTTCAGAGTAGTCCT-1_2",0.180505361747976,0.27604155864078
"CCTTCAGCACCCATAA-1_2",0.201892000649888,0.248524611164988
"CCTTCAGCATACCGTA-1_2",0.183960556504429,0.301776089048953
"CCTTCAGGTTGTTGTG-1_2",0.162287120529123,0.224265457682293
"CCTTCAGTCCATTGGA-1_2",0.173849110182271,0.222816909766273
"CCTTGTGTCCGATAGT-1_2",0.215427469761165,0.240746979288006
"CCTTTGGAGTGCACAG-1_2",0.0914718516914147,0.165640190485996
"CGAAGGACACGCACCA-1_2",0.226932390351512,0.266815339907105
"CGAAGGAGTAGGATAT-1_2",0.1589397695525,0.243165582621597
"CGAAGGAGTCCAACGC-1_2",0.176349423087958,0.287947149307211
"CGAAGGATCACCTACC-1_2",0.196185734640353,0.27903887617118
"CGAAGTTGTCAAAGTA-1_2",0.130356095833651,0.158137268237857
"CGAATTGAGCCAAGGT-1_2",0.0444307906999353,0.184243105644915
"CGACAGCAGCCTCTCT-1_2",0.169268178240345,0.250612485939756
"CGAGAAGAGTGAATAC-1_2",0.176044615755849,0.242172730797105
"CGAGAAGCACACAGCC-1_2",0.202949886991182,0.230195547349016
"CGAGAAGGTATCGATC-1_2",0.195637122420497,0.267564930048589
"CGAGAAGTCCATCACC-1_2",0.183487759741569,0.230952310888996
"CGAGGAACACTTGTGA-1_2",0.179057234159266,0.303065766722074
"CGAGGCTAGGCAGGGA-1_2",0.0450538384601483,0.185913894023024
"CGAGGCTCACTTCAGA-1_2",0.157994823793224,0.263380221395301
"CGAGGCTCAGAATCGG-1_2",0.21272347549496,0.244424703140894
"CGAGGCTGTGATGAAT-1_2",0.20970759186216,0.232665303531598
"CGAGTGCGTGACTCTA-1_2",0.165971474287213,0.244514197834806
"CGATCGGGTGAGGAAA-1_2",0.207048799194485,0.229973272641487
"CGATGCGAGACTCTTG-1_2",0.204074083137871,0.224546643551056
"CGATGCGCATGGCCCA-1_2",0.185011980253954,0.221088738081036
"CGATGGCAGGGCAGGA-1_2",0.196593337873899,0.270338505707007
"CGCAGGTAGCGTCTCG-1_2",0.0385800436934197,0.0839858480442218
"CGCAGGTCAAGCTGCC-1_2",0.171352520014008,0.229066773565699
"CGCAGGTTCATCGCAA-1_2",0.0174094494152626,0.197157503315412
"CGCATAACAAGGCGTA-1_2",0.205580830133988,0.233475065448123
"CGCATGGCATCTCAAG-1_2",0.186156606716844,0.24658060323007
"CGCATGGCATTCTCCG-1_2",0.21316961689601,0.235319676674791
"CGCCATTCATGCGTGC-1_2",0.153161989014961,0.253680424252112
"CGCCATTGTCTACACA-1_2",0.181995695023338,0.298456408782304
"CGCCATTTCACGGGAA-1_2",0.192763262846491,0.255988071102151
"CGCGTGAAGTGATAAC-1_2",0.0984286790963307,0.0993698810626135
"CGCGTGAGTAATTGGA-1_2",0.0556799052333166,0.114746731939765
"CGGAACCCAAAGGATT-1_2",0.157808368902629,0.230775475524842
"CGGAATTGTTATGGTC-1_2",0.196869688049547,0.243178009383387
"CGGAATTTCTTCCCAG-1_2",0.152749293321225,0.200664510764789
"CGGACACCACTACCCT-1_2",0.155698265997163,0.246519688929757
"CGGAGAAAGTACGAGC-1_2",0.0631992140677294,0.165184612177307
"CGGCAGTCAACGGTAG-1_2",0.172224964198244,0.218262908136777
"CGGCAGTGTGCAATAA-1_2",0.19446388200424,0.215824543000334
"CGGCAGTTCCGTATAG-1_2",0.186851722966554,0.247483996304222
"CGGGACTAGACCATAA-1_2",0.196912722576915,0.261810027430996
"CGGGACTTCCTAAACG-1_2",0.201706740643717,0.224295217252351
"CGGGTCACATCGGAGA-1_2",0.160328154691848,0.217436788177435
"CGGGTCAGTCCAGCGT-1_2",0.172720667135464,0.267441131195346
"CGGGTGTCAATGACCT-1_2",0.0188065910022966,0.197341236881211
"CGGGTGTCAGCAGTGA-1_2",0.176702553895079,0.252631732823318
"CGGGTGTCATCAGCGC-1_2",0.211026378876153,0.247007316178576
"CGGTCAGGTCATCACA-1_2",0.102263237399808,0.183533291143052
"CGGTCAGTCCTTCTGG-1_2",0.161206294255452,0.24070516175379
"CGTAAGTGTACACTCA-1_2",0.0765355148754285,0.13008926648043
"CGTAATGAGACTTCGT-1_2",0.175751680055023,0.239592072374715
"CGTAATGAGGTAGGCT-1_2",0.0259012566181995,0.180693189543174
"CGTAATGGTTCTCTCG-1_2",0.190599725379484,0.283260775311411
"CGTAATGTCGCGGTAC-1_2",0.170493481927464,0.240276461851266
"CGTAATGTCTTTCCAA-1_2",0.164081457751781,0.242135775253143
"CGTAGTAAGGCATTTC-1_2",0.0857090961586284,0.141290592486035
"CGTAGTAGTGCTGATT-1_2",0.127975063804274,0.144367063899105
"CGTAGTATCATCCTAT-1_2",0.12818053857448,-0.0249573732583886
"CGTCAAATCGGATACT-1_2",0.19620498211987,0.242400657528916
"CGTCCATGTCCGAAGA-1_2",0.22532184027353,0.259425278054481
"CGTCCATTCCCAAGCG-1_2",0.154875685270312,0.260341052855902
"CGTGATACATTGCTTT-1_2",0.228485016220885,0.264650954021292
"CGTGATATCATTCGGA-1_2",0.15925724906776,0.224322529643164
"CGTGCTTCAGCGCTTG-1_2",0.156859535929831,0.252464652836639
"CGTGCTTTCGATACAC-1_2",0.218816843510472,0.243140205322788
"CGTGTCTAGGCCCAAA-1_2",0.1904047491572,0.284485883861971
"CGTGTCTAGGGATGTC-1_2",0.151887610766739,0.181292531216511
"CGTGTCTCAACCAACT-1_2",0.163357344370524,0.22379782916046
"CGTGTCTTCCCGGTAG-1_2",0.162530616922197,0.224830113083012
"CGTTAGAGTAATCAAG-1_2",0.0323947054512264,0.160856002046673
"CGTTAGAGTTGACGGA-1_2",0.144970783909734,0.199916270599412
"CGTTAGATCGACACTA-1_2",0.182763104228204,0.264314998816643
"CGTTAGATCGTTCTAT-1_2",0.221863346443069,0.250429819790039
"CGTTCTGTCTATTGTC-1_2",0.111819750169619,-1.57535876881467e-05
"CGTTGGGCAAAGACTA-1_2",0.138613781979315,0.232606837854569
"CGTTGGGCACGTCATA-1_2",0.157509997707636,0.229943337467031
"CTAAGTGCACGTACAT-1_2",0.0454742879040034,0.18720980581315
"CTAAGTGTCGCCAACG-1_2",0.171597180870752,0.293239904393564
"CTACAGAAGGAGTCTG-1_2",0.20387207208148,0.22629663783621
"CTACAGAGTATTGACC-1_2",0.157371582442223,0.246340878926498
"CTACAGATCCGATCGG-1_2",0.178748723654689,0.25074017949754
"CTACATTCAGCTAACT-1_2",0.0553145286054927,0.204710972324694
"CTACCCAAGTCTACCA-1_2",0.133934943885851,0.225381181995176
"CTACCCACACGACGAA-1_2",0.179482754779111,0.289306656703507
"CTACCCAGTCCACTCT-1_2",0.0747919036413552,0.145384521163899
"CTACCCAGTGCCGTAC-1_2",0.185350266348334,0.273468780803957
"CTACCCATCGCATGAT-1_2",0.17929289551717,0.255423737204044
"CTACCCATCGGCCTTT-1_2",0.180668488976096,0.27700667347263
"CTACCTGAGAGGGTGG-1_2",0.15262950452466,0.24991804068331
"CTACCTGCAGTTTGGT-1_2",0.167511513267751,0.254327977778731
"CTACCTGGTAGAAACT-1_2",0.158458262098191,0.22573384149282
"CTACGGGAGCTTGTGT-1_2",0.184648326853632,0.248192372665275
"CTACTATTCAGGAAGC-1_2",0.171220246213173,0.289513873227505
"CTACTATTCATTTGTC-1_2",0.18189821393181,0.222743091031471
"CTACTATTCGACGCTG-1_2",0.221405586674786,0.25460695910161
"CTAGACAAGGTCCCGT-1_2",0.176600997973785,0.285767437218198
"CTAGACAAGTTCCGGC-1_2",0.0279962481995482,0.187704467314803
"CTAGACACATTGTACG-1_2",0.214520791728537,0.246450169735534
"CTAGACATCGTTACCC-1_2",0.146380950186944,0.178254132215115
"CTAGACATCTAAGAAG-1_2",0.159764192377954,0.194162428294387
"CTAGGTATCGGCTGGT-1_2",0.174624208402732,0.276217028877064
"CTATAGGAGGGCAGAG-1_2",0.191183588570552,0.282351728584119
"CTATAGGGTGTCCGGT-1_2",0.172657579163924,0.206227436371803
"CTATAGGGTTGGGACA-1_2",0.0359836768117564,0.108382050653814
"CTATCCGAGTCACTAC-1_2",0.158877688792743,0.249049805464888
"CTATCCGCAGACCGCT-1_2",0.0754535867695295,0.150995526711055
"CTATCCGGTGCAAGAC-1_2",0.162784434626563,0.236823466608017
"CTATCCGGTTGAGTCT-1_2",0.152958421100897,0.237480992137691
"CTATCTAGTAACATAG-1_2",0.178812722418882,0.23309004292206
"CTCAACCCAACTCCAA-1_2",0.156137492850004,0.256836365336581
"CTCAAGAAGCCACCGT-1_2",0.171512354518507,0.292747233595375
"CTCAAGATCCTTCACG-1_2",0.15280844794825,0.238720585605561
"CTCACTGAGTCAGAGC-1_2",0.215933604985597,0.242670299623116
"CTCAGAACATCGCTGG-1_2",0.156838370586541,0.247426973201752
"CTCAGAATCACTACGA-1_2",0.195335727911955,0.257657322530762
"CTCAGTCAGACGGTTG-1_2",0.222958398062544,0.250193973580526
"CTCAGTCGTAAGATAC-1_2",0.1984513261739,0.292023731412372
"CTCATGCAGTAGATCA-1_2",0.165278270175219,0.219508104340966
"CTCATGCTCGGAACTT-1_2",0.195587642060718,0.243048864702333
"CTCATTACACCCTGAG-1_2",0.207807858582902,0.235262509142157
"CTCATTACAGTTTCAG-1_2",0.228276311565044,0.256134057666969
"CTCCAACAGAAGGATG-1_2",0.105955411643912,0.168330006444765
"CTCCACATCCATTTAC-1_2",0.17228006520328,0.235246908287865
"CTCCATGAGCAACTCT-1_2",0.178657446458464,0.261916381026585
"CTCCATGCAACTGTGT-1_2",0.178320361874659,0.295745456663176
"CTCCCAAGTCTTCCGT-1_2",0.201500910523256,0.238277729499603
"CTCCCAATCATGACAC-1_2",0.157622290725675,0.199270129297804
"CTCCGATTCAAGCTTG-1_2",0.172430009473286,0.246857797302924
"CTCCTCCCACGAGGAT-1_2",0.186809223097007,0.273652282803875
"CTCCTCCTCCAACCGG-1_2",0.158602806819559,0.215828232530215
"CTCCTTTCATGGCACC-1_2",0.169858499659405,0.228996833219954
"CTCCTTTTCCCGAGAC-1_2",0.151500950679791,0.22515442421475
"CTCGAGGAGTAAACAC-1_2",0.202056253502415,0.225432923698148
"CTCTCAGAGCGTCAAG-1_2",0.195279691077649,0.246381845521732
"CTCTCAGTCTTCGGAA-1_2",0.223740365835073,0.253564418273504
"CTCTCGAAGGCGTCCT-1_2",0.175682738294938,0.280980956665349
"CTGAATGAGCTACAAA-1_2",0.1934816971431,0.263051548396544
"CTGAATGCAAATGAAC-1_2",0.171060322041804,0.217729123022895
"CTGAATGCACAAATCC-1_2",0.166403884103214,0.259369867752508
"CTGAATGGTGAGCAGT-1_2",0.221530835894061,0.253289386723754
"CTGAATGGTTAGAGAT-1_2",0.0400782429609355,0.153894428251596
"CTGAGCGAGTGTGTTC-1_2",0.187905784506173,0.215245624107303
"CTGAGCGCAAACTCTG-1_2",0.187539436893607,0.231668902999085
"CTGAGGCAGCGATCGA-1_2",0.0927990930164907,0.150258099991483
"CTGAGGCTCCATATGG-1_2",0.170427804509758,0.261735097666039
"CTGATCCAGTCGCGAA-1_2",0.0629395794511419,0.163700727992144
"CTGATCCGTTCAGCTA-1_2",0.152408168584508,0.256012951816484
"CTGCAGGAGATAGCAT-1_2",0.174768741005359,0.233836800420385
"CTGCAGGGTGGTAACG-1_2",0.154737914811553,0.256275133136223
"CTGCATCAGCCTATCA-1_2",0.211317515906084,0.235527974259013
"CTGCATCAGGGAGGTG-1_2",0.0523413610176606,0.121015329670071
"CTGCATCCAACTCGTA-1_2",0.166317451531342,0.239003261267255
"CTGCCATGTTGTATGC-1_2",0.211258226696456,0.234690010850849
"CTGCCATTCACCCTTG-1_2",0.187238134049315,0.296749334654063
"CTGCGAGCAAACGTGG-1_2",0.192696033383298,0.278921620608477
"CTGCGAGCAGATCCAT-1_2",0.162060010416883,0.265352742350076
"CTGCGAGGTACCTAGT-1_2",0.157726400869705,0.235630305306756
"CTGCGAGGTAGACGGT-1_2",0.179153000099753,0.260120120542416
"CTGCTCAAGTCTTCCC-1_2",0.178168460789211,0.294578237218594
"CTGCTCACAACTCCAA-1_2",0.190841759052386,0.238849531196588
"CTGCTCATCGTTGCCT-1_2",0.194619436928655,0.298514077050267
"CTGGACGGTTCCAAAC-1_2",0.16359845135747,0.219590728630001
"CTGGCAGCACCAGTAT-1_2",0.173060156693573,0.240381488365271
"CTGGCAGCAGTTACCA-1_2",0.198132949570677,0.22318367164722
"CTGGTCTGTTCAATCG-1_2",0.164881907830463,0.240961167438882
"CTGTACCTCTTCGCTG-1_2",0.107313014991972,0.175653152766598
"CTGTAGAAGCGACTGA-1_2",0.227516664378436,0.257672852084062
"CTGTAGAAGGGTCACA-1_2",0.168793621480844,0.226907586271029
"CTGTAGATCAAGTCGT-1_2",0.187827497529816,0.248951193626642
"CTGTAGATCCGCAACG-1_2",0.18894596822588,0.294618052482786
"CTGTCGTCACAAAGTA-1_2",0.169642347280371,0.289333088993683
"CTGTCGTCACTCCGAG-1_2",0.17322511966219,0.239649450667614
"CTGTCGTTCCTCTAGC-1_2",0.181213345332085,0.239261020502871
"CTGTGAAAGAAACTCA-1_2",0.16153360915912,0.221494920491447
"CTGTGAAAGATACCAA-1_2",0.199897667994164,0.227912677129059
"CTTAGGAAGAATACAC-1_2",0.164830872480595,0.235191038809811
"CTTAGGAGTCTTGAAC-1_2",0.212308168564149,0.238533705478475
"CTTCAATCAACTTGCA-1_2",0.0185140832733354,0.205205998295548
"CTTCCGAGTATTGAGA-1_2",0.0747120207314107,0.0727884409250004
"CTTCCGATCTAGGCCG-1_2",0.0194644175761119,0.197619665105917
"CTTCCTTCAGAGATGC-1_2",0.195643516089407,0.219624456359254
"CTTCGGTAGGAACATT-1_2",0.152670840049616,0.23569524414482
"CTTCTAACAGGCTATT-1_2",0.207508779808066,0.235941047878663
"CTTGAGAGTATCTCTT-1_2",0.195588485684956,0.274297025005723
"CTTGAGAGTTACCTTT-1_2",0.182085485341756,0.272488619967273
"CTTGAGATCAACCTTT-1_2",0.17720108683095,0.234654157802091
"CTTGATTAGCTGAGCA-1_2",0.125454283159344,0.175426230769727
"CTTGATTCACAAGGTG-1_2",0.161689201367438,0.233450413130329
"CTTGATTCACGAGGTA-1_2",0.161929014400682,0.235095920152867
"CTTGATTTCCGGGACT-1_2",0.0245644012531618,0.0646499029355534
"CTTTCAAAGACTAAGT-1_2",0.180545671459851,0.263637017335101
"CTTTCAAAGCGTGTTT-1_2",0.0830515840681662,0.144476601876942
"CTTTCAAAGTAATACG-1_2",0.209163230341751,0.235963115279041
"CTTTCAAGTTGGTAGG-1_2",0.189402679367945,0.304667954308967
"CTTTCGGGTTATGTCG-1_2",0.154919688451781,0.249036306188545
"CTTTCGGTCCATAAGC-1_2",0.16534978241152,0.240390886076605
"CTTTCGGTCGACGCTG-1_2",0.203873014462432,0.254321109955552
"GAAACCTAGCTTAGTC-1_2",0.175072246086922,0.292036411397595
"GAAACCTCAGTTGTCA-1_2",0.166349443311668,0.203532481449457
"GAAACCTCATTGTCGA-1_2",0.0877691232610291,0.145714954496776
"GAAATGACAACCGGAA-1_2",0.192050562301471,0.248207938082309
"GAAATGAGTTGCCATA-1_2",0.0207892662714542,0.180804257936543
"GAACACTAGACATCAA-1_2",0.192578755975684,0.252754762128965
"GAACACTAGAGGCTGT-1_2",0.188073800790258,0.286998540866592
"GAACACTAGTCTCGTA-1_2",0.210607024214291,0.245685190098801
"GAACACTCAATACCTG-1_2",0.163954107219051,0.248567805349043
"GAACGTTAGCTCGAAG-1_2",0.158498521150383,0.238456054348321
"GAACGTTCAAGCAATA-1_2",-0.215395267119305,0.0202154331358083
"GAACGTTGTTCTCGTC-1_2",0.196404267056836,0.289506981295015
"GAACTGTAGAAGGTAG-1_2",0.224153276927455,0.254060841662883
"GAACTGTCAACTAGAA-1_2",0.19550294469298,0.240816926060861
"GAACTGTCATACCATG-1_2",0.141099146488343,0.235911660345619
"GAAGAATTCTCTCTAA-1_2",0.201989694513712,0.222904807040886
"GAAGCCCAGAGAGTGA-1_2",0.178938446397102,0.242514255852589
"GAAGCCCCAAGTGTCT-1_2",0.0275873535279161,0.176452917247987
"GAAGCCCCAGCTGGTC-1_2",0.230043325631733,0.263011439212169
"GAAGCCCGTGGCCACT-1_2",0.124513530074866,0.17266447469815
"GAAGGGTTCCATTTGT-1_2",0.0358562216527712,0.204560041242168
"GAAGTAACACAATCTG-1_2",0.152836696375796,0.210560243688393
"GAAGTAACACGAAAGC-1_2",0.198717769358978,0.295333040413009
"GAAGTAAGTCGCATTA-1_2",0.194424142052604,0.296131218883429
"GAATCACGTCTACTGA-1_2",0.0442151826564756,0.175174954147515
"GAATCGTTCCATTTAC-1_2",0.0833721006148431,-0.0794630309732953
"GACACGCGTAGGAAAG-1_2",0.179740150145659,0.247053822221389
"GACAGCCGTACCCGAC-1_2",0.145988067042816,0.185954055586372
"GACATCAGTCGAGATG-1_2",0.156746792545632,0.227661914297735
"GACCCTTAGGACTAAT-1_2",0.174568257968088,0.243699756242269
"GACCCTTCACAGGATG-1_2",0.221628366273847,0.252679293318336
"GACCGTGAGAGGGCGA-1_2",0.167905580105457,0.24903738795124
"GACCGTGAGCGCCGTT-1_2",0.16417511425111,0.262486998091154
"GACCGTGCATGGACAG-1_2",0.220729550219493,0.250108342851308
"GACCTTCAGTTGCCCG-1_2",0.211034932271965,0.254548820703465
"GACCTTCCACTTCATT-1_2",0.139064252506472,0.231830531500539
"GACCTTCGTACGTAGG-1_2",0.163524075021615,0.240439303016791
"GACCTTCTCACCGGGT-1_2",0.214310533846259,0.237709058787436
"GACGCTGCACGGTAGA-1_2",0.191820278865129,0.255461030839724
"GACGCTGTCGACGATT-1_2",0.1643969858351,0.247409692833134
"GACGTTATCCCAGGCA-1_2",0.178974201088954,0.298766371775182
"GACTATGCACGTAACT-1_2",0.169879528519498,0.233649159491489
"GACTATGTCACCTCAC-1_2",0.187476450325562,0.292249154531173
"GACTCAAAGAGGTTAT-1_2",0.177259466045658,0.242898535464597
"GACTCAAGTTTACGAC-1_2",0.179192254640068,0.210512447226493
"GACTCTCGTACGACTT-1_2",0.165559927933179,0.274411766648258
"GACTCTCGTACGTAGG-1_2",0.0198397826284615,0.200197858719278
"GACTCTCTCGCTGTCT-1_2",0.0148375727624544,0.191910702201402
"GACTTCCCAGACAATA-1_2",0.178221977303872,0.20958998272781
"GAGAAATGTGGTTCTA-1_2",0.174914047413388,0.241368654281111
"GAGAAATTCCGCAAAT-1_2",0.169629445471305,0.240722814529523
"GAGAAATTCTCGCGTT-1_2",0.184899297695462,0.213614117672997
"GAGACCCAGAAAGTCT-1_2",0.0243575298787691,0.183107866986277
"GAGACCCCAAGATGTA-1_2",0.153772571499639,0.245140679783956
"GAGACCCTCAACCTTT-1_2",0.215606379230058,0.258287254601178
"GAGACCCTCAAGTGTC-1_2",0.183249877503988,0.285607083359718
"GAGACTTGTAACACCT-1_2",0.183269630192927,0.234092831114772
"GAGAGGTTCTGTAAGC-1_2",0.16325724873469,0.215295732302743
"GAGATGGGTGATATAG-1_2",0.0452320009903788,0.185012673178097
"GAGCCTGTCGGACAAG-1_2",0.0359785691553437,0.20352893357981
"GAGCTGCCAGGTCCGT-1_2",0.186104814053957,0.231064645789423
"GAGGCCTAGCCAAGTG-1_2",0.16356765390207,0.229587750783104
"GAGGGATTCAAGTGGG-1_2",0.203907604236444,0.249085496600677
"GAGGGATTCCAACCAA-1_2",0.168874467700647,0.238457429675058
"GAGGGTAAGCACCTGC-1_2",0.19051189398315,0.24624323574987
"GAGTCATCACGCTGCA-1_2",0.199416414865965,0.224300091197046
"GAGTCATCAGGAATCG-1_2",0.18155642392439,0.208011581438359
"GAGTCTAGTCGTTGCG-1_2",0.19440525438742,0.242156958053453
"GAGTCTATCCGCCTAT-1_2",0.160773453555395,0.215904338542859
"GAGTGTTCACGACGCT-1_2",0.19148449391491,0.26753456999728
"GAGTGTTCATCCGTTC-1_2",0.158983603910933,0.269462615730672
"GAGTTGTCACAGTACT-1_2",0.185112505717349,0.262182777038883
"GAGTTGTCATCGAACT-1_2",0.168924510309555,0.289094725350776
"GAGTTGTGTAGTCTGT-1_2",0.216912372829086,0.238201010904042
"GAGTTGTTCCCAGTGG-1_2",0.171039720407942,0.246479878129187
"GAGTTGTTCGTAGGGA-1_2",0.189403857598766,0.250037230884712
"GAGTTTGAGCCTCTGG-1_2",0.188503547005542,0.280934421081736
"GAGTTTGCACCGCTGA-1_2",0.160499353262542,0.24201187226605
"GAGTTTGTCCTTCACG-1_2",0.180970787709325,0.21475389955948
"GATAGAAAGACAACAT-1_2",0.165289830901409,0.237199684080396
"GATAGAAAGAGAGTTT-1_2",0.188891093496462,0.288147148211433
"GATAGCTAGGTAGACC-1_2",0.180235449952372,0.277099477931316
"GATCACAGTCTTGCGG-1_2",0.182999432257242,0.231514687928091
"GATCACATCTGCCTCA-1_2",0.194974237170132,0.24168697527694
"GATCAGTAGTTGAAGT-1_2",0.15419205820479,0.213234003628664
"GATCAGTCAGTCTTCC-1_2",0.191350929665659,0.268832004872342
"GATCATGCACAAGTTC-1_2",0.0551311650255362,0.101658707723962
"GATCGTACAAAGGAGA-1_2",0.197139598185192,0.291449268930917
"GATCGTATCGAACCAT-1_2",0.16235964531322,0.232228709942087
"GATGACTAGAGTCAGC-1_2",0.177393581734977,0.253449720615529
"GATGACTAGTAAGACT-1_2",0.155932149418479,0.219367062147128
"GATGACTAGTCTGGTT-1_2",0.209562993651675,0.235210357928924
"GATGAGGCATGACAAA-1_2",0.070319339455779,0.20903110084071
"GATGCTATCAAGAGTA-1_2",0.196502257197194,0.293124802737773
"GATGCTATCACAGAGG-1_2",0.0529172187004059,0.0970502014614835
"GATGCTATCGGAGCAA-1_2",0.184403161518667,0.222935026230348
"GATGGAGAGTCCGTCG-1_2",0.223881229386365,0.252190969299362
"GATGGAGCAGGATCTT-1_2",0.227756187393946,0.259283594780837
"GATGGAGCATAATCCG-1_2",0.0918363380066389,0.155577152544499
"GATGTTGAGATCCTAC-1_2",0.176886825818544,0.209190482065438
"GATGTTGGTACTTGTG-1_2",0.170634927850442,0.283553166522239
"GATGTTGTCTATCGGA-1_2",0.157102509265591,0.237687473123297
"GATTCTTGTTCTCACC-1_2",0.214359286585455,0.241932991170455
"GATTGGTGTAGAATAC-1_2",0.168845259041653,0.235313429138177
"GATTTCTTCGTCACCT-1_2",0.216498016584578,0.251360538413905
"GCAACATTCGTAGCCG-1_2",0.154338551863249,0.249747907772758
"GCACGGTCAGCTGCCA-1_2",0.18772359470094,0.302228989406826
"GCACGGTGTTGAGAGC-1_2",0.18146188809393,0.296292039835215
"GCATCGGGTCGGAACA-1_2",0.207802009460249,0.249299352116759
"GCCAACGGTTATAGAG-1_2",0.00833837646963583,0.174408953945956
"GCCAGGTAGTGATCGG-1_2",0.189998785053355,0.216734016152181
"GCCAGTGAGAACAGGA-1_2",0.175900067430468,0.291773630564825
"GCCAGTGAGCCTAACT-1_2",0.19098207529695,0.285881861658439
"GCCATGGAGCCTTCTC-1_2",0.19587584181692,0.295422145511388
"GCCATGGGTAGGGTAC-1_2",0.222887209169696,0.266735462363356
"GCCATTCGTACGTTCA-1_2",0.165468583369751,0.264855148814734
"GCCCAGAGTTATCTGG-1_2",0.136986299122629,0.226946394998356
"GCCCAGATCAGTGGGA-1_2",0.0257930291269236,0.194471996645553
"GCCCAGATCTTCGTAT-1_2",0.138648575136607,0.231109012210536
"GCCCGAAAGCTACAAA-1_2",0.157587230032751,0.256157153387777
"GCCCGAACATCTCAAG-1_2",0.155339282929005,0.263374587741849
"GCCCGAATCAAGTGTC-1_2",0.181789387727556,0.29163390235154
"GCCGATGTCAAACCCA-1_2",0.176608736836465,0.29080628732083
"GCCGATGTCCAGCCTT-1_2",0.188875419708103,0.297439157431327
"GCCGTGAAGCATCTTG-1_2",0.178620566246264,0.240597270772796
"GCCGTGATCTCTAAGG-1_2",0.182534599900273,0.273103328674328
"GCCTGTTCAACAAGTA-1_2",0.0930019943569855,0.0906240355076379
"GCCTGTTGTTCAAGGG-1_2",0.168688352218833,0.281520869432226
"GCCTGTTTCTTGGTCC-1_2",0.21134397204904,0.244247000883464
"GCGATCGGTGAGTGAC-1_2",0.184897631722716,0.287125206278407
"GCGGAAACAAGTATAG-1_2",0.178236111406696,0.272446043332353
"GCGGATCCAGAGACTG-1_2",0.0367697639161049,0.153253115121532
"GCGGATCTCAACTCTT-1_2",0.144662551891566,0.233957451652535
"GCGTGCAGTGTGAGCA-1_2",0.162252651087468,0.239410256129185
"GCGTGCATCCTACCGT-1_2",0.16233880120595,0.231268612820425
"GCGTTTCCAGCATCTA-1_2",0.138980249499422,0.233168408258808
"GCTACAAAGGCCCAAA-1_2",0.175235317137876,0.296368581299184
"GCTACAAGTTCTAACG-1_2",0.173207337966206,0.289241967678024
"GCTGAATCAAAGCAAT-1_2",0.210341328717409,0.239510840065994
"GCTGCAGGTCATCCCT-1_2",0.139389125406053,0.233056287724679
"GCTGCAGTCCGAAATC-1_2",0.18858820936462,0.282966618150546
"GCTGGGTCAACAAAGT-1_2",0.186039950257102,0.218580702165829
"GCTGGGTGTGTGACCC-1_2",0.15659035213708,0.242292435072243
"GCTTGGGGTGCACGCT-1_2",0.170910989476882,0.235655492342252
"GCTTTCGGTCCCGCAA-1_2",0.0958497364996563,0.145943532111865
"GGAACCCCAGAGGAAA-1_2",0.195690696073339,0.288358748243457
"GGAAGTGAGCACCTGC-1_2",0.188885550344341,0.256439573333297
"GGAAGTGAGTCATAGA-1_2",0.189203242893828,0.289578272618439
"GGAATGGGTCATAGTC-1_2",0.177301937872488,0.270720871612583
"GGACGTCAGACGAGCT-1_2",0.18529462358928,0.279837596943121
"GGACGTCAGGATTCCT-1_2",0.156089051129605,0.251746361410027
"GGACGTCAGGCGTTGA-1_2",0.206494406808397,0.229425909432361
"GGACGTCAGGTAGTCG-1_2",0.161694107952197,0.241694573163105
"GGACGTCCAGACATCT-1_2",0.125022188137845,0.178612683013304
"GGAGAACAGGTGAGAA-1_2",0.165221345418115,0.262844250366622
"GGAGATGGTGCAACGA-1_2",0.161080545126426,0.233408121665746
"GGAGCAACACTAGGTT-1_2",0.174325360747596,0.237568708700838
"GGAGCAACAGAATCGG-1_2",0.119980017571713,0.176167073838128
"GGAGGATAGATAGGGA-1_2",0.026900404399491,0.195540125607201
"GGATGTTTCCCGGTAG-1_2",0.18973891831874,0.294289840765858
"GGCACGTCATCCGAGC-1_2",0.180642644636348,0.212479509988704
"GGCTGTGAGACTAAGT-1_2",0.173938346727096,0.247059893040989
"GGCTGTGGTCAGTCGC-1_2",0.151945290316059,0.204341702992162
"GGCTGTGTCCTACCGT-1_2",0.176823478840454,0.278464653756122
"GGCTTGGAGGCCCGTT-1_2",0.165640031121166,0.282592635270417
"GGGAAGTAGGGTTAAT-1_2",0.169503068333761,0.28876025595249
"GGGAAGTTCGAAACAA-1_2",0.168639604400724,0.230149947076499
"GGGAAGTTCTAACGGT-1_2",0.208688665400565,0.235569669705801
"GGGAAGTTCTTGGCTC-1_2",0.1841986765357,0.281961773691994
"GGGACAACAAATTGCC-1_2",0.226262513687049,0.253138288277155
"GGGACAACACGTAGTT-1_2",0.207189129107232,0.232244756852721
"GGGACTCGTCGAGTGA-1_2",0.0350525176345801,0.109037845973364
"GGGAGATAGAGGGTCT-1_2",0.150960365169861,0.230266764528836
"GGGAGATCACATGGTT-1_2",0.231015929395028,0.263165734437149
"GGGAGATCACGTAGAG-1_2",0.228163023919085,0.257626310997759
"GGGAGATCAGAACCGA-1_2",0.172579096001822,0.240158051942986
"GGGAGATGTAACAAGT-1_2",0.0648658425691787,0.21082087870926
"GGGAGATGTATGGTAA-1_2",0.181365205446022,0.256770577997139
"GGGAGATTCAAGCCAT-1_2",0.228360632469798,0.263797138987022
"GGGATCCAGTTTGCTG-1_2",0.173236208281636,0.242311855816764
"GGGATCCCACGCGGTT-1_2",0.16858114524386,0.271735773445403
"GGGATCCCATCTAACG-1_2",0.189722807315327,0.257572438986943
"GGGATCCCATTAAAGG-1_2",0.166467177748208,0.256628615857225
"GGGATCCGTCGTGGTC-1_2",0.190213206746636,0.266701673785993
"GGGATCCTCTACCCAC-1_2",0.190638241230248,0.291372319280311
"GGGATGAAGCACCTGC-1_2",0.164222349958408,0.246658457951138
"GGGATGAAGTGGTGAC-1_2",0.190196025210144,0.251651897805887
"GGGCCATGTCCATACA-1_2",0.175575660158963,0.256775015320605
"GGGCGTTAGATCCTAC-1_2",0.0204357891656113,0.190541796242342
"GGGCGTTCAGCGTACC-1_2",0.143410643622722,0.234769948205111
"GGGCGTTTCTTACCGC-1_2",0.17742414202525,0.298150413616288
"GGGCTACAGCTCGTGC-1_2",0.194368328204426,0.220310592336744
"GGGCTACTCAACGAGG-1_2",0.168616247969,0.252650625235116
"GGGTAGAAGATTGATG-1_2",0.209084198026061,0.238210710260621
"GGGTAGAAGCCTATTG-1_2",0.14754904729967,0.200176282007729
"GGGTAGAGTAGATTAG-1_2",0.0172444213291737,0.188664982263428
"GGGTATTAGGAAGTCC-1_2",0.0268777073498394,0.102440708835675
"GGGTATTTCCTTGACC-1_2",0.180239691035978,0.273125814660472
"GGGTCACGTGCCTAAT-1_2",0.188692943103423,0.28560021089302
"GGGTCTGCACCAGCGT-1_2",0.18227560115931,0.220706142127752
"GGGTCTGGTTGGCTAT-1_2",0.0293416786175781,0.193902456654551
"GGGTGAACATCCAACA-1_2",0.170527158865259,0.229498169692416
"GGGTGAATCTAGATCG-1_2",0.0542373195524415,0.0970935570385815
"GGGTGTCGTTCGGACC-1_2",0.176701783289864,0.296709625077924
"GGGTTATAGCACCGTC-1_2",0.160071590923594,0.231389538470492
"GGGTTATTCGCTCTCA-1_2",0.163672288442686,0.24183002040685
"GGGTTATTCGGCCTTT-1_2",0.158567102517657,0.226254297543951
"GGGTTTAAGGGACTGT-1_2",0.156555977062244,0.255170999142716
"GGGTTTATCGAAGCAG-1_2",0.200129050903776,0.22639991453428
"GGTAACTCATCGGCCA-1_2",0.128918674378171,0.175397423358401
"GGTAATCCAAAGCACG-1_2",0.174480991109802,0.212350790458681
"GGTAGAGAGCAAATCA-1_2",0.0654771981499187,0.157210503499811
"GGTAGAGGTTCGATTG-1_2",0.043537515708965,0.107573314813596
"GGTAGAGTCCTACCAC-1_2",0.165031521810727,0.247740246799069
"GGTCACGCAGACAAGC-1_2",0.178848500335884,0.301535386023482
"GGTCACGCAGGACGAT-1_2",0.180670164345338,0.244226580938584
"GGTCTGGGTCACTAGT-1_2",0.187303473591428,0.267758181495123
"GGTCTGGGTGTCCCTT-1_2",0.225087919376552,0.255040994418082
"GGTGATTGTACGATCT-1_2",0.137426367211979,0.17087733627735
"GGTGATTTCTCCTGAC-1_2",0.190234599738907,0.302916119217684
"GGTGATTTCTTAGCCC-1_2",0.153276044994833,0.258660574975907
"GGTGGCTCACAAGTGG-1_2",0.172627199502011,0.282383540823558
"GGTGTCGCAGTTACCA-1_2",0.213761451174162,0.245931825405649
"GGTGTTAAGGACAACC-1_2",0.188504554996228,0.236647103256268
"GGTGTTAGTCCAATCA-1_2",0.167683792864446,0.243733710334375
"GGTGTTATCTGCTAGA-1_2",0.184113358815915,0.245795107592717
"GGTTAACCAGATACTC-1_2",0.177788535657523,0.254814213451703
"GGTTCTCGTTGAGTCT-1_2",0.17536888481221,0.257569193373646
"GTAACACAGGAACGAA-1_2",-0.0432104106751291,0.0611761217492616
"GTAACACGTTACAGCT-1_2",0.163984770584435,0.236461153575208
"GTAACCAAGCTGGCTC-1_2",0.170683133287998,0.27998930512055
"GTAACCACATGACACT-1_2",0.0626204256207406,0.164483225516596
"GTAACCATCACATTGG-1_2",0.181743942097216,0.213160521623342
"GTAAGTCTCCTGTACC-1_2",0.208647528708023,0.233210582602523
"GTAATCGTCCTCTTTC-1_2",0.183141370452245,0.240447323031236
"GTAATGCAGGGCGAGA-1_2",0.11095626580457,0.116366305861227
"GTAATGCAGTAAACAC-1_2",0.160561404053976,0.22167002192309
"GTAATGCCAGAGGCAT-1_2",0.156066172934321,0.255974137096618
"GTACAACAGTTGAAGT-1_2",0.186272232204114,0.278696678001013
"GTACAGTAGGGTGAGG-1_2",0.230695441478517,0.263832785341772
"GTACAGTCATGGGATG-1_2",0.181642558435896,0.233381650548049
"GTAGAAAGTAGCGTTT-1_2",0.208323983592332,0.245540930914592
"GTAGAGGTCGTTACCC-1_2",0.20046886598693,0.232875817972718
"GTAGATCGTCCAGCCA-1_2",0.175515295327571,0.240403626120461
"GTAGCTAGTCAACGCC-1_2",0.0239119066433822,0.201754998748413
"GTAGCTAGTTCCCACT-1_2",0.163013875179202,0.228559004691034
"GTAGGAGGTGACGTCC-1_2",0.179316643264784,0.296809243378683
"GTAGGAGGTTGAGGAC-1_2",0.164590029773327,0.230540236450224
"GTAGGAGTCATTCGTT-1_2",0.16897158496708,0.208012833576045
"GTAGGTTAGGTAGACC-1_2",0.186045109164116,0.287974021090547
"GTAGGTTGTATCGCTA-1_2",0.152857695672782,0.223302336208263
"GTAGTACAGTATGGAT-1_2",0.165599198393272,0.228135325091654
"GTAGTACGTTATTCTC-1_2",0.176734834462194,0.212695500647983
"GTAGTACTCGAACTCA-1_2",0.135704851938693,0.203487923075278
"GTAGTACTCTGATTCT-1_2",0.172729857052402,0.285395307867249
"GTATTGGAGTTACGTC-1_2",0.174549322684795,0.241984198529648
"GTATTGGCAGGAGACT-1_2",0.171745599866614,0.23619259373721
"GTCAAACAGCTGGTGA-1_2",0.11959891464683,0.138325587152005
"GTCAAGTGTGGCACTC-1_2",0.22575445873395,0.254317865840269
"GTCACGGGTAACATAG-1_2",0.186235251272414,0.243529432248792
"GTCACTCCATTCACCC-1_2",0.0462300757650275,0.182838850166167
"GTCAGCGCAGCGCTTG-1_2",0.226930307988244,0.259627622837454
"GTCATCCAGTCGTTAC-1_2",0.167436474664707,0.279114282560153
"GTCATGACACGAGGTA-1_2",0.156739248160112,0.229487894578293
"GTCATGACAGCGCTTG-1_2",0.0619918752454766,0.165249127331208
"GTCATGAGTATCGCAT-1_2",0.0934663758462954,0.19435056935994
"GTCATTTCACTAGGTT-1_2",0.0183498834120553,0.201263143242052
"GTCATTTGTAACACCT-1_2",0.211235896180931,0.232897897263637
"GTCCACTCACCATATG-1_2",0.186184162903891,0.282199269840618
"GTCCACTTCGGACGTC-1_2",0.162461122354412,0.229816313208172
"GTCCCATCACCGTCGA-1_2",0.158504268657774,0.222824419492641
"GTCCTCATCTCGCGTT-1_2",0.154725616989804,0.247188774336966
"GTCGAATAGCGACTAG-1_2",0.163668423330461,0.247915984655885
"GTCGAATAGGCGCTTC-1_2",0.159234171794127,0.217807115656706
"GTCGCGAAGGGTTAAT-1_2",0.172180319485261,0.282249038488842
"GTCGCGACATTGACCA-1_2",0.187781669957503,0.24134119152077
"GTCGTTCGTTCGCGTG-1_2",0.125652934158693,0.138236365963207
"GTCGTTCGTTTAGAGA-1_2",0.188945223224996,0.215580539005782
"GTCTACCAGCACTAGG-1_2",0.168182545845622,0.260475889708586
"GTCTACCCATACAGCT-1_2",0.166828527368538,0.246024308046432
"GTCTAGAGTCGTATGT-1_2",0.195726389483411,0.295957980000819
"GTCTCACAGCGCTGAA-1_2",0.211829861064729,0.236062799949925
"GTCTCACCAAGTCGTT-1_2",0.157650739652485,0.244380911379678
"GTCTCACGTCCAAAGG-1_2",0.185918144839069,0.285616320764719
"GTCTGTCAGAGTTGAT-1_2",0.160615999604766,0.221937460372552
"GTCTGTCAGGTTACAA-1_2",0.178956736018916,0.248349200732018
"GTCTGTCTCTATGCCC-1_2",0.171725675836874,0.287539117477643
"GTCTTTAAGCTAAACA-1_2",0.171715645469966,0.245913690479336
"GTCTTTATCTCATGCC-1_2",0.167982733643067,0.247653517280253
"GTGACGCAGCCAAGTG-1_2",0.0228903297737346,0.0868408269887112
"GTGACGCTCGGCTGGT-1_2",0.183699880866859,0.303833378249983
"GTGAGGAGTCGATTCA-1_2",0.176970352398642,0.258622146851541
"GTGAGGATCGCACGGT-1_2",0.18603274461815,0.24515238494833
"GTGAGTTAGCACGGAT-1_2",0.14949577171446,0.206843881131615
"GTGAGTTGTTATCCAG-1_2",0.159743203897865,0.259917869969157
"GTGAGTTGTTATTCTC-1_2",0.176933961392844,0.283232897230861
"GTGAGTTTCCCGAGGT-1_2",0.164541970695616,0.229304543342874
"GTGAGTTTCGCCGAGT-1_2",0.218405304318783,0.252231989371315
"GTGAGTTTCTTTCTAG-1_2",0.190609674541267,0.285764179207618
"GTGATGTAGCCTAACT-1_2",0.185302001483982,0.301692387422763
"GTGATGTGTTCAGCGC-1_2",0.151579998640467,0.227335979831248
"GTGCACGCACGACGCT-1_2",-0.0420048539587805,-0.0474909792068569
"GTGCAGCTCAGTCCGG-1_2",0.0627291974192392,0.165412397930069
"GTGCTGGAGTATAACG-1_2",0.163016264884907,0.254259288438881
"GTGCTTCTCCATCAGA-1_2",0.186447034295382,0.289691221444847
"GTGCTTCTCTCCATAT-1_2",0.18338757484433,0.226338873636245
"GTGGAGACATCGGTTA-1_2",0.0210310816488536,0.194964716939983
"GTGGAGATCGTCAGAT-1_2",0.155497675251976,0.228737225454829
"GTGGTTAGTCGTGGTC-1_2",0.195222424782893,0.237818985520143
"GTGGTTATCGCCAGAC-1_2",0.166245595481057,0.23515905110608
"GTGTAACGTCCAATCA-1_2",0.0390870914793051,0.092739420459804
"GTGTAACTCGCTTGCT-1_2",0.176675430717207,0.262366864705252
"GTGTCCTTCGGACAAG-1_2",0.169749578745778,0.229668174843375
"GTGTGGCAGCGATGGT-1_2",0.207267940125348,0.229294464822566
"GTGTGGCGTGAGTTTC-1_2",0.151252377745324,0.216038816138246
"GTGTGGCTCAACGCTA-1_2",0.0190352167702268,0.202842213530036
"GTGTTAGCAGAGCCCT-1_2",0.203646859287318,0.231378673729533
"GTGTTAGCATCAGTGT-1_2",0.188206030130247,0.255928250485886
"GTGTTAGGTGTTGCCG-1_2",0.215205631974076,0.245019980756522
"GTTACCCCACGGTGTC-1_2",0.176907523805477,0.237196938605471
"GTTACCCTCCGCTTAC-1_2",0.201612713172706,0.263161319329451
"GTTACGAAGCGCCGTT-1_2",0.205000674753165,0.244946468523105
"GTTACGACAAGAGTAT-1_2",0.162610446145645,0.223151728970659
"GTTAGACAGATGCCGA-1_2",0.176646036629568,0.27085959526383
"GTTAGACAGCAACAGC-1_2",0.185025530341259,0.242444892518613
"GTTAGACTCGCAATTG-1_2",0.154351507974997,0.244594954533628
"GTTAGTGCACTGGACC-1_2",0.177333984090448,0.291254942446254
"GTTAGTGTCGTAACCA-1_2",0.178644831533871,0.302339371172334
"GTTATGGAGGTAGACC-1_2",0.11381294746133,0.153004950975769
"GTTCATTCATAGCTGT-1_2",0.167129657405643,0.237139497464706
"GTTCATTTCCACCCTA-1_2",0.200906132475909,0.284959946498668
"GTTCGCTCATCGGAAG-1_2",0.203895762331502,0.264425952423005
"GTTGCGGAGGCCCAAA-1_2",0.177646519827576,0.238149324901775
"GTTGCGGGTGCGGCTT-1_2",0.172087555548407,0.217561013336758
"GTTGTAGCACCTGTCT-1_2",0.165454284715458,0.242819707147441
"GTTGTAGTCAGCACCG-1_2",0.0147573021167514,0.190429028040193
"GTTGTCCCAGGCACAA-1_2",0.170354025387292,0.264104751661599
"GTTGTGACAAGGTTGG-1_2",0.175966735435344,0.289494980931722
"GTTGTGACACTACCGG-1_2",0.197680772938177,0.288954315043796
"GTTTGGACACCTGTCT-1_2",0.223614543101592,0.252797732759134
"TAACCAGAGTGGCCTC-1_2",0.0470212758210045,0.189133153695761
"TAACCAGCACGCGTCA-1_2",0.180715982033311,0.302318411447682
"TAACCAGTCTGTTCAT-1_2",0.176306607665993,0.292829343143149
"TAACGACCACCAAAGG-1_2",0.178719031837158,0.29185594112812
"TAACTTCAGCAGGTCA-1_2",0.182930169620652,0.212991926775063
"TAACTTCGTCGATGCC-1_2",0.0881745166217219,0.0827140777257189
"TAAGCACCATCGCTAA-1_2",0.18019183034825,0.216028663590708
"TAAGCACTCAGCTGTA-1_2",0.201719704126744,0.284101637501641
"TAAGCCACAAGTGCTT-1_2",0.163729917706969,0.267449638357017
"TAAGCGTAGTCATGCT-1_2",0.188612583138003,0.238818331948363
"TAAGCGTTCTCTAGGA-1_2",0.0290712768667871,0.203836843304212
"TAAGTCGAGCCGATTT-1_2",0.183987703528728,0.279402556616988
"TAATCTCGTATGCAAA-1_2",0.143480807510907,0.240965297627245
"TAATTCCGTGTACATC-1_2",0.17056792021535,0.199727876937708
"TAATTCCTCACACCCT-1_2",0.18187573066149,0.28687907840236
"TACAACGCACTATCGA-1_2",0.173415981719686,0.249768989385666
"TACAACGGTACGTTCA-1_2",0.105395833925076,0.174343272227167
"TACAACGGTGGCTGCT-1_2",0.196062440590365,0.292927395519278
"TACATTCCAATGCAAA-1_2",0.0630023053512413,0.165879994795081
"TACATTCGTCTTGTCC-1_2",0.180727322655565,0.272324559424879
"TACATTCTCCGCGATG-1_2",0.196627108346105,0.280646514875989
"TACCCACAGACGCATG-1_2",0.156461533776669,0.185470327163327
"TACCCACCAGAACCGA-1_2",0.200620534536961,0.254004997087336
"TACCCACCAGATACCT-1_2",0.193795688038167,0.258246844887509
"TACCCACTCCACCTGT-1_2",0.178681703007731,0.287581796351197
"TACCCACTCTAGCCAA-1_2",0.186384365195597,0.233122091749328
"TACCCGTTCAATCTCT-1_2",0.162322910418121,0.270849307253222
"TACCGAAAGGTGCAGT-1_2",0.194120688535637,0.303336356340381
"TACCGGGAGTCCCAGC-1_2",0.182769841359621,0.253037629967469
"TACCTGCCAACACAGG-1_2",0.150438391765443,0.242054472219524
"TACCTGCTCTGCTCTG-1_2",-0.141763271376031,0.0706756773594957
"TACGCTCCAAGTGCAG-1_2",0.202664357166323,0.224120947304528
"TACGCTCGTCTTCAAG-1_2",0.0413492052557554,0.205401794452644
"TACGGTAAGATGAACT-1_2",0.156992026404726,0.232211015712209
"TACGTCCAGTGTACAA-1_2",0.211490680808534,0.237349187251458
"TACGTCCCAAACGGCA-1_2",0.143521359705988,0.179087750487791
"TACTGCCCAGGGCTTC-1_2",0.141130377984098,0.233979600305768
"TACTTACAGCGACTGA-1_2",0.106648740627699,0.164923862629468
"TACTTACCAAGTGCTT-1_2",0.228471848361734,0.262452396177808
"TACTTACTCGTAGGGA-1_2",0.170399013497789,0.212046599885279
"TACTTCAAGATGTTAG-1_2",0.162633727048827,0.219134129485289
"TACTTCAAGTGAGGTC-1_2",0.178125127104384,0.30071803641436
"TACTTCAGTCCTTAAG-1_2",0.158941625017049,0.258565732177772
"TACTTCAGTGATAGAT-1_2",0.0467282020751723,0.203039446952507
"TACTTGTGTAACTAAG-1_2",0.204419290473424,0.230552480110078
"TACTTGTTCATGAGTC-1_2",0.177297969595271,0.216920732011733
"TACTTGTTCTTGCGCT-1_2",-0.0144254131690508,0.149277320416208
"TAGAGTCCAAAGGCTG-1_2",0.0281641111335179,0.166974399061858
"TAGAGTCGTTCCCACT-1_2",0.190770306418251,0.248612411061914
"TAGAGTCTCTTGATTC-1_2",0.171205277760439,0.239777926665211
"TAGATCGAGCATTTGC-1_2",0.179038603630395,0.294406551900137
"TAGATCGGTATGAGGC-1_2",0.0648154877732653,0.130454214761578
"TAGATCGTCCTCAGAA-1_2",0.12808120997396,0.162768405784921
"TAGATCGTCGCTTAAG-1_2",0.0210301745530475,0.198007200200573
"TAGCACAAGGCCTTGC-1_2",0.197083538325879,0.244170655585364
"TAGCACATCCACAAGT-1_2",0.180231359727173,0.240193531025663
"TAGGAGGAGAGGGTGG-1_2",0.189009585443881,0.224027707272129
"TAGGAGGGTGAGCAGT-1_2",0.177755526146527,0.279155343612025
"TAGGGTTGTACATACC-1_2",0.171669031761784,0.222758688897317
"TAGGGTTGTAGGGTAC-1_2",0.0339346064265621,0.0976103120868287
"TAGGGTTGTGAATTGA-1_2",0.200939500939675,0.235323792879412
"TAGGTTGTCGCCTTTG-1_2",0.180580028827964,0.246686071855013
"TAGTGCAAGAGCAGAA-1_2",0.166153542750207,0.226229696962934
"TAGTGCACAAGAGTGC-1_2",0.203556335495214,0.232532438671274
"TATACCTAGGCCCACT-1_2",0.152715877552533,0.222040821582369
"TATATCCTCATGAGTC-1_2",0.0180275906398196,0.202009094552675
"TATCAGGAGAAATTGC-1_2",0.201787966881029,0.241762425708079
"TATCAGGAGTTCGCAT-1_2",-0.0829984934508773,0.0709638434487517
"TATCAGGTCTTGGTGA-1_2",0.192434057161654,0.303014417657659
"TATCGCCAGGAATTAC-1_2",0.201902498291759,0.2422552518485
"TATCGCCCAGGAACCA-1_2",0.184111007166707,0.251135286899299
"TATCTGTCAATTGGTC-1_2",0.124154932571053,0.132526315663065
"TATCTGTCAGACCCGT-1_2",0.191379458856347,0.227460910576336
"TATCTGTTCCCTCAAC-1_2",0.191674062769585,0.219011812521376
"TATCTTGAGTCATACC-1_2",0.176070850536215,0.283634970415004
"TATTCCAAGCCGGAAT-1_2",0.184753054230294,0.2519296064207
"TATTCCACAGTAGTTC-1_2",0.185336968901482,0.253644785269115
"TATTCCATCCATCTAT-1_2",0.161306732206941,0.243843946200671
"TATTCCATCTGGGCGT-1_2",0.202764798214327,0.225181795453377
"TATTGGGAGCATGATA-1_2",0.0196418188181799,0.192603646608382
"TATTGGGAGTCGAATA-1_2",0.192258730052166,0.220056168513481
"TATTGGGCATCCGTTC-1_2",0.192150942981223,0.259404805600794
"TATTGGGGTGATTAGA-1_2",0.158495881806546,0.237043446464444
"TATTTCGAGCCTCTTC-1_2",0.150036668239656,0.225675319975109
"TATTTCGAGGTTGGAC-1_2",0.172552239703633,0.241392894915341
"TATTTCGAGTAGGATT-1_2",0.157955180647606,0.24327742974967
"TATTTCGTCTTGGCTC-1_2",0.154674226927157,0.232848031942366
"TCAAGACCACTCATAG-1_2",0.0183545457540951,0.203669028946734
"TCAAGCAAGAATAACC-1_2",0.0556074050400578,0.194605734696605
"TCAATCTCAAAGTGTA-1_2",0.184355237015397,0.279995797457033
"TCAATTCAGCTCGCAC-1_2",0.196827416897321,0.286702493321199
"TCAATTCGTTTGGCTA-1_2",0.0517592000215649,0.199441644869658
"TCAATTCTCGTGGACC-1_2",0.189887686194851,0.247666889647016
"TCACAAGAGTATGGAT-1_2",0.196815756727365,0.288949994866668
"TCACAAGGTGGTTCTA-1_2",0.158091687543896,0.218489291536904
"TCACGCTCACGACCTG-1_2",0.166372079487229,0.243626820464945
"TCACGCTCATGGCCCA-1_2",0.175197587473214,0.282415310495601
"TCACGCTTCACCACAA-1_2",0.201813741203441,0.264374892355024
"TCACGCTTCAGCATTG-1_2",0.189076963033035,0.26179570734039
"TCACGGGAGGACAAGA-1_2",0.196852588600569,0.216943552438485
"TCACGGGCAATCGCGC-1_2",0.213756416218224,0.236449745399645
"TCACTCGCAAAGGAGA-1_2",0.182834990523928,0.252303638208994
"TCACTCGTCGGCTGTG-1_2",-0.0242425635834317,0.14709627421061
"TCAGCAACACACCGCA-1_2",0.16339611844153,0.273011074233631
"TCAGCCTCAAACAGGC-1_2",0.230826658428182,0.265620262325107
"TCAGCCTCAACAGCCC-1_2",0.185762437935962,0.248047884693768
"TCAGCCTCACCAAAGG-1_2",0.212679145354754,0.239914320993344
"TCAGGGCCACCTGCAG-1_2",0.18560864028566,0.258779420006236
"TCAGGTAGTCTCCCTA-1_2",0.177204062978661,0.30163774221826
"TCAGGTATCCGTGCGA-1_2",0.170449710478787,0.227819548492164
"TCAGGTATCTCCGTGT-1_2",0.200115674832113,0.262970092381304
"TCAGTCCGTGACATCT-1_2",0.162271317788777,0.207003658941652
"TCAGTGAAGGATGAGA-1_2",0.229473485263324,0.262212913754512
"TCAGTGACACTTGACA-1_2",0.0170955025278475,0.19080639146252
"TCAGTGACATTGCTTT-1_2",0.176644613453678,0.239570675898097
"TCAGTGAGTGTTCGAT-1_2",0.218767726421847,0.25142655307733
"TCAGTTTAGTCCCTAA-1_2",0.187802394418372,0.254831639325793
"TCAGTTTCAAAGCACG-1_2",0.162856616666267,0.24180061693003
"TCATACTCAACAGTGG-1_2",0.17349717786138,0.197190876847939
"TCATACTCAGCTCGGT-1_2",0.182228630483377,0.242112534433243
"TCATCCGTCCAAGAGG-1_2",0.168262458532224,0.23665807552454
"TCATCCGTCCGCGAGT-1_2",0.184832876166037,0.240472431061585
"TCATGAGAGATCGACG-1_2",0.192248980331265,0.249251375974498
"TCATGAGAGCAGCCCT-1_2",0.042770801554215,0.113720723913923
"TCATGAGAGGGCAAGG-1_2",0.146374062687441,0.238537818258578
"TCATGAGAGGTAAGAG-1_2",0.160066531023777,0.23706665723292
"TCATGAGAGGTTCTTG-1_2",0.0235856453190901,0.198146932946149
"TCATGAGTCCATCTCG-1_2",0.126222904060136,0.186042068030444
"TCATGCCAGTCTAGAA-1_2",0.151726614851947,0.24642867865711
"TCATGGAAGAGAATCT-1_2",0.170437068177044,0.278372388834208
"TCATGGAAGGGAGATA-1_2",0.175602607784338,0.238953424442213
"TCATGGATCAGCCTCT-1_2",0.19527340283816,0.28556867054702
"TCATGGATCTTGGAAC-1_2",0.15947475995635,0.250243661558153
"TCATGTTGTAGAATGT-1_2",0.102966466098258,0.0972593385501773
"TCATGTTGTCAGCTTA-1_2",0.158708462675512,0.248648594540026
"TCATTACAGTTCCAGT-1_2",0.165695780587241,0.246804889106893
"TCATTACCAACTGTGT-1_2",0.173076535177466,0.250183234643819
"TCATTACGTGAGTAAT-1_2",0.182944086550491,0.232329256877164
"TCATTGTCACAAGCTT-1_2",0.225301169281078,0.261715783141961
"TCATTGTGTTATAGCC-1_2",0.061330015299788,0.12716861920279
"TCATTTGGTAGGGAGG-1_2",0.165219024148241,0.278457529319446
"TCATTTGTCCACTTTA-1_2",0.160286408371264,0.245559069752749
"TCATTTGTCGCTGACG-1_2",0.162475372942464,0.221860688747121
"TCCACCAAGACCAGCA-1_2",0.12230672588002,0.126803787374882
"TCCACCAAGCATTTGC-1_2",0.173852954680262,0.282540614844602
"TCCACCAAGGGTAGCT-1_2",0.155255083883685,0.246823105377457
"TCCACCAGTACAAAGT-1_2",0.184178261487057,0.233085146433003
"TCCACCAGTGTGCCTG-1_2",0.163076739729284,0.24508831017969
"TCCACCATCGAGAGAC-1_2",0.19227237683097,0.283358993074261
"TCCACGTTCTAAGGAA-1_2",0.163080747531835,0.21321310512527
"TCCAGAAAGGAGAGGC-1_2",0.127934213145394,0.147960825525575
"TCCAGAACATACTGTG-1_2",0.16589786262592,0.240692250947147
"TCCAGAAGTTCACGAT-1_2",0.174288094166094,0.24451550278123
"TCCAGAATCATTGTTC-1_2",0.229431753093624,0.260518245183457
"TCCATCGCATTAGGCT-1_2",0.228718142424474,0.261734316342598
"TCCATGCCAACTGATC-1_2",0.184277612340003,0.271797259116042
"TCCATGCTCAAAGGTA-1_2",0.061340289807169,0.128072062549685
"TCCCACAAGTTGGGAC-1_2",0.0456505245359642,0.181608540908046
"TCCCACACATCCAACA-1_2",0.171859691633049,0.257690346807374
"TCCCACAGTTTACCTT-1_2",0.115681062986587,0.194094312079109
"TCCCACATCACTCACC-1_2",0.165284270354025,0.225007698992962
"TCCCACATCATGGTAC-1_2",0.168413022693436,0.24521429864836
"TCCCAGTAGGCCATAG-1_2",0.167399389321957,0.265840759758839
"TCCCAGTTCCGCACTT-1_2",0.132499475429748,0.226089166777491
"TCCCAGTTCCGGCTTT-1_2",0.167225952086456,0.230828535369572
"TCCCATGAGGCGACAT-1_2",-0.0541242366351487,0.0458414780075771
"TCCGAAAAGTCATGGG-1_2",0.204984705705513,0.24675768130494
"TCCGAAATCATCGCAA-1_2",0.185054690665484,0.294021129013148
"TCCGATCTCGGCTGAC-1_2",0.172659638761399,0.295930629327852
"TCCGGGAGTTAGTTCG-1_2",0.135027455695778,0.207304254463335
"TCCGTGTGTCAAATCC-1_2",0.170904375394341,0.26116401146519
"TCCGTGTTCAGGCGAA-1_2",0.166010793233616,0.217012364606381
"TCCTAATTCCAGCCTT-1_2",0.172503231912714,0.229780206539279
"TCCTCCCCAACTAGAA-1_2",0.171146151069256,0.238221331071096
"TCCTCTTTCACGATCA-1_2",0.174828235831175,0.250433025278641
"TCCTGCAAGTGTTGAA-1_2",0.184312490916784,0.302947967090152
"TCCTTTCAGGCATCTT-1_2",0.187113555948096,0.248741984757659
"TCCTTTCAGGTTCCAT-1_2",0.155674203413072,0.221014487216918
"TCCTTTCCAGCTTCCT-1_2",0.00946986714030441,0.160262734163164
"TCGAACAGTACAGTTC-1_2",0.220161717767795,0.244207831246661
"TCGAAGTAGCTCCACG-1_2",0.159065143840482,0.252022581237597
"TCGAAGTAGGATTACA-1_2",0.163675699265905,0.274445490604891
"TCGAAGTTCTGCGATA-1_2",0.0577248106969459,0.204059823394322
"TCGACCTGTCGAGATG-1_2",0.201455535468904,0.243011143411072
"TCGACCTTCTAGCAAC-1_2",0.163468929996732,0.232910929041045
"TCGACGGTCTTAGTTC-1_2",0.197435805541714,0.235163162588341
"TCGATTTCAAGTGCAG-1_2",0.140483990453031,0.235440559091127
"TCGATTTGTAGGCAAC-1_2",0.18265517468205,0.239145403770653
"TCGATTTTCACGATAC-1_2",0.212794578838463,0.247659316966158
"TCGATTTTCCCGAGTG-1_2",0.192659548748256,0.27522624998998
"TCGCACTAGCCGTTAT-1_2",0.0183704663601238,0.191711073875243
"TCGCAGGGTGAAGCGT-1_2",-0.0768269669775018,-0.0280007836442296
"TCGCAGGTCATCGCTC-1_2",0.182328277700586,0.206780442216906
"TCGGATATCAAGATAG-1_2",0.159367046803394,0.244605356367651
"TCGGGACAGAGTAACT-1_2",0.15776475899742,0.245446243219598
"TCGGGCAAGCATAGGC-1_2",0.175706678235569,0.252322103879302
"TCGGGCACATTCGATG-1_2",0.173377270793074,0.247753165016671
"TCGGGTGGTCGCAACC-1_2",0.226538269711087,0.257110403333541
"TCGGGTGGTGATCATC-1_2",0.178852410831809,0.283552205513473
"TCGGTCTCATTCACAG-1_2",0.167723957496004,0.201772389959176
"TCGTAGAAGTAACGAT-1_2",0.199791026704168,0.236464062022875
"TCGTCCAGTGATGTAA-1_2",0.007862525646034,0.106221094665764
"TCGTCCAGTTCTCCAC-1_2",0.167516560102661,0.238833920568828
"TCGTCCATCCCGAACG-1_2",0.210231233062289,0.23367645686725
"TCGTGCTAGAAGCGGG-1_2",0.18301760575741,0.255599081903284
"TCGTGCTAGTACAGAT-1_2",0.207046213565593,0.266991747338881
"TCGTGGGCAATAGGGC-1_2",0.0195671134576901,0.202355909383112
"TCGTGGGGTGAATAAC-1_2",0.139675630368773,0.233125892011623
"TCGTGGGTCATCGGGC-1_2",0.17263843010221,0.249451193453667
"TCTAACTAGGGCAGTT-1_2",0.161706877319318,0.226052336422094
"TCTACATAGTTTGGCT-1_2",0.11529146476707,0.175227162682099
"TCTACATCATGTTCGA-1_2",0.164785514692105,0.227978128798237
"TCTACATGTGTGTGTT-1_2",0.195326912986148,0.300366029720222
"TCTATACAGATGGCAC-1_2",0.194854266539172,0.260448318954579
"TCTATCAGTTCCTACC-1_2",0.17648745106235,0.249433863889866
"TCTATCATCATGCTAG-1_2",0.201008890897685,0.223958508169658
"TCTCACGAGTGAACAT-1_2",0.178895266888192,0.27950867176063
"TCTCACGGTCCTGGTG-1_2",0.188909533364128,0.252792042100604
"TCTCAGCGTTGGATCT-1_2",0.187867228337732,0.305068340633651
"TCTGCCAAGATGCTTC-1_2",0.15737738204549,0.268605344954831
"TCTGCCATCTCTTAAC-1_2",0.190036321229652,0.254357854696211
"TCTGGCTAGATAGTGT-1_2",0.179641026106052,0.212914557800325
"TCTGGCTAGCAACTCT-1_2",0.209518411981007,0.233429799418113
"TCTGGCTCAAATCGGG-1_2",0.174105826759663,0.238360533082
"TCTGGCTTCCACCTCA-1_2",0.205211231877125,0.229144530186925
"TCTGTCGCACATTACG-1_2",0.162010517001531,0.264150217130111
"TCTGTCGGTGCCCGTA-1_2",0.191588343730403,0.279509655086411
"TCTGTCGTCAGCGGAA-1_2",0.155966070493775,0.216423930430255
"TCTTCCTCAGCTGCCA-1_2",0.202900162562807,0.260387269714287
"TCTTGCGGTAATCAAG-1_2",0.173629553967809,0.234084499565419
"TCTTTGATCGGCCTTT-1_2",0.214466246921749,0.258712004691737
"TGAATCGGTTGCGGCT-1_2",0.0830076265940293,0.0893276076923794
"TGAATGCGTCGCATGC-1_2",0.214662742763993,0.23645408853177
"TGAATGCGTGATGGCA-1_2",0.183011684938823,0.27564736103883
"TGACAGTCAAATGGCG-1_2",0.168747082517418,0.249806224236306
"TGACAGTCATGACACT-1_2",0.166311642424217,0.272857651587257
"TGACCCTCACCACTGG-1_2",0.205937007149493,0.250887009687275
"TGACCCTCATCGGTTA-1_2",0.182952391927666,0.294218212179061
"TGACCCTGTATTTCCT-1_2",0.190451776115675,0.277637742986886
"TGACCCTGTGCTTCAA-1_2",0.0447996690654019,0.188570635060184
"TGACCCTTCTTCGCTG-1_2",0.188415977440719,0.218374046321106
"TGACGCGGTAAGATAC-1_2",0.191049009788161,0.227988161820197
"TGACTCCCATGGAAGC-1_2",0.0783222655495546,0.144052214014224
"TGACTCCGTCGCAGTC-1_2",0.205778434671574,0.23695308003448
"TGACTCCTCCGGTAAT-1_2",0.190418998986003,0.235147355460968
"TGAGACTAGCGGGTTA-1_2",0.152824343409846,0.225458850968236
"TGAGCATAGCCTGAGA-1_2",0.0209362714499195,0.194148814307301
"TGAGCATCACAAACGG-1_2",0.203076070137598,0.22790346606737
"TGAGCATTCGCATAGT-1_2",0.166879312394869,0.242673555135407
"TGAGCGCGTGTTCGAT-1_2",0.17209769096366,0.249884222022879
"TGAGGAGGTAGTCCTA-1_2",0.164375194775473,0.225777861935341
"TGAGGAGGTAGTGTGG-1_2",0.177120371008327,0.262024917113386
"TGAGGAGGTATCACGT-1_2",0.166568355981083,0.278336929069974
"TGAGGAGGTGTCATGT-1_2",0.174596182808354,0.283661966630263
"TGAGGAGGTTATCCAG-1_2",0.103878585080543,0.0969482417703179
"TGAGGGAAGGACCCAA-1_2",0.0340242843474125,0.205362015156477
"TGAGGGAAGGCATCAG-1_2",0.188432979169199,0.284413888819928
"TGAGGGAGTGAGTCAG-1_2",0.191525131677287,0.273885867892691
"TGAGGGATCTTTCTAG-1_2",0.205022288088379,0.229929602419787
"TGAGTCACAACCTATG-1_2",0.174494047238228,0.205158934052903
"TGAGTCACAGCTACAT-1_2",0.159086883315975,0.232909426399219
"TGAGTCATCCCGAGGT-1_2",0.206995329831116,0.234465350966599
"TGATCAGAGCTAATGA-1_2",0.198620749793233,0.292537280389057
"TGATCAGAGTGTTGAA-1_2",0.173095484434254,0.231611006843656
"TGATCAGGTATGAGGC-1_2",0.187014673396512,0.283127380663777
"TGATCTTAGACGCCCT-1_2",0.188186216726681,0.234439066475659
"TGATCTTCATTCGGGC-1_2",0.175989585226853,0.250652981183774
"TGATCTTGTTTCACAG-1_2",0.10956738564558,0.169924010703818
"TGATCTTTCGTAATGC-1_2",0.153611564409127,0.212556028743787
"TGATGCACAAGTTCCA-1_2",0.174481202516021,0.291166777263988
"TGATGCACACCGGTCA-1_2",0.190152601424725,0.250298228681399
"TGATGCACAGGAGGAG-1_2",0.0619276135991261,0.166417457032402
"TGATGGTGTGAGATAT-1_2",0.183148985152011,0.297197163288719
"TGATTCTGTTGGGAAC-1_2",0.173526797097628,0.221052868016828
"TGATTCTTCCGCACTT-1_2",0.0952764229964438,0.156848719989444
"TGATTCTTCGCCTTTG-1_2",0.156219836260097,0.244668743932641
"TGCACGGGTGCGACAA-1_2",0.080707237009704,0.150982898305512
"TGCAGATAGACGGATC-1_2",0.183773626788283,0.215561195642242
"TGCAGATAGGGCAAGG-1_2",0.0453275596741267,0.10631172870616
"TGCAGATGTACTGGGA-1_2",0.175091781450446,0.285323746951122
"TGCAGATGTTCATCGA-1_2",0.13836995995953,0.226164282358763
"TGCAGATTCTGGGCAC-1_2",0.163682913438846,0.213064224354019
"TGCAGGCGTCAGGTAG-1_2",0.172182347002577,0.254429956267468
"TGCAGGCGTTGATGTC-1_2",0.0166961682653386,0.195107596240365
"TGCAGGCTCCACGTCT-1_2",0.175841467238966,0.247747264380399
"TGCAGTAAGGTGTGAC-1_2",0.170741641287873,0.232774598563677
"TGCAGTACACACCAGC-1_2",0.185657305389671,0.2934751540667
"TGCAGTACATAGCACT-1_2",0.184337550460456,0.255413684640483
"TGCATCCAGGCTGTAG-1_2",0.166988713168752,0.270954445237702
"TGCATCCCACCAACAT-1_2",0.184028184564416,0.274198599906896
"TGCATCCGTCTCGCGA-1_2",0.19493375487942,0.284404354168207
"TGCATGATCGACGTCG-1_2",0.0453928818441671,0.187993660269623
"TGCGATAAGTGAATAC-1_2",0.203902969006596,0.229636902171354
"TGCGATAGTACAAGTA-1_2",0.0625128503868077,0.164961565113861
"TGCGGCATCGCTAGCG-1_2",0.175447204357924,0.20187074860968
"TGCGGGTTCGACCTAA-1_2",0.188713277070429,0.222130884061826
"TGCTCCAGTTTCCAAG-1_2",0.175408516025846,0.234489594582626
"TGCTCGTAGGTAACTA-1_2",0.148407658948725,0.203065497549501
"TGCTCGTTCTAGATCG-1_2",0.0669270296371219,0.14237242568472
"TGCTCGTTCTATGTGG-1_2",-0.0436713824533798,-0.0501732593337866
"TGCTGAAAGCTGAGCA-1_2",-0.144872661217379,0.0510849494720738
"TGCTGAAAGGCCCAAA-1_2",0.19447058785442,0.221072626276625
"TGCTGAAAGTCGTTAC-1_2",0.0344288722958132,0.10540573510521
"TGCTGAACAGAAATTG-1_2",0.213978610851687,0.239489636073651
"TGCTGAATCAGCCTCT-1_2",-0.0717741584273057,0.0690079641223949
"TGCTGAATCTTGTGCC-1_2",0.228145214201891,0.260684330553199
"TGCTTCGAGGCTTCCG-1_2",0.170210029153934,0.279966861529536
"TGCTTCGTCCGAAATC-1_2",0.179391518932919,0.207308512616072
"TGCTTCGTCGCGAAGA-1_2",0.200412155686666,0.239435472070289
"TGCTTGCGTTCTGAGT-1_2",0.18243553969253,0.292131119104666
"TGCTTGCTCTCGCCTA-1_2",0.172009138061476,0.293619827965664
"TGGAACTAGATCGCTT-1_2",0.109607816752436,0.113441507714657
"TGGAGAGTCCATACTT-1_2",0.192566222947445,0.281159169045511
"TGGAGGACAGTCTTCC-1_2",0.172760387831431,0.224538221747511
"TGGATCACAACAGTGG-1_2",0.1931569932499,0.296275944592638
"TGGATGTTCCGTGGTG-1_2",0.161016770985615,0.244418543298185
"TGGCGTGAGTTAGAAC-1_2",0.199778190306274,0.289951609425047
"TGGGAGAGTTTCTTAC-1_2",0.105811539387908,0.152470106639323
"TGGGATTCACATCCCT-1_2",0.202926383381923,0.292026748559598
"TGGGATTTCCTTTAGT-1_2",0.170718325771878,0.204424971094724
"TGGGCGTCAATAGTCC-1_2",0.160219962895976,0.213386449273483
"TGGGCGTCAATGCAGG-1_2",0.186605838375983,0.217527293431952
"TGGGCTGGTTGTATGC-1_2",0.157770235937511,0.226843705801039
"TGGGTTACACGCGCTA-1_2",0.167306063651766,0.239480696936381
"TGGTAGTAGTCACTCA-1_2",0.0630444858018802,0.163774460610366
"TGGTAGTCAAAGACTA-1_2",0.184797533472416,0.210907243945446
"TGGTAGTTCCAACTGA-1_2",0.179397000775597,0.23730518959099
"TGGTGATGTCTCGGAC-1_2",0.178397478097949,0.234356287842585
"TGGTTAGAGCTTCTAG-1_2",0.16004998875717,0.230783904407816
"TGGTTAGCACTGGAAG-1_2",0.160230621312683,0.222669797981518
"TGTAACGAGCCTCATA-1_2",0.176544293303053,0.23130251497287
"TGTAACGTCTGTGCTC-1_2",0.139793360135856,0.235185672991466
"TGTAAGCTCGTGTTCC-1_2",0.169608681062062,0.248852818306988
"TGTACAGGTTACCTGA-1_2",0.181946249094905,0.238583094002012
"TGTAGACAGGCTGTAG-1_2",0.0202513347054152,0.194762934319633
"TGTAGACCATACAGGG-1_2",0.0386927896621094,0.206137443769207
"TGTCAGAGTAGACAGC-1_2",0.169771216726761,0.234399102628711
"TGTCAGATCAGACATC-1_2",0.115727302389893,0.181980399933635
"TGTCAGATCATTCGTT-1_2",0.188282465893475,0.290538585240527
"TGTCAGATCCTAGCTC-1_2",0.179676151271507,0.27231890197107
"TGTCAGATCGCTGCGA-1_2",-0.0418740562692064,-0.0568500424699567
"TGTCCACAGACGAAGA-1_2",0.160891112278763,0.237977316772545
"TGTCCACCATAGATCC-1_2",0.0353021779386394,0.188777842943942
"TGTCCCAAGGCTTTCA-1_2",0.168152018192898,0.23715139885482
"TGTCCCAGTGAGACCA-1_2",0.182233602048763,0.24668489711752
"TGTCCCAGTTCAACGT-1_2",0.189679735596483,0.215259347262833
"TGTGAGTGTATGCAAA-1_2",0.193401870239773,0.283846074213873
"TGTGAGTGTCTAACTG-1_2",0.150206078677121,0.241259369271977
"TGTGATGGTAGGAGTC-1_2",0.182086289792688,0.251469657905707
"TGTGCGGTCCCGAACG-1_2",0.104308925356495,0.108131781832653
"TGTGGCGCACACTGGC-1_2",-0.239549095205821,0.021151202349266
"TGTGGCGCACAGTGTT-1_2",0.055955281752242,0.118608392431244
"TGTGGCGGTATCGATC-1_2",0.163200667046454,0.243754310026535
"TGTGTGAAGCAGCCTC-1_2",0.170344669801913,0.249949785571924
"TGTGTGAAGGAAGTCC-1_2",0.199580710800504,0.295191893253717
"TGTTACTAGGTGTGAC-1_2",0.167745463603651,0.237133550396435
"TGTTCCGAGCCACCGT-1_2",0.0207819390151783,0.201231752120072
"TGTTCCGTCCCAGCGA-1_2",0.173108291246968,0.291810138998361
"TGTTCCGTCCTTCTAA-1_2",0.151505355733333,0.233779654538672
"TGTTCTAAGCGCCGTT-1_2",0.194412394305312,0.219004347260462
"TGTTCTAGTACCCAGC-1_2",0.217362650674545,0.243570975414557
"TGTTCTATCGCATTGA-1_2",0.167886368597647,0.240174987584197
"TGTTCTATCTGTGCGG-1_2",0.182053905124752,0.217063803565893
"TGTTGAGAGCACGTCC-1_2",0.155312236136243,0.235575215695571
"TGTTGAGAGGATGGCT-1_2",0.192526293503794,0.277098963545501
"TGTTGGAGTACAATAG-1_2",0.187488101763424,0.284039781997467
"TGTTTGTAGACAGCTG-1_2",0.170899720324082,0.280923050336813
"TGTTTGTAGATAGTCA-1_2",0.170914955734247,0.188294023677336
"TGTTTGTGTAAGTAGT-1_2",0.045627998427261,0.186664124263686
"TGTTTGTGTCCCACGA-1_2",0.0544525018235301,0.197836053615998
"TGTTTGTTCATGTCAG-1_2",0.225721091569908,0.254916969842279
"TTAATCCCACACACTA-1_2",0.11376903433323,0.177294431041353
"TTAATCCTCCGTGTAA-1_2",0.219365757102944,0.248483665485679
"TTAATCCTCTTTGATC-1_2",-0.0304314914024138,0.0766421804427189
"TTACAGGTCTAAGGAA-1_2",0.157597299860802,0.209660777798364
"TTACCATAGTAAGAGG-1_2",0.18772763871834,0.277383203782061
"TTACCATCAGAGTTCT-1_2",0.198244886183207,0.293691128842687
"TTACCATTCATTCGTT-1_2",0.181128305322509,0.299512837024465
"TTACCATTCTTGGTCC-1_2",0.18366586074937,0.247204989081313
"TTACCGCCACATTCTT-1_2",0.181257213824494,0.276410356497008
"TTACCGCTCCGTAGGC-1_2",0.20949444623141,0.240407434385853
"TTACCGCTCTCTTCAA-1_2",0.188999602879776,0.274381594060985
"TTACGCCTCTCAGTCC-1_2",0.21042733543082,0.236301419610289
"TTACGTTTCCTACTGC-1_2",0.16227662935538,0.199445607150002
"TTACTGTAGGAACGTC-1_2",0.213818138655523,0.249875170814252
"TTACTGTCAAGCCTGC-1_2",0.176830659062869,0.300968599403705
"TTAGGCAAGCGCTGCT-1_2",0.192966111250176,0.219058916989828
"TTAGGCAGTCCTGGGT-1_2",0.200399621360342,0.222768496438999
"TTAGGGTGTTCGGCTG-1_2",0.164672290610368,0.230005277013121
"TTAGTCTGTTAGGAGC-1_2",0.218429162933647,0.2451146793246
"TTAGTCTGTTTGGAGG-1_2",0.184075891584959,0.299706998501504
"TTAGTCTTCAGATTGC-1_2",0.175043016165291,0.243446159162103
"TTAGTCTTCAGCAGAG-1_2",0.1624209215818,0.255736589060855
"TTATTGCCACCAAAGG-1_2",0.165387607138633,0.214219397118354
"TTCAATCAGTACCATC-1_2",0.193654146987775,0.299310456924478
"TTCACGCTCATTTCCA-1_2",0.192688223562414,0.217963032514166
"TTCAGGAGTCACGTGC-1_2",0.169736632405926,0.243445931680115
"TTCAGGAGTTTGGGTT-1_2",0.221648804342837,0.246688725268651
"TTCATGTTCCAACTGA-1_2",0.0188905888519833,0.204763993021673
"TTCATGTTCCACAGCG-1_2",0.170838196753151,0.252225244991547
"TTCATGTTCGGCATAT-1_2",0.174247124398608,0.234333785016261
"TTCATTGCAGTGGCTC-1_2",0.166696016691771,0.244358530664107
"TTCATTGCATCGAACT-1_2",0.187810410640523,0.298605786055352
"TTCATTGCATGCCGGT-1_2",0.163903145761276,0.244127674654098
"TTCCAATCACATCATG-1_2",0.156169745774141,0.22497647229235
"TTCCAATGTCGTTTCC-1_2",0.198698260471803,0.276645749872151
"TTCCAATTCTTGAACG-1_2",0.192682946633865,0.287841523907034
"TTCCACGGTGTCCGGT-1_2",0.158607701163005,0.234264559806626
"TTCCACGTCAGCGCGT-1_2",0.168715107393467,0.283961574178759
"TTCCACGTCTACGCGG-1_2",0.192082224012689,0.238284654466517
"TTCCGGTGTCTCGGGT-1_2",0.165633487011222,0.242221427113226
"TTCCTAAGTACAGTAA-1_2",0.190695534496254,0.239835807157726
"TTCCTCTCATGGCTGC-1_2",0.0158879924294887,0.173340134245296
"TTCCTCTGTGCCCAGT-1_2",0.1580748585747,0.248786357966168
"TTCCTCTTCAAGATAG-1_2",0.0451311044497032,0.186428282398778
"TTCCTTCCAGACATCT-1_2",0.169052300671026,0.225514784256181
"TTCCTTCCAGTGTGGA-1_2",0.189202597576382,0.279136112030139
"TTCGATTTCGGTGTAT-1_2",0.160561512735661,0.220541017984353
"TTCGCTGCAGGCGATA-1_2",0.188381325005739,0.286286728458872
"TTCGCTGTCCTCTAAT-1_2",0.0826209387220393,0.0776037603618184
"TTCGGTCGTGAGACCA-1_2",0.157129527143091,0.257020299258536
"TTCTAACTCCGAGTGC-1_2",0.0121148680434383,0.106293427957667
"TTCTAACTCTTCGTGC-1_2",0.190212754207045,0.217344302554967
"TTCTAGTAGAGACAAG-1_2",0.170042775477418,0.239435158316848
"TTCTAGTGTCGCGGTT-1_2",0.1711675837498,0.233785397708168
"TTCTAGTTCCGATGTA-1_2",0.168215620185105,0.234543522725259
"TTCTAGTTCTATGCCC-1_2",0.171839763050574,0.251767553603057
"TTCTCTCAGGGCAGTT-1_2",0.169912441120762,0.237554621039661
"TTCTCTCCAACACGTT-1_2",0.157360037974426,0.22537807935216
"TTCTCTCCAAGCCATT-1_2",0.0218467664532632,0.196941984797188
"TTCTCTCGTCCACGCA-1_2",0.180879740930277,0.266190883316387
"TTCTCTCGTTAGAAGT-1_2",0.185729422732181,0.251197502761355
"TTCTCTCTCCACGTAA-1_2",-0.214311379357568,0.0342740597465611
"TTCTGTAAGAAGAGCA-1_2",0.20722060943806,0.243876585601558
"TTCTTCCCAAACTCGT-1_2",0.185628346756226,0.232161721612045
"TTCTTGAAGAGGCTGT-1_2",0.164297750577827,0.242947453179756
"TTCTTGAAGTTCCGGC-1_2",0.172514485489798,0.230697583204914
"TTCTTGACACGCTTAA-1_2",0.173892179191212,0.236343715157773
"TTGAACGAGAATCGCG-1_2",0.0354339959754238,0.176264186996955
"TTGAACGAGCCAACCC-1_2",0.143890789479819,0.238864099108285
"TTGAACGAGGATACCG-1_2",0.203452720137172,0.227063916790605
"TTGAACGAGTATGTAG-1_2",0.0561886738957157,0.205389121269716
"TTGAACGCAGTCCCGA-1_2",-0.038553335915831,0.0740333035352003
"TTGAACGGTATCCCAA-1_2",0.224841873647121,0.253706674951763
"TTGAGTGTCGACACTA-1_2",0.194531044780292,0.256482694424941
"TTGATGGGTGAGTGAC-1_2",0.0453558170769502,0.196782122635601
"TTGCATTTCAACACGT-1_2",0.110677283697023,0.177485045317114
"TTGCCTGCACGGGCTT-1_2",0.224209886279983,0.249765148564039
"TTGCCTGCATGGAAGC-1_2",0.166992806406472,0.248660949357485
"TTGCCTGGTTCCGCAG-1_2",0.0659560332596554,0.199767848798834
"TTGCGTCAGAAAGCGA-1_2",0.139929638602284,0.234986150178075
"TTGCGTCCAAACTGCT-1_2",0.158159101207369,0.218119812376031
"TTGCGTCCAGCAGTAG-1_2",0.15787180601197,0.192482957782574
"TTGCGTCGTCGCCACA-1_2",0.182126351060287,0.211789207793578
"TTGCGTCTCCGACGGT-1_2",0.168889558160756,0.244560928345182
"TTGCTGCGTAATGCTC-1_2",0.161867069113425,0.244307364846224
"TTGGGATAGAAGAGCA-1_2",0.0788039892770322,0.15192220051724
"TTGGGATAGCCGATAG-1_2",0.182074112590606,0.216073993076556
"TTGGGATAGCGGGTTA-1_2",0.153214382626157,0.256869943193506
"TTGGGATTCTGGTTGA-1_2",0.185533242056971,0.240057823556924
"TTGGGCGGTACGGATG-1_2",0.187933636000721,0.249588475662225
"TTGGGCGGTCATGACT-1_2",0.038916299467303,0.202486698825614
"TTGGTTTGTCACTTCC-1_2",0.170780517834495,0.227491290464536
"TTGGTTTTCAACGAGG-1_2",0.197678081956093,0.265832877064553
"TTGGTTTTCGAGTGGA-1_2",0.204388470675382,0.265079960840653
"TTGTGGATCGAATGCT-1_2",0.19464022558021,0.254718355750512
"TTGTGTTCAGTGAGCA-1_2",0.166088955120311,0.228684407680706
"TTGTTCATCGTCACCT-1_2",0.168273902737005,0.272856600012553
"TTGTTGTAGATACAGT-1_2",0.153306648600126,0.259786738776632
"TTGTTGTGTCCAGTTA-1_2",0.214963768563327,0.234258506634197
"TTGTTGTGTCTCTCCA-1_2",0.155661938496774,0.238647097697787
"TTGTTGTGTGTGTGTT-1_2",0.0580126652729078,0.115910471009999
"TTGTTTGCAAACTAAG-1_2",0.230164281158504,0.265023160830425
"TTGTTTGGTCCGGTGT-1_2",0.166754353115605,0.268875090152837
"TTGTTTGTCATCGACA-1_2",0.222443725966182,0.249315252985361
"TTTACCACACCTGCTT-1_2",0.159834026383258,0.235302867835805
"TTTACTGGTACGATTC-1_2",0.152550536942451,0.258415905560493
"TTTATGCTCTTTCTAG-1_2",0.172244056065054,0.236492035206628
"TTTCACAGTCGCTTAA-1_2",0.23117594542202,0.264124709001591
"TTTCACATCCATCTAT-1_2",0.172459986910508,0.292809952442771
"TTTCACATCGAAGTGG-1_2",0.160335185901818,0.182536831394098
"TTTCATGGTTCTCGTC-1_2",0.163708190331975,0.238834050444855
"TTTCATGTCGAGAAAT-1_2",0.146292104636806,0.190839560627193
"TTTCCTCAGTCTGGAG-1_2",0.171976835332856,0.215002694207142
"TTTCCTCCAAGCAATA-1_2",0.171106124849262,0.258161781723098
"TTTCCTCTCCGATCGG-1_2",0.143985706292998,0.181139404764434
"TTTCGATCAGGACTTT-1_2",0.0198809765301291,0.202996931437933
"TTTGATCAGGACTTCT-1_2",0.196511904105954,0.287122833199553
"TTTGATCTCCATCTGC-1_2",0.0153056457653998,0.185802019212887
"TTTGATCTCCTCTAGC-1_2",0.168187478943017,0.242665149247285
"TTTGGAGCATCCGTTC-1_2",0.185967709763726,0.295198880466503
"TTTGGAGTCGTAGGAG-1_2",0.190724334771723,0.237395359063219
"TTTGGTTCATGCTGCG-1_2",0.180286402891673,0.271768463507068
"TTTGTTGAGGCGTCCT-1_2",0.169083050905362,0.261659339968617
"TTTGTTGTCCGCTAGG-1_2",0.212030693032111,0.233599099307114
